{"train_DA_loss": [0.03498126014086402, 0.0361944450545627, 0.03343574642467651, 0.03080243787045507, 0.026306924011755797, 0.02949447971062098, 0.02669956550594603, 0.027497087910063087, 0.022831915360168847, 0.023652700503004317, 0.02296444931675355, 0.021176546975507162, 0.017356327709348588, 0.013655504291805641, 0.014847100468887054, 0.017088419035880723, 0.0216757814796604, 0.017574665357973394, 0.016581292631925242, 0.015494930981002897, 0.014547573651103695, 0.013421078686733513, 0.01280481435385766, 0.012024548315907909, 0.012260890902927523, 0.011169865943654909, 0.010087643800238641, 0.016302451831024734, 0.009298439495183759, 0.011586919830860042, 0.01525364989428432, 0.015503257736086955, 0.012048766939769716, 0.011479702147347018, 0.00888448637583288, 0.00926427964173884, 0.008450156242469193, 0.007549275541541863, 0.011155197384530573, 0.010552410482406835], "train_regression_loss": [0.1466869270646948, 0.020939396087325413, 0.021014397890669664, 0.027843491901291137, 0.01673693826738779, 0.01808052079435404, 0.015737497989238125, 0.02173300138189435, 0.008990106236707195, 0.018836284527926274, 0.01446557546569072, 0.013087750801568003, 0.010871131672869544, 0.012016034934506283, 0.00959184142365929, 0.015554282569941099, 0.01685036282979592, 0.008921326441142088, 0.0067670792498722866, 0.005531177201378116, 0.0045941740132262165, 0.0039408253582443025, 0.003468025966727905, 0.0030641165209535706, 0.0027632773807016926, 0.002641763443415014, 0.004883616006000128, 0.005513170874938096, 0.004553880435678516, 0.007280852868250644, 0.025120953901992666, 0.01055006421608697, 0.007093613804701096, 0.0059410287301401715, 0.005164851426441475, 0.0045452377387753245, 0.0036655814575041615, 0.0025845064198039814, 0.004364564579186222, 0.0021447291241454766], "train_mve_loss": [-0.15048835333011076, -0.1945551939690026, -0.2427597091868656, -0.23489775011482797, -0.255331400632041, -0.1903715913730522, -0.26888629911940753, -0.27594402368423926, -0.19831112909115428, -0.23840907888939875, -0.2770956102452178, -0.24041179758947773, -0.21353867423245632, -0.2863694056187513, -0.23187895906472772, -0.2802821596372716, -0.3134551707525794, -0.26525442073397487, -0.220646262958891, -0.19119726813362548, -0.16801963316130245, -0.14846810051520956, -0.13402503728866577, -0.1258381817632881, -0.12009012102535917, -0.12090442632027039, -0.18410154090176117, -0.3586440118612003, -0.34872374957396735, -0.2603530232833743, -0.23500943732136345, -0.3440012555344667, -0.3530499239944235, -0.35831932165069164, -0.3595566431390738, -0.34887737090234566, -0.2157805707898175, -0.12441157157340477, -0.18648703655285906, -0.12969868244020988], "train_r2_score": [0.5523080036012804, 0.9366075681692184, 0.9364253929255846, 0.9155545959358128, 0.949184431256217, 0.9448746491046863, 0.9521843681100466, 0.9336387875683961, 0.9727279881477904, 0.9431110963332671, 0.9560453097554982, 0.960178441565583, 0.9669280125521384, 0.9636407888895324, 0.9707748052068531, 0.9528357785218876, 0.9489679117387171, 0.9729534151988696, 0.9794725176416715, 0.9832384922614447, 0.9860764862637738, 0.9880513776489731, 0.9894921879007346, 0.990712938581778, 0.9916107329654201, 0.9919941690337708, 0.985216968973102, 0.983201587550513, 0.9861976492164493, 0.9779114902458254, 0.924208398672854, 0.9678488077913777, 0.9784756230551233, 0.9819933724948045, 0.9843205829110163, 0.986225059810638, 0.9888539507586407, 0.9921828154789515, 0.9866859368649997, 0.9934723953848635], "val_source_regression_loss": [0.02195168956171108, 0.015614317258513427, 0.032285620305168475, 0.022634241965752613, 0.012551642329538171, 0.01598601604375658, 0.025516654140775717, 0.012535320612590146, 0.009717890191115911, 0.013734980580644518, 0.01010855294976242, 0.008178416462733021, 0.008934246835923648, 0.010324383584806059, 0.00629819745103581, 0.019411766842667814, 0.011264934316513282, 0.0077431079860823815, 0.006089804971095504, 0.0048672750332876095, 0.004302124357251804, 0.0036597525217582152, 0.0032091358016374744, 0.008630641350003927, 0.005514363090719886, 0.0026425195053290528, 0.006082113154373969, 0.004606746175456085, 0.005221655713158507, 0.005550499757916867, 0.016153084349971782, 0.007944095048676186, 0.006478297901398773, 0.005610240490729862, 0.004930678928931114, 0.004167258052768398, 0.0028253979863056655, 0.01202282760309975, 0.002586583142711109, 0.0017858666951379068], "val_target_regression_loss": [0.02396257461013296, 0.01714257703787541, 0.03212548389182061, 0.02488503581549548, 0.013881530282618125, 0.01659917330392931, 0.0263966735735347, 0.01753090913820116, 0.011345905799984554, 0.014497605541461631, 0.010912075573932143, 0.008680731181904107, 0.013015048265975864, 0.009787788361169492, 0.007284287911474328, 0.023342909020242057, 0.017573373333279844, 0.01559464164266858, 0.010047735817306027, 0.011241646754685083, 0.007228557167786963, 0.0049678952038240964, 0.005635944858216975, 0.004527784662934233, 0.0067411796455094704, 0.014032935036959338, 0.009950941682003344, 0.0056857695785362886, 0.0066644348722847205, 0.006535106533077322, 0.019156686631561833, 0.011420369826115762, 0.012995106480496971, 0.01188266209821818, 0.011267582576462551, 0.005195654106408923, 0.007391941954700064, 0.020587720840438445, 0.00339326612162109, 0.0025836847784422054], "val_source_r2_score": [0.9322909411878221, 0.9519693681352722, 0.8994402316270999, 0.9304853553522469, 0.9615259348183168, 0.9512329144215615, 0.9215580943541104, 0.9618300999891284, 0.9703260745221058, 0.9578557597383865, 0.9688777152365597, 0.9750310191882404, 0.9725408376784451, 0.9683631776848555, 0.9806488606113796, 0.939252008727311, 0.9653604764813001, 0.9763167513440553, 0.9815004992467965, 0.9850659069198265, 0.9868059975366834, 0.9888026369023609, 0.9900138527946091, 0.9767446692455368, 0.9860360074617146, 0.9919034802846552, 0.981302665584213, 0.9856617140758432, 0.9838796602390278, 0.9826254172298673, 0.9501690201049937, 0.9759204982521429, 0.9801784988796312, 0.9827989149420188, 0.9846293926437414, 0.98719611296154, 0.9912477005428803, 0.960739999903341, 0.9921331103129402, 0.994506546382798], "val_target_r2_score": [0.9286468539877154, 0.9491462450417343, 0.9044712041461043, 0.9259855661394248, 0.9585257936142014, 0.9503342710234801, 0.9212281076786378, 0.9477930198762442, 0.9663305545903765, 0.9566273382704468, 0.9675599784592026, 0.9741132954420652, 0.9568621764424748, 0.9705078013159341, 0.9783136065967521, 0.9306605014663741, 0.94790322188887, 0.9514156274939706, 0.9700701250304525, 0.9641572976376188, 0.9783290980451117, 0.9852545296454315, 0.9833196797835516, 0.9864677294419159, 0.9793230664677052, 0.9441518104242306, 0.9706300451211576, 0.9831313709345941, 0.9801016486613132, 0.9804039939399763, 0.9441890975044719, 0.9668953718912767, 0.9603135484454657, 0.9670602154486446, 0.9652530299994415, 0.9845636470556357, 0.9785842890509286, 0.9390872286300331, 0.9898150589991325, 0.9923550648027526], "val_source_mve_loss": [-0.3336079033869731, -0.2516593367238588, -0.3251232727418972, -0.3137676915790461, -0.34909479640707186, -0.2799446533752393, -0.25314886245546464, -0.2185443138019948, -0.3296277009988133, -0.29595641622060465, -0.20434955479223518, -0.2807644428331641, -0.3009087556525122, -0.2232568150834192, -0.35090959185286413, -0.30542097438739824, -0.29235914236382593, -0.2370249153692511, -0.20333155650126783, -0.17916079318221612, -0.1574364147986038, -0.1348213487410847, -0.12912718159488484, -0.11354700589104544, -0.11637391555535642, -0.11061118505423582, -0.3590498958961873, -0.35711291168309467, -0.3276168900200083, -0.20968831264519994, -0.33549469294427314, -0.34937573988226395, -0.3562399348880671, -0.3596859510186352, -0.3577233115329018, -0.33082739122306243, -0.1263263211408748, -0.10207745989289464, -0.2733481062363975, -0.198910807129703],