{"train_DA_loss": [0.03928118620333441, 0.03939248122942295, 0.040489381969220244, 0.04168720605018697, 0.04006494327671349, 0.039668584780484926, 0.03765134272970927, 0.03713539038432364, 0.03841147187014385, 0.039091305163649795, 0.03992592968332702, 0.03697815784329797, 0.035059014955021346, 0.036444994520525395, 0.0356626244026902, 0.03531791904508741, 0.036069254763764914, 0.036484161558709156, 0.03748643687727028, 0.037844075182864825, 0.03912080990889499, 0.04017449732549774, 0.04120217207172235, 0.042104558842137485, 0.042525003815727, 0.04381988803350403, 0.04264992574601004, 0.042848951893243975, 0.0422491276946593, 0.04200603621220131, 0.04440571995319244, 0.04433150471986648, 0.04347959899052405, 0.043818144570402735, 0.043211354245814806, 0.04408502023006488, 0.04328763907540324, 0.044557498308269806, 0.04336621270428192, 0.04336974466767782], "train_regression_loss": [0.17848561539347035, 0.020326021231261423, 0.03010296730930752, 0.024715222421713458, 0.014291968961949486, 0.01789474185263326, 0.014476441597766915, 0.012449655240874949, 0.008283369233355035, 0.013865876734304417, 0.014441494849106975, 0.014256653304414404, 0.009861579585405003, 0.009450929876164936, 0.014585318374983844, 0.010567517868554734, 0.005202285212445902, 0.0042951899717716836, 0.005261291980052153, 0.00618743431631823, 0.005448433520337073, 0.006082209336641202, 0.005590744149723045, 0.026510566437678237, 0.0064167664650235144, 0.08129527348338864, 0.01583138900984358, 0.014092067855885303, 0.013676243154859848, 0.0118908222630225, 0.011572546941965437, 0.0087048256666769, 0.008278716412599333, 0.007279037402592041, 0.007087187551666848, 0.006456185159506702, 0.005761752781923009, 0.005613193473518167, 0.005943270006014453, 0.005640436818787464], "train_mve_loss": [-0.09829048674989499, -0.243028061195418, -0.20410192984631337, -0.25870735942636375, -0.21812238121980723, -0.2381419002042719, -0.27836637909931067, -0.24967566786344134, -0.19166570878034317, -0.2842921721229715, -0.2189414221486945, -0.3281867130909803, -0.2876650858840733, -0.2057052876466589, -0.2897818229643039, -0.21277770240683877, -0.179436134797618, -0.15957889132119946, -0.2060971996036973, -0.2201103634359332, -0.22267177089422233, -0.17493600144955096, -0.1794864669700972, -0.22868749050515444, -0.18648265723064134, -0.19070184817520638, -0.3445615190910465, -0.34409904812328124, -0.33648976171474354, -0.32053884297227947, -0.2619579820953296, -0.197689400580618, -0.17931470638600738, -0.1704443626963896, -0.1694666844617296, -0.16553322408327892, -0.16182306114672743, -0.16424521429794525, -0.1649706583313467, -0.1758575700444784], "train_r2_score": [0.4510634723628439, 0.9385434861127752, 0.908805553375174, 0.9250551535503314, 0.956683976372227, 0.9460207798831454, 0.9561001625745923, 0.9622180009237968, 0.9749415997232526, 0.9580023532630573, 0.9566942571617713, 0.9567897974885399, 0.9700600746066232, 0.9712055680293168, 0.9554189099133822, 0.9677877324200679, 0.9841895391324633, 0.9869796543933277, 0.9840811049640583, 0.9812527208251138, 0.9834954934552037, 0.9814939561451231, 0.9830404692802849, 0.9197410727500895, 0.9805373301658177, 0.755936036469996, 0.9520767750221215, 0.9573225619712529, 0.9586004248705985, 0.9639947623020441, 0.9649744293658541, 0.9736104460004836, 0.9748969852391018, 0.9779191076985536, 0.9784843606352603, 0.9804290475972501, 0.9825155660978052, 0.9829220940031468, 0.9819587604924795, 0.9828799504200839], "val_source_regression_loss": [0.0441202394947221, 0.014742377119822592, 0.03951663681883601, 0.020497428772004344, 0.01425123244193913, 0.02075363510535865, 0.013574965757942653, 0.01002861542886571, 0.005378752395722873, 0.008186697435294148, 0.01831466451145803, 0.014872942284881315, 0.006697302389465556, 0.006231962826951772, 0.008272526443853408, 0.007219664994155681, 0.005090233386506008, 0.00327919659652759, 0.0037818576557019467, 0.003906726241819089, 0.005504844468558514, 0.004924593051258899, 0.004523891498794472, 0.00829572709206539, 0.004619965571438587, 0.020193542224131052, 0.017163099662129637, 0.013448947256643183, 0.012059843261973768, 0.010436218467694295, 0.012364610334080232, 0.006971873655396549, 0.013368416760305438, 0.005060902734794006, 0.008517912736374743, 0.006187948984789509, 0.0048196817883820854, 0.004927520590091619, 0.004854613688149595, 0.00443038794129521], "val_target_regression_loss": [0.04435698537132408, 0.016970578816872608, 0.041273410278785075, 0.023200711235404015, 0.013836413185713412, 0.023477730612400213, 0.015246358193174193, 0.012183550250115274, 0.006485269369581078, 0.008913305788477766, 0.018502546993048884, 0.015485445473673223, 0.007499657848354759, 0.007339112531346611, 0.009377568317695132, 0.008351584348261734, 0.007406663473789828, 0.004138863427399457, 0.004998483258900763, 0.004654567287881163, 0.006436625996580984, 0.00611917422553878, 0.005722894359827984, 0.01003682017444244, 0.005589592933678363, 0.021360124638186224, 0.01770345144020983, 0.01520649241165647, 0.013301433117093541, 0.01186153905678399, 0.014201712299468396, 0.008656950472983756, 0.015620399676145444, 0.0064035291029022464, 0.008976263589449699, 0.008329443185578418, 0.007060917132663764, 0.006483160251091364, 0.006570677237608765, 0.005644673590630859], "val_source_r2_score": [0.8651566855161373, 0.9548105022468815, 0.8790850219896982, 0.9376828685696045, 0.9565088714804164, 0.9365775797882341, 0.9579136580288465, 0.9691934024043121, 0.9834154755090518, 0.975029507272352, 0.9440094928231951, 0.9544618937796145, 0.9792149783661902, 0.9808285364827162, 0.9747692937404985, 0.9779578745313039, 0.984313116933151, 0.98996870364016, 0.988457275178591, 0.988026797837947, 0.983066973011253, 0.9849167908657454, 0.9862287364681834, 0.9745044165793925, 0.9859697948743484, 0.9383327293825297, 0.9470994345572273, 0.9587225069530658, 0.9631265329418623, 0.9679257332626411, 0.9620779716946347, 0.978663049055722, 0.9589898194385201, 0.9843771511172318, 0.9737412133720831, 0.981154523220809, 0.9852393862532383, 0.9848641028340483, 0.9851314876425334, 0.9863072997550137], "val_target_r2_score": [0.8662065062500769, 0.949290096556764, 0.8772206963832494, 0.9315244125183665, 0.9586579038194062, 0.9302224720023411, 0.9512126647395521, 0.9639616672481843, 0.9807124297488237, 0.9736036520064599, 0.94480951965062, 0.9538750618990159, 0.9776599706248824, 0.9781739937492676, 0.9720760570632122, 0.9751691274623517, 0.9778109386818452, 0.98769982328312, 0.985052727221402, 0.9861676220832328, 0.9808985433247965, 0.9817015494157963, 0.9828616125452345, 0.9701257201112699, 0.9833715456083174, 0.9367808755569785, 0.9474623436979894, 0.9549374022943642, 0.9604952152386114, 0.9644594895603723, 0.9580003058173236, 0.9742797942418423, 0.9531674522029021, 0.9809654395249231, 0.973240228834529, 0.9752938108036294, 0.9786527088574194, 0.9808125899319395, 0.9803931871958476, 0.9831621145160547], "val_source_mve_loss": [-0.25589090680019766, -0.276950554379934, -0.197566317040709, -0.2541348455072958, -0.3428847680363474, -0.1642714363487461, -0.27703980554508256, -0.24532404032689106, -0.16997030151041248, -0.21812517111059987, -0.2762755529035496, -0.33618060320238524, -0.23773786651937268, -0.23847552983066703, -0.22356222815151455, -0.2777435077896601, -0.15987453902069526, -0.15100745460655116, -0.14358632907837252, -0.1814847281084785, -0.2446987291302862, -0.13572544868611083, -0.2257914345098447, -0.3467633463913881, -0.17780125329766092, -0.33792140363137935, -0.34212601901609685, -0.34210073872457575, -0.3325583666940279, -0.3056426572648785, -0.2024650864208801, -0.18796580746958527, -0.14272013089702099, -0.1504894097960448, -0.15025353224217136, -0.1584800615718093, -0.13813148948210704, -0.16326009510438652, -0.1727525906849511, -0.15706050829796853],