{"train_DA_loss": [0.03679973930052364, 0.03362450645504421], "train_regression_loss": [0.19734945132054893, 0.02079181105640787], "train_mve_loss": [-0.10345907551083217, -0.2600557931053573], "train_r2_score": [0.3975995214544893, 0.9370013127652609], "val_source_regression_loss": [0.014825619073419631, 0.027588252638336978], "val_target_regression_loss": [0.01847294891323847, 0.02858771357826794], "val_source_r2_score": [0.9546193201312455, 0.9155403716620741], "val_target_r2_score": [0.9446878645689921, 0.9151771543007067], "val_source_mve_loss": [-0.20082152851774723, -0.301368766570393], "val_target_mve_loss": [-0.1834408120263981, -0.29920801256276386], "val_source_nll_loss": [-1.6227256391621843, -1.0942586215236518], "val_target_nll_loss": [7.452432444955729, -1.0831448005724558], "da_weight": [1.4, 1.4], "beta": [0.5, 0.5], "epoch_no": 2}