{"train_DA_loss": [0.03679973930052364], "train_regression_loss": [0.19734945132054893], "train_mve_loss": [-0.10345907551083217], "train_r2_score": [0.3975995214544893], "val_source_regression_loss": [0.014825619073419631], "val_target_regression_loss": [0.01847294891323847], "val_source_r2_score": [0.9546193201312455], "val_target_r2_score": [0.9446878645689921], "val_source_mve_loss": [-0.20082152851774723], "val_target_mve_loss": [-0.1834408120263981], "val_source_nll_loss": [-1.6227256391621843], "val_target_nll_loss": [7.452432444955729], "da_weight": [1.4], "beta": [0.5], "epoch_no": 1}