{"train_DA_loss": [0.0401513446394824, 0.040397900430795476, 0.038022988249413275], "train_regression_loss": [0.13315113727003336, 0.02600946671872568, 0.024330975263084965], "train_mve_loss": [-0.1438396649002702, -0.233030589723064, -0.21829789766609342], "train_r2_score": [0.5958568456173283, 0.9207860766467607, 0.9261318623038161], "val_source_regression_loss": [0.015423067244170587, 0.02207302763067846, 0.020604551710848566], "val_target_regression_loss": [0.01713758777190424, 0.02598260706172714, 0.0231481392667452], "val_source_r2_score": [0.9526039625247983, 0.9324538512798156, 0.9368788246212733], "val_target_r2_score": [0.9491055001402143, 0.922479659131348, 0.9308975601632237], "val_source_mve_loss": [-0.26134318132189255, 0.21275311090712307, -0.3344667704799507], "val_target_mve_loss": [-0.2565026707664321, 0.29113599719314637, -0.3311190522169765], "val_source_nll_loss": [-1.4491429721252829, 1412.0959601326833, -0.9101782011080392], "val_target_nll_loss": [-1.4215651101703886, 1626.1974517544613, -0.902367396445214], "da_weight": [1.4, 1.4, 1.4], "beta": [0.5, 0.5, 0.5], "epoch_no": 3}