{"train_DA_loss": [0.0401513446394824], "train_regression_loss": [0.13315113727003336], "train_mve_loss": [-0.1438396649002702], "train_r2_score": [0.5958568456173283], "val_source_regression_loss": [0.015423067244170587], "val_target_regression_loss": [0.01713758777190424], "val_source_r2_score": [0.9526039625247983], "val_target_r2_score": [0.9491055001402143], "val_source_mve_loss": [-0.26134318132189255], "val_target_mve_loss": [-0.2565026707664321], "val_source_nll_loss": [-1.4491429721252829], "val_target_nll_loss": [-1.4215651101703886], "da_weight": [1.4], "beta": [0.5], "epoch_no": 1}