{"train_DA_loss": [0.4823229176143842, 0.45340196589447246, 0.43362494153558007, 0.42023051460656646, 0.41652283813443436, 0.41054611531864355, 0.4103502410802806, 0.4104772177703638, 0.4050434996974969, 0.3971634857233961, 0.3927646792566972, 0.3814061908715386, 0.37474460921623154, 0.37079962526858395, 0.37242459390019583, 0.36978274594713173, 0.3680433632032963, 0.37015743474637786, 0.3704133740944662, 0.37292033036186667, 0.3728754036605249, 0.3698375076055527, 0.369298442571647, 0.3680864610118448, 0.3669071158281846, 0.3672440355504017, 0.36821479596865025, 0.3689724673300818, 0.36720957028146634, 0.3683174668761886, 0.3673325090565237, 0.3674927309727538, 0.3670665847318046, 0.36876665396271935, 0.3705385276124944, 0.36887637091293196, 0.36980353107835956, 0.3705829709931745, 0.3704521206549796, 0.3720788434284043, 0.37152341863572924, 0.3722869801782821, 0.37166862579324783, 0.37373081579722695, 0.37300373600213577, 0.3745848648726831, 0.37189774708294565, 0.3713938201585243, 0.370706808632427, 0.3701871482611138, 0.3708978574280329, 0.37053160878814334, 0.3724158098427426, 0.3740302543317596, 0.3757896392284407, 0.37520245295120114, 0.37469267529151123, 0.37371602926873204, 0.37288201372845736, 0.37259996863562184, 0.3699535765094339, 0.37098755784182924, 0.37308324859826614, 0.37227167431571584, 0.37229988262248, 0.3725532539583865, 0.3725451856470195, 0.37531940919607604, 0.3754353776601376, 0.3778260969156757, 0.3786592094510303, 0.3786155610895244, 0.3795822412048005, 0.37994516718540156, 0.37817041960015374, 0.37913603369670984, 0.37701768462139246, 0.375852882589675, 0.3762630056419582, 0.37787748554506945, 0.3784033069880832, 0.3778826069679295, 0.3761464658668316, 0.37618149830610703, 0.3770942986556337, 0.38086161535008517, 0.3824533989595103, 0.3812286940418606, 0.37991628661016225], "train_regression_loss": [3.209983528423135, 1.8869915908607748, 1.0223977818567531, 0.5659993827016088, 0.3777406669240547, 0.31278478459095826, 0.2828611876454606, 0.2544724958143461, 0.22037935077163376, 0.18114309173615367, 0.1406798562412942, 0.10306279784174026, 0.07469411839950674, 0.058117083517299925, 0.05024114509251044, 0.044804417012324065, 0.0417886462396307, 0.03930234336643267, 0.03768191343578604, 0.036531654096308964, 0.03496219955173609, 0.03388532028078924, 0.0326689102634161, 0.03161131523181795, 0.03039094656229128, 0.029227282940469668, 0.02833954025897618, 0.02758326637686334, 0.026479530332089014, 0.02567878192191913, 0.02491235883542127, 0.0244210657682372, 0.024118173862356262, 0.023973718307694417, 0.023920625982843544, 0.02356654521711239, 0.023193256440870395, 0.022825397896687662, 0.022436445233304823, 0.02208470347145031, 0.02163383458660987, 0.021207820773941944, 0.020845904583673264, 0.020591937366471212, 0.020271406335316912, 0.01989290682289075, 0.019531829194106176, 0.019308679810362498, 0.018937829543088973, 0.01873538389263957, 0.018686081534779377, 0.018506956889449023, 0.01819492912965348, 0.018095559803207133, 0.018047113037094394, 0.0180043714355943, 0.017856568283651713, 0.017765786340443155, 0.01747697462043444, 0.017396996146786473, 0.017159108535626688, 0.017219097462484453, 0.017165106578203942, 0.017007528762528895, 0.0167658580688443, 0.01659368869799174, 0.016673471467055286, 0.016391588972585185, 0.01634401416872548, 0.01645460937996233, 0.016294621248683555, 0.016185476083710272, 0.01618918162894859, 0.01603034406328332, 0.015951442919583, 0.015838630139058153, 0.015609300655348591, 0.015537469625690956, 0.015448278197558968, 0.01539757776361851, 0.015408384225499804, 0.015394699497580855, 0.015492142697411438, 0.015540489153102232, 0.015391916727010412, 0.015362848564335426, 0.015212824233591393, 0.015163788476608136, 0.015192725142324429], "train_mve_loss": [1.4616569700145199, 0.7783212866055246, 0.3499701798942887, 0.12336437641753657, 0.025909280687080222, -0.011943851102150337, -0.03218548976896259, -0.04958156144018311, -0.06482182478896552, -0.07430793730102793, -0.07913989814294595, -0.08091528690888307, -0.07978891416825695, -0.08283214530204397, -0.0842718544077312, -0.09081451217533247, -0.09153499211128495, -0.08576325026138173, -0.08328588823813407, -0.0988980029697719, -0.10850196086564927, -0.09153569636822183, -0.09089226781014333, -0.0769815253505868, -0.07853922375922229, -0.08328308895148569, -0.07804477116743433, -0.07956809970725608, -0.08709308411755771, -0.07613965848518682, -0.08879370710912962, -0.15154427140133908, -0.12825817647483712, -0.11151097691745601, -0.13154810252965476, -0.10723252733403194, -0.09292781004304206, -0.08166747231724275, -0.09954076170430977, -0.10568601252609895, -0.08835334434315317, -0.09635757703940219, -0.13701565751645858, -0.10867303366035605, -0.09867717711156203, -0.09703286737884638, -0.0953674249119471, -0.1015222914435201, -0.09301576195403906, -0.15265918145776886, -0.19065924909585572, -0.14602405547932254, -0.1701716209269747, -0.13985662558669365, -0.14097739617175115, -0.11171696318732319, -0.10527869026556311, -0.10585612717205471, -0.09602053968450378, -0.10819265647183497, -0.11823810534500662, -0.19157299392565513, -0.14025786186702943, -0.13788707157293884, -0.13604760633090296, -0.12489187212105861, -0.14848481034911093, -0.12507496873628504, -0.19111002074517106, -0.1816457547451722, -0.1786513957356731, -0.22032035336960823, -0.14129178338706275, -0.11373552164127557, -0.1303306992422837, -0.11494043368294535, -0.13922587991223911, -0.19052993741833096, -0.22167015244241062, -0.21714777555282636, -0.14788265575329607, -0.18388838299858287, -0.15307684474619584, -0.2079594844417609, -0.1923820591741114, -0.16065575026990453, -0.14081600203878591, -0.14204730416121986, -0.19813389835072173], "train_r2_score": [-8.863407130412602, -4.799637067663551, -2.132105092374355, -0.7335869883548345, -0.153013849994084, 0.04652010623424637, 0.13843709168450932, 0.2241403620681012, 0.32902607626848174, 0.44806260360744676, 0.570486236277831, 0.6860529276252342, 0.772360341806429, 0.8222867371893388, 0.846087907683539, 0.8625110402625152, 0.8718867892509036, 0.8794111135991597, 0.8845390238476505, 0.8878031079391849, 0.8924740819026465, 0.896010421432055, 0.8996687015774435, 0.9029650820088486, 0.907082846935384, 0.9101694504636937, 0.9130185571533889, 0.9152620257191434, 0.9186686943674195, 0.9213235741056934, 0.9236210731754122, 0.925282773811795, 0.9261645126086467, 0.9263936029241517, 0.9268365606663224, 0.9277836678532477, 0.9288824846389409, 0.9298556002799834, 0.9313060879437914, 0.9320637833378898, 0.933610326000766, 0.9352057769347452, 0.9361285712054297, 0.9369372873382861, 0.9378614168602362, 0.9388833630187899, 0.9401073920750104, 0.9406632369146409, 0.9419846668794226, 0.9426793934204074, 0.9428793504094342, 0.9433063477946564, 0.9442908410637146, 0.9446946311797474, 0.9446089014749797, 0.9449578199209725, 0.9452197881569798, 0.9454732085623001, 0.9464004509355372, 0.9467019663931798, 0.9475409468470004, 0.9472099655365728, 0.9474412107395087, 0.9477732300241768, 0.9486924104371589, 0.9491467936113541, 0.948718179822953, 0.9497164759703118, 0.9500162005934129, 0.9495365844422966, 0.9499825384017901, 0.9504220276785894, 0.9505607980006071, 0.9509376286650719, 0.9509871692447245, 0.951528358646111, 0.9521706959846162, 0.9523942147053341, 0.9526759281367657, 0.9529672237362117, 0.9528088678869681, 0.9527337601303514, 0.9525249598659353, 0.9523598886814819, 0.9528576058208085, 0.9528909390917412, 0.9533593689524753, 0.953571103956299, 0.9534766527948899],