{"train_DA_loss": [0.49059482139468846, 0.4775230004647968, 0.4681274932851739, 0.4586505345877607, 0.45358199627569434, 0.4415929296225909, 0.4349980723705327, 0.42962556968441395, 0.4207908057861398, 0.41424429566485355, 0.415237379248443, 0.41102073898698993, 0.4089966924687408, 0.40931118842234776, 0.4067296933321456, 0.4024534204215411, 0.39239600442445255, 0.39004942921877345, 0.3864786226091263, 0.3840836501753526, 0.3813718044125838, 0.37390991620433395, 0.37448023943404174, 0.3743884910504168, 0.3702578078785152, 0.3726590205481109, 0.3724587574955314, 0.37158346772738743, 0.3697312467985223, 0.3711501632900517, 0.3697208669547407, 0.3717572347446595, 0.3718934031901455, 0.37022542359624094, 0.3709259432020309, 0.3698780827047184, 0.3704976066810775, 0.37234684626079784, 0.37009154311917597, 0.37085386789259134, 0.37023204962775735, 0.3695133041856058, 0.3679160855478953, 0.3698751711485809, 0.368509671424381, 0.37001491835174005, 0.36839976874086494, 0.36775356580178087, 0.36777882994419914], "train_regression_loss": [3.612266683055452, 2.941166308941745, 2.325961677858119, 1.8009599902730102, 1.3620503445647971, 1.0082508956492493, 0.7372269581942061, 0.5444427638210806, 0.4198413062466128, 0.34891899423145945, 0.3112848151264069, 0.2898594365477344, 0.26991574016741904, 0.2469979943043571, 0.2210829954260664, 0.189702625057815, 0.15685649183485145, 0.12605275980569763, 0.0979203990842786, 0.0773522753534086, 0.0657727406368722, 0.05703163861724424, 0.05170006200099122, 0.04782944049011963, 0.044384455073359246, 0.042611529887185674, 0.04069665070262208, 0.039536955475235114, 0.03829161388973214, 0.037578204156357584, 0.0366214221544305, 0.03552246735289938, 0.03488593003704082, 0.034131257306151026, 0.03380541772099801, 0.03304622532081342, 0.03246362447922528, 0.03224354458485868, 0.031546922410809364, 0.03090035585581003, 0.030192761063929884, 0.029783980398212426, 0.029502815202600452, 0.029404574681679552, 0.029277531074281694, 0.02889378366641142, 0.028548726689417794, 0.0282217035294805, 0.0280092551544908], "train_mve_loss": [1.7083840825657959, 1.3497969195437387, 1.033116084021232, 0.7629766594993131, 0.5368126695073283, 0.35420151907521585, 0.21376299738911214, 0.11299378392363216, 0.046778643902193696, 0.007630746307232889, -0.014562105485008284, -0.028514458891089455, -0.041700434673941904, -0.055831211493937966, -0.06930614439889761, -0.08152437135509098, -0.09592109374102661, -0.09771814174997796, -0.09565791058297894, -0.11662449208607513, -0.10213910721470576, -0.10753620614449219, -0.10804501477836663, -0.10299179549082106, -0.11739907424617729, -0.1184810943513346, -0.10107322341389613, -0.11680268112849274, -0.12383534806274844, -0.10670412925346133, -0.10902215781156825, -0.10985796296563838, -0.1346120076625177, -0.10553449594587687, -0.10291470147301554, -0.10247259350728509, -0.11826744144424878, -0.11344685614572146, -0.10195144746364035, -0.0999495646553676, -0.11683376309150316, -0.14098072459945077, -0.15236655888326425, -0.15414958606581367, -0.12383174200898114, -0.10500255583954032, -0.10908713989926866, -0.09859725527833105, -0.14855779367592697], "train_r2_score": [-10.098215176260851, -8.0527520268954, -6.146174386920326, -4.544200334066887, -3.1829132456988396, -2.0933189304642092, -1.2566946972098358, -0.6658362141006154, -0.28025576630061627, -0.06418919026681061, 0.04945373799685744, 0.11772360736314993, 0.17840016409036386, 0.24687264695860617, 0.3244316170837634, 0.4213560288565855, 0.5220302030516495, 0.6156794987696401, 0.7012923692066894, 0.763718191393598, 0.7986899145488924, 0.8256107602510724, 0.8417472239544852, 0.8538699292590534, 0.864308619323504, 0.8693051587871774, 0.875159567463354, 0.8786336179904284, 0.8823602597821535, 0.8851470635704889, 0.8880660400376416, 0.8913316170357327, 0.8931578187178478, 0.8953080329675538, 0.8966830919156439, 0.8988365860643521, 0.9005668704551432, 0.9010665533021481, 0.90336850660236, 0.9050427264838222, 0.9073103658420408, 0.9089863051756173, 0.9094732545822842, 0.9099421414173414, 0.9103254761288321, 0.9112283529980945, 0.9124525719248482, 0.9132561390500467, 0.914290137096216], "val_source_regression_loss": [3.3348921160154705, 2.669885255113433, 2.0866337124305434, 1.5984322421158417, 1.205220462400702, 0.8929120785073389, 0.6512727643115611, 0.4903840298139596, 0.3885470134547994, 0.3331566822679737, 0.306242521616477, 0.2825009994491746, 0.2617603146199939, 0.23618938368332537, 0.20904107561594323, 0.1776591393200657, 0.1440424171241024, 0.1142134801307811, 0.08886434953612617, 0.07346062114627301, 0.06380436588314516, 0.056582968540583985, 0.05092709051751638, 0.0471793826952388, 0.0453826654702425, 0.04291290469184707, 0.04131924801895136, 0.03932887296887893, 0.03890879735161987, 0.0378244211779365, 0.037178259649420085, 0.035998835735305955, 0.035285438410937786, 0.03443594814478597, 0.03407329391640953, 0.03361507278831699, 0.033353113392485846, 0.03280988592607311, 0.03174641681245611, 0.031348408730346944, 0.030568926795562612, 0.030248524255673342, 0.030372266245039203, 0.03062132604514496, 0.030140579854951628, 0.029781864272265493, 0.029289443564565875, 0.029177058865375156, 0.02915268453851908], "val_target_regression_loss": [3.3434869277326364, 2.677390940581696, 2.0879874848112276, 1.5907106588158426, 1.1899772814557523, 0.8686019725437406, 0.6345464711702322, 0.47780767799932744, 0.3810026045841507, 0.33171222651306587, 0.30294759005685395, 0.28559121885631655, 0.2667997502073457, 0.24340229528614238, 0.22057469924793968, 0.19121209654626967, 0.16579888874216925, 0.13420977245403243, 0.10879811625691908, 0.09387990643706502, 0.08302563268549834, 0.0759543928824648, 0.07090556602689284, 0.06858513376946691, 0.06481728151063376, 0.06364143380447279, 0.06299011376273783, 0.061076408417164524, 0.06049784122011329, 0.05971445427335138, 0.05940264800587033, 0.058955604328384884, 0.05882983381235147, 0.059363859080815616, 0.05954721291797071, 0.05986769497394562, 0.05777155537205406, 0.05787244597096232, 0.05942246883730345, 0.058322227972594995, 0.05982041943676864, 0.05751371591151515, 0.057079141912392425, 0.05656994259149968, 0.05730753483934493, 0.05720355981795848, 0.05735165411252764, 0.0566293773583219, 0.05763095843641064], "val_source_r2_score": [-9.218982563619909, -7.3218468209309755, -5.437684055003969, -3.873206355396463, -2.7380295147223297, -1.7177436043076193, -0.9993620493338664, -0.5187504464998403, -0.17912425283657232, -0.011399831475464995, 0.06845976678228224, 0.143805652098878, 0.17705777381974647, 0.2785466440542077, 0.3600630072223497, 0.44973808392973696, 0.5651714273681367, 0.6533560178244545, 0.7306248112381605, 0.7747696625396371, 0.8021792295262361, 0.8290719564425769, 0.8444054383375189, 0.8571455117636669, 0.8599767720012534, 0.8700032989926987, 0.8709890143623937, 0.8804214453038691, 0.8811580885437321, 0.885317169438947, 0.8882450348314238, 0.8890580549404279, 0.8925558068834546, 0.8952511790256266, 0.8946744283954728, 0.8983132732516089, 0.8988745467665139, 0.8997213217270097, 0.9030945504387132, 0.9049319773742225, 0.9066599169455598, 0.9080471612971425, 0.9075149167131222, 0.905326483566562, 0.9073730129809695, 0.9101141956005168, 0.9106627413851536, 0.911637960139895, 0.9112159828774327],