{"train_DA_loss": [0.0976053921052917, 0.0979973127626196, 0.097672527856866], "train_regression_loss": [2.4673995546710557, 1.2542724600657684, 0.6406178345301033], "train_mve_loss": [1.4334611916672813, 0.5051253061516847, 0.1795512033554928], "train_r2_score": [-6.610184208619278, -2.8486494025771343, -0.9600554855086963], "val_source_regression_loss": [1.8054524539392205, 0.8895397322087348, 0.49928259132783626], "val_target_regression_loss": [1.79427316973481, 0.8923517933374718, 0.5232207873199559], "val_source_r2_score": [-4.544585929723248, -1.7104844242405484, -0.5173599118048773], "val_target_r2_score": [-4.553506235380506, -1.8090420827335654, -0.6178289756890551], "val_source_mve_loss": [0.8007075937488412, 0.3102776955200147, 0.10237761483162264], "val_target_mve_loss": [0.7977919095679175, 0.3126606961971597, 0.11559880194784719], "da_weight": [0, 0, 0], "beta": [0.9, 0.8928, 0.8856], "epoch_no": 3}