{"train_DA_loss": [0.49059482139468846, 0.4775230004647968, 0.4681274932851739, 0.4586505345877607, 0.45358199627569434, 0.4415929296225909, 0.4349980723705327, 0.42962556968441395, 0.4207908057861398, 0.41424429566485355, 0.415237379248443, 0.41102073898698993, 0.4089966924687408, 0.40931118842234776, 0.4067296933321456, 0.4024534204215411, 0.39239600442445255, 0.39004942921877345, 0.3864786226091263, 0.3840836501753526, 0.3813718044125838, 0.37390991620433395, 0.37448023943404174, 0.3743884910504168, 0.3702578078785152, 0.3726590205481109, 0.3724587574955314, 0.37158346772738743, 0.3697312467985223, 0.3711501632900517, 0.3697208669547407, 0.3717572347446595, 0.3718934031901455, 0.37022542359624094, 0.3709259432020309, 0.3698780827047184, 0.3704976066810775, 0.37234684626079784, 0.37009154311917597, 0.37085386789259134, 0.37023204962775735, 0.3695133041856058, 0.3679160855478953, 0.3698751711485809, 0.3693407983731962, 0.3691997430551205, 0.3698467826930435, 0.37057906852343836, 0.36783211083037326, 0.3668356271940786, 0.3687801070143579, 0.3699156338488598, 0.37046720161080576, 0.3704885761415283, 0.36944295517705256, 0.3703542857871849, 0.37198983756672094, 0.37007187391329943, 0.3722013968981162, 0.37041018786116536, 0.36996192295764874, 0.3730060347582348, 0.37300202136065885, 0.3735895898921834, 0.3723008186442325, 0.37002015135623856, 0.3695106510706314, 0.3692657389087259, 0.3691541728524447, 0.3702331679503704, 0.36952155174677287, 0.3685741243131418, 0.3686974111270207, 0.3694624313488739, 0.3692112962223276, 0.3709618875814748, 0.3706572116837859, 0.3704959016286477], "train_regression_loss": [3.612266683055452, 2.941166308941745, 2.325961677858119, 1.8009599902730102, 1.3620503445647971, 1.0082508956492493, 0.7372269581942061, 0.5444427638210806, 0.4198413062466128, 0.34891899423145945, 0.3112848151264069, 0.2898594365477344, 0.26991574016741904, 0.2469979943043571, 0.2210829954260664, 0.189702625057815, 0.15685649183485145, 0.12605275980569763, 0.0979203990842786, 0.0773522753534086, 0.0657727406368722, 0.05703163861724424, 0.05170006200099122, 0.04782944049011963, 0.044384455073359246, 0.042611529887185674, 0.04069665070262208, 0.039536955475235114, 0.03829161388973214, 0.037578204156357584, 0.0366214221544305, 0.03552246735289938, 0.03488593003704082, 0.034131257306151026, 0.03380541772099801, 0.03304622532081342, 0.03246362447922528, 0.03224354458485868, 0.031546922410809364, 0.03090035585581003, 0.030192761063929884, 0.029783980398212426, 0.029502815202600452, 0.029404574681679552, 0.029026036014545443, 0.028798435200039822, 0.028893680403679883, 0.028575484807751187, 0.02839350126261467, 0.028196367443670302, 0.028257295880909375, 0.028307290158661888, 0.028263714578227433, 0.028180833592656763, 0.027894859750443556, 0.027819673774229326, 0.02785244887146479, 0.02753857791192244, 0.027535021672845977, 0.027590061623051464, 0.027133908728903783, 0.02699445959323612, 0.027091542749207678, 0.026998831389958833, 0.02692959928234709, 0.026483648565599534, 0.02657211855755373, 0.02661790050927148, 0.02670598166809167, 0.02664407584101125, 0.02668543534023071, 0.026333474164225937, 0.02703377263794161, 0.026781945451889767, 0.027057870153262803, 0.026653010355584473, 0.02747174333338328, 0.02693607608261612], "train_mve_loss": [1.7083840825657959, 1.3497969195437387, 1.033116084021232, 0.7629766594993131, 0.5368126695073283, 0.35420151907521585, 0.21376299738911214, 0.11299378392363216, 0.046778643902193696, 0.007630746307232889, -0.014562105485008284, -0.028514458891089455, -0.041700434673941904, -0.055831211493937966, -0.06930614439889761, -0.08152437135509098, -0.09592109374102661, -0.09771814174997796, -0.09565791058297894, -0.11662449208607513, -0.10213910721470576, -0.10753620614449219, -0.10804501477836663, -0.10299179549082106, -0.11739907424617729, -0.1184810943513346, -0.10107322341389613, -0.11680268112849274, -0.12383534806274844, -0.10670412925346133, -0.10902215781156825, -0.10985796296563838, -0.1346120076625177, -0.10553449594587687, -0.10291470147301554, -0.10247259350728509, -0.11826744144424878, -0.11344685614572146, -0.10195144746364035, -0.0999495646553676, -0.11683376309150316, -0.14098072459945077, -0.15236655888326425, -0.15414958606581367, -0.14094068137911817, -0.17893197929564952, -0.2216494764921543, -0.19914746567116576, -0.21537884300271598, -0.23963522762604997, -0.20881710349287586, -0.2076465003532945, -0.16047258771125097, -0.16541987753573675, -0.19716445699170695, -0.23353056040280915, -0.24188504761708066, -0.15602050695084785, -0.22280255946206437, -0.2767215303845118, -0.16122899515046935, -0.23227447366692686, -0.22482215109156953, -0.2514127952606848, -0.17002223079285195, -0.3240087663914865, -0.33611249101009405, -0.31433659426227784, -0.26369181836544925, -0.23315458791075067, -0.3177197077047672, -0.20695074922805295, -0.13344187293562637, -0.21041215393671825, -0.16585739260672216, -0.22064482942359756, -0.03408320948917425, -0.32641130168215665], "train_r2_score": [-10.098215176260851, -8.0527520268954, -6.146174386920326, -4.544200334066887, -3.1829132456988396, -2.0933189304642092, -1.2566946972098358, -0.6658362141006154, -0.28025576630061627, -0.06418919026681061, 0.04945373799685744, 0.11772360736314993, 0.17840016409036386, 0.24687264695860617, 0.3244316170837634, 0.4213560288565855, 0.5220302030516495, 0.6156794987696401, 0.7012923692066894, 0.763718191393598, 0.7986899145488924, 0.8256107602510724, 0.8417472239544852, 0.8538699292590534, 0.864308619323504, 0.8693051587871774, 0.875159567463354, 0.8786336179904284, 0.8823602597821535, 0.8851470635704889, 0.8880660400376416, 0.8913316170357327, 0.8931578187178478, 0.8953080329675538, 0.8966830919156439, 0.8988365860643521, 0.9005668704551432, 0.9010665533021481, 0.90336850660236, 0.9050427264838222, 0.9073103658420408, 0.9089863051756173, 0.9094732545822842, 0.9099421414173414, 0.9113180824826511, 0.9115133873784387, 0.9113411674913577, 0.9124338953022106, 0.9130893969264416, 0.9136508511725449, 0.9133253800657761, 0.9132868126395899, 0.9134720745925569, 0.9135796671893581, 0.9146531798303126, 0.9146599707544157, 0.9147608980822393, 0.9157601285865152, 0.9158239513464244, 0.9154591107031252, 0.9170827577487565, 0.9173548418445266, 0.9172230677945646, 0.9173917818325698, 0.9174022839449438, 0.91888147934915, 0.9184450584625159, 0.9184770272345023, 0.918160727858883, 0.9183083426274539, 0.9181498669841126, 0.9194693646643597, 0.9172541109111467, 0.9179350290253808, 0.9172505140790844, 0.918214819509663, 0.9159457558801095, 0.9176110198416194],