{"train_DA_loss": [0.536624092452051, 0.49546271775060857, 0.4690001499609276, 0.4533300978936922, 0.44254696777795305, 0.4355641857906495, 0.43468958874943053, 0.43331359721842805, 0.43467467385846476, 0.4332402759321865, 0.43160930156053967, 0.4324710344047825, 0.43231443278968223, 0.4311565430443291, 0.43381310010522983, 0.4397321293842204, 0.43922684070615053, 0.4379653729076141, 0.4403998150577057, 0.44193669450784295, 0.44226053297192786, 0.4408544097674612, 0.4385451526811833, 0.44039986420157184, 0.44561759683506147, 0.44301263533083135, 0.44358428637114045, 0.4459918990758481, 0.4442369779350553, 0.4438521532951369, 0.4434819825715513, 0.4405373636176861, 0.43823756046007495, 0.4361682654080923, 0.4344660499740998, 0.43211083095078057, 0.4327814204710275, 0.4304592807179613, 0.4303561348256943, 0.4293388325509903, 0.42864393365230596, 0.42783202326275965, 0.42635451014778514, 0.4258208081425871, 0.42701921580696456, 0.424877465316103, 0.4248066502580695, 0.42416711519361633, 0.42521734206070627, 0.42525184138165534, 0.42279411141353723, 0.42304236208934887, 0.42381572440075915, 0.42088411135473025, 0.42176089742283934, 0.4224552571555596, 0.4214550498634631, 0.4208294066040346, 0.41836593257879645, 0.419238398454307, 0.41725901739035054, 0.4155709003617602, 0.4156496028468639, 0.41552735726183904, 0.4158222264519993, 0.414046704387752, 0.4145757375077312, 0.41374331440306666, 0.4118440922697022, 0.41423324475122764, 0.41184107204677856], "train_regression_loss": [1.4562217077236943, 0.2778745649801312, 0.1128968676003939, 0.049748727626131486, 0.03611283806549348, 0.030425209017433022, 0.02643448048163975, 0.023053464884963397, 0.0204218780533351, 0.01785785193389905, 0.016142570692875596, 0.014502697889871855, 0.013275577228727463, 0.01229737537965805, 0.011579461540035916, 0.010844312334123325, 0.01031274366715218, 0.009777716320123817, 0.009252614990367097, 0.008840943755619432, 0.00846425233701656, 0.008136324540216483, 0.007859146428061223, 0.0074454133685719105, 0.007197528197285353, 0.006915587520267699, 0.0067254473405023545, 0.006477307928794181, 0.006195007900450331, 0.006065923247275231, 0.005811833272138151, 0.005620112334900762, 0.005475090733615229, 0.005257253470393051, 0.005130337546554, 0.004913749557645682, 0.0048123593271881945, 0.004699952769735096, 0.004490159638821943, 0.004439054753365748, 0.004321087594442001, 0.0042266855816573065, 0.00409116046000919, 0.003986123769239299, 0.003920413156795968, 0.003811912377870606, 0.0037341303478541634, 0.0036528050430013476, 0.0035922986617434424, 0.003480745805299737, 0.003429026845195612, 0.0033495609569354785, 0.003271556275486401, 0.0032246535547312614, 0.0031506647315417747, 0.0030885622625952585, 0.003025292831352168, 0.002985228433008127, 0.0029375625521428136, 0.0028883351359543625, 0.002835769962878656, 0.00276610672846777, 0.002704680884313145, 0.0026882432370959105, 0.0026443375896413896, 0.0026219952306701672, 0.0025793549149693883, 0.002551571171904422, 0.002499760444390109, 0.0024517551402883156, 0.002445931907341402], "train_mve_loss": [0.7281100538846997, 0.15805796958792145, 0.07305425644206935, 0.036621642399449886, 0.03024212081645917, 0.02898549558373485, 0.02864930806664488, 0.028423382663993774, 0.028643855845497775, 0.02849444390106027, 0.02930213150719838, 0.02994818829333706, 0.031186797424565177, 0.03286437139296444, 0.035204470741615326, 0.037506582092841106, 0.04057667849473042, 0.04376588154999604, 0.047114956892441134, 0.051214095354897446, 0.05577968336791617, 0.06099751005306758, 0.06702800428791064, 0.07223785883820254, 0.07944304858363306, 0.08683558842218336, 0.09606984103101916, 0.10525835085476339, 0.11452458055870407, 0.12757084349773049, 0.13904736523381972, 0.15296449592606023, 0.1695248267904496, 0.18518070250041307, 0.2055793756132152, 0.22399602326440202, 0.24956432471164183, 0.27727744131735516, 0.30135331628418494, 0.33892422465018424, 0.37531938059238457, 0.41764217865750386, 0.4598811088194577, 0.5097356250397248, 0.5703260436572366, 0.6308547517172379, 0.7030265956190865, 0.7823565830042419, 0.8752811218746401, 0.9648089247059343, 1.0812758685683856, 1.2015692974139394, 1.3350896434330635, 1.4970491897907292, 1.663986628190691, 1.855665286781583, 2.067788291347964, 2.3212014820283686, 2.5984756610947075, 2.9065324194470534, 3.246341493491499, 3.602347697810673, 4.007071553898032, 4.5308335045355985, 5.0701644821620295, 5.719195417337923, 6.400436289785549, 7.202832772047472, 8.027647184933343, 8.95697567362672, 10.165483855678133], "train_r2_score": [-3.4738439787427247, 0.15031482031371082, 0.6558913418770261, 0.8477514169885044, 0.8889026521783627, 0.9066540484567155, 0.9188968607869835, 0.9291932042809752, 0.9372523932177044, 0.9451900941824636, 0.9504746965859688, 0.9555206754835586, 0.9592944118394454, 0.9622395936036412, 0.9644673833271262, 0.966596630062802, 0.9684213789966991, 0.9699995253656486, 0.9716236330415353, 0.9729157857101077, 0.9740527551717683, 0.9750438924013967, 0.9758762676360861, 0.977190556121913, 0.9778782341436514, 0.9787538041682373, 0.9792629266035671, 0.9801704071914721, 0.9810110397617781, 0.9813378074836131, 0.982157597510629, 0.9827688599740738, 0.9831169657019269, 0.9838131384721248, 0.9842341240900816, 0.9849846772548009, 0.9852249309451957, 0.9855512682645496, 0.9862207104596036, 0.9863518451015828, 0.9867053701687569, 0.9870302038713769, 0.9873937315173051, 0.9877618245898223, 0.9879507954878114, 0.9882720449731822, 0.9885100542011902, 0.9887857088500255, 0.988976392806748, 0.9892958498853845, 0.9894879591174125, 0.9897305363703307, 0.989950041987159, 0.9900943464215591, 0.9903061456569097, 0.9905156505320704, 0.9906838173976076, 0.9908135841079713, 0.9909919793761086, 0.9911271794743449, 0.9912705316477579, 0.9914716060032799, 0.9917038043969382, 0.9917458588604509, 0.9918323429313972, 0.9919539606958585, 0.9920846446348225, 0.9921157907316142, 0.9923200704141287, 0.9924732484509888, 0.9924848416852469], "val_source_regression_loss": [0.41827813130390795, 0.1897298374885245, 0.07422943630173237, 0.042617162618833256, 0.03327017348212532, 0.030116478947899008, 0.02612591730548611, 0.023933902547895153, 0.019652410563600214, 0.01849769878708109, 0.01630083470357747, 0.01472209727014356, 0.013731263495415827, 0.012717658671538663, 0.011694058799479582, 0.011373221408575773, 0.011179956088809274, 0.009941360948583748, 0.010239342534089391, 0.009156223268637175, 0.008988729056230263, 0.008572540316683582, 0.008241315201349273, 0.007926590192497154, 0.007937588115941875, 0.007418774212769504, 0.007495650273005042, 0.006692691709068191, 0.006566026719593549, 0.0069535902548062654, 0.006270412709328193, 0.006184463907929161, 0.005782232021535688, 0.0056922262110099, 0.00555355731645434, 0.005326092140041763, 0.005679772668694959, 0.005217343610063006, 0.005000603170122338, 0.004723863325470799, 0.004668495900740352, 0.004543071544929584, 0.004430849128697492, 0.004561359372249321, 0.004413667202726761, 0.004105491890819578, 0.0041319663471341885, 0.0042084589176162885, 0.004124925987606373, 0.004151951447954472, 0.004904365486795483, 0.0036853806195261923, 0.0036147285747943044, 0.0035974861629590204, 0.0034229277921958437, 0.0034942796742661467, 0.0034607410890675045, 0.003328770764549322, 0.00325206512013521, 0.00321767740010555, 0.0030941449082161807, 0.003221886217759191, 0.003105075608443799, 0.0032092484120939727, 0.002942221498564829, 0.0029689070733287665, 0.00295811905555097, 0.0028685385160902633, 0.0031833476991145106, 0.002974010603148726, 0.002763752429156647],