{"train_DA_loss": [0.15866786451291776, 0.17295777714612062], "train_regression_loss": [3.2953288265294525, 0.3865551910136692], "train_mve_loss": [1.8207229571978831, 0.16312989714628653], "train_r2_score": [-9.126745290624907, -0.182703152356963], "val_source_regression_loss": [0.8286239474634581, 0.27674164028861853], "val_target_regression_loss": [0.8771106947826434, 0.2935516198601904], "val_source_r2_score": [-1.539473149611581, 0.16032065820971847], "val_target_r2_score": [-1.7156317693583367, 0.09290288801369637], "val_source_mve_loss": [0.682683415050748, -0.03622116164976283], "val_target_mve_loss": [0.6852895308144485, -0.03196003044295254], "da_weight": [0, 0], "beta": [1.0, 0.992], "epoch_no": 2}