{"train_DA_loss": [0.36725450286699607, 0.37695700246193725, 0.38370053576377017], "train_regression_loss": [4.281381414838857, 2.394938555234529, 1.1332779760988365], "train_mve_loss": [1.98966013600665, 1.0570695956511733, 0.43926394843859035], "train_r2_score": [-12.179873292948955, -6.407380545848397, -2.4810398989898577], "val_source_regression_loss": [3.795341998715944, 1.618719432927385, 0.8279925524433956], "val_target_regression_loss": [3.728495969048029, 1.632617535470407, 0.8587622076650209], "val_source_r2_score": [-10.597773119049139, -3.9524450737105408, -1.541580678612319], "val_target_r2_score": [-10.575046153980866, -4.060800788971313, -1.7188211426822666], "val_source_mve_loss": [1.7390838137155846, 0.6755209184145625, 0.2860165981552269], "val_target_mve_loss": [1.7038501848148395, 0.6698205040979989, 0.2856818318744249], "da_weight": [0, 0, 0], "beta": [1.0, 0.992, 0.984], "epoch_no": 3}