{"train_DA_loss": [0.4823229176143842, 0.45340196589447246, 0.43362494153558007, 0.42023051460656646, 0.41652283813443436, 0.41054611531864355, 0.4103502410802806, 0.4104772177703638, 0.4050434996974969, 0.3971634857233961, 0.3927646792566972, 0.3814061908715386, 0.37474460921623154, 0.37079962526858395, 0.37242459390019583, 0.36978274594713173, 0.3680433632032963, 0.37015743474637786, 0.3704133740944662, 0.37292033036186667, 0.3728754036605249, 0.3698375076055527, 0.369298442571647, 0.3680864610118448, 0.3669071158281846, 0.3672440355504017, 0.36821479596865025, 0.3689724673300818, 0.36720957028146634, 0.3683174668761886, 0.3673325090565237, 0.3674927309727538, 0.3670665847318046, 0.36876665396271935, 0.3705385276124944, 0.36887637091293196, 0.36980353107835956, 0.3705829709931745, 0.3704521206549796, 0.3720788434284043, 0.37152341863572924, 0.3722869801782821, 0.37166862579324783, 0.37373081579722695, 0.37300373600213577, 0.3745848648726831, 0.37189774708294565, 0.3713938201585243, 0.370706808632427, 0.3701871482611138], "train_regression_loss": [3.209983528423135, 1.8869915908607748, 1.0223977818567531, 0.5659993827016088, 0.3777406669240547, 0.31278478459095826, 0.2828611876454606, 0.2544724958143461, 0.22037935077163376, 0.18114309173615367, 0.1406798562412942, 0.10306279784174026, 0.07469411839950674, 0.058117083517299925, 0.05024114509251044, 0.044804417012324065, 0.0417886462396307, 0.03930234336643267, 0.03768191343578604, 0.036531654096308964, 0.03496219955173609, 0.03388532028078924, 0.0326689102634161, 0.03161131523181795, 0.03039094656229128, 0.029227282940469668, 0.02833954025897618, 0.02758326637686334, 0.026479530332089014, 0.02567878192191913, 0.02491235883542127, 0.0244210657682372, 0.024118173862356262, 0.023973718307694417, 0.023920625982843544, 0.02356654521711239, 0.023193256440870395, 0.022825397896687662, 0.022436445233304823, 0.02208470347145031, 0.02163383458660987, 0.021207820773941944, 0.020845904583673264, 0.020591937366471212, 0.020271406335316912, 0.01989290682289075, 0.019531829194106176, 0.019308679810362498, 0.018937829543088973, 0.01873538389263957], "train_mve_loss": [1.4616569700145199, 0.7783212866055246, 0.3499701798942887, 0.12336437641753657, 0.025909280687080222, -0.011943851102150337, -0.03218548976896259, -0.04958156144018311, -0.06482182478896552, -0.07430793730102793, -0.07913989814294595, -0.08091528690888307, -0.07978891416825695, -0.08283214530204397, -0.0842718544077312, -0.09081451217533247, -0.09153499211128495, -0.08576325026138173, -0.08328588823813407, -0.0988980029697719, -0.10850196086564927, -0.09153569636822183, -0.09089226781014333, -0.0769815253505868, -0.07853922375922229, -0.08328308895148569, -0.07804477116743433, -0.07956809970725608, -0.08709308411755771, -0.07613965848518682, -0.08879370710912962, -0.15154427140133908, -0.12825817647483712, -0.11151097691745601, -0.13154810252965476, -0.10723252733403194, -0.09292781004304206, -0.08166747231724275, -0.09954076170430977, -0.10568601252609895, -0.08835334434315317, -0.09635757703940219, -0.13701565751645858, -0.10867303366035605, -0.09867717711156203, -0.09703286737884638, -0.0953674249119471, -0.1015222914435201, -0.09301576195403906, -0.15265918145776886], "train_r2_score": [-8.863407130412602, -4.799637067663551, -2.132105092374355, -0.7335869883548345, -0.153013849994084, 0.04652010623424637, 0.13843709168450932, 0.2241403620681012, 0.32902607626848174, 0.44806260360744676, 0.570486236277831, 0.6860529276252342, 0.772360341806429, 0.8222867371893388, 0.846087907683539, 0.8625110402625152, 0.8718867892509036, 0.8794111135991597, 0.8845390238476505, 0.8878031079391849, 0.8924740819026465, 0.896010421432055, 0.8996687015774435, 0.9029650820088486, 0.907082846935384, 0.9101694504636937, 0.9130185571533889, 0.9152620257191434, 0.9186686943674195, 0.9213235741056934, 0.9236210731754122, 0.925282773811795, 0.9261645126086467, 0.9263936029241517, 0.9268365606663224, 0.9277836678532477, 0.9288824846389409, 0.9298556002799834, 0.9313060879437914, 0.9320637833378898, 0.933610326000766, 0.9352057769347452, 0.9361285712054297, 0.9369372873382861, 0.9378614168602362, 0.9388833630187899, 0.9401073920750104, 0.9406632369146409, 0.9419846668794226, 0.9426793934204074], "val_source_regression_loss": [2.528742630270463, 1.413024058824853, 0.7546047134489953, 0.4502522547411013, 0.34133610619774346, 0.3009272517659996, 0.2728756479447401, 0.2410924474272547, 0.20464308503307874, 0.16462006749986094, 0.12464172072425674, 0.0893012111228478, 0.0694116712842561, 0.05499667693165284, 0.049480837875906424, 0.04482543496768686, 0.04223510915342765, 0.03877599629325957, 0.037793049447332756, 0.03636191085075276, 0.035469681142440326, 0.034186702221632004, 0.032978357440685925, 0.031655224653173095, 0.03132341707809062, 0.029905338594807856, 0.029582500363452526, 0.028091165696895574, 0.027888009171414225, 0.026331363858867297, 0.026462345277961298, 0.02582509285192701, 0.02553038497137118, 0.025198593311294724, 0.025409472139575815, 0.024772500395303286, 0.02443422498535129, 0.02425828992235887, 0.023567069357237482, 0.02340844053114894, 0.02279173916417964, 0.022175454746790325, 0.021940316427263278, 0.02205184296575151, 0.021572593623135662, 0.021127938481542884, 0.02049057911845702, 0.02042763394928431, 0.02001023804179475, 0.020031200250304197], "val_target_regression_loss": [2.51216294795652, 1.3866703412200831, 0.7319176393219188, 0.43586732239662845, 0.3318932928333554, 0.29819479056551484, 0.276974882506117, 0.24912332564215117, 0.21593384916269326, 0.1827717909141432, 0.14283840688346308, 0.1083318234621724, 0.08557624544335317, 0.07218726014694836, 0.06665975067623053, 0.0623196148419682, 0.060124751274721534, 0.05750431747564787, 0.05833560869663577, 0.05832097358718703, 0.05863511482182937, 0.058569014119573784, 0.057938117533922195, 0.058599599908235704, 0.057827013863038415, 0.05893585918164706, 0.06125847783081139, 0.06065655011636547, 0.06132625425352326, 0.061596720915617825, 0.06275027056660833, 0.0639737351691421, 0.06361039975493014, 0.06464891347892676, 0.06550666916219494, 0.06536328797287579, 0.06409594817440721, 0.06368295096238202, 0.0662987223248693, 0.06550170193555989, 0.06810294586835028, 0.0662204003126561, 0.06633110372703287, 0.06767899609064754, 0.06791762088107157, 0.06777450494185279, 0.06871596025892451, 0.06866030310150943, 0.0684850879390783, 0.07043258610028255], "val_source_r2_score": [-6.747748206813473, -3.3894137148127843, -1.3162308721124252, -0.3643500910047622, -0.04785635906480071, 0.08857151197073021, 0.168726442648557, 0.2595146377507508, 0.3805861597323174, 0.5006494042808909, 0.6208181399586855, 0.7293506656739778, 0.7663507309147638, 0.8303789585590862, 0.8471625693137618, 0.8603724045457073, 0.8720912925395652, 0.8822238632978993, 0.8843161160519889, 0.8877924474598267, 0.8887823260671419, 0.896185487889377, 0.8991493083024641, 0.9037809254630059, 0.9031550837760951, 0.9090569170994474, 0.9064723651011746, 0.9143127676687818, 0.9145132558587128, 0.92016603253778, 0.9206118205140205, 0.9202465825737322, 0.9220671912129416, 0.9234213373744254, 0.9214070625590897, 0.924681214497375, 0.9261302580906496, 0.9257964917532033, 0.927987509062342, 0.928822674365708, 0.9305574405365464, 0.9325119584453304, 0.9331867660163456, 0.9318604538534293, 0.9340127495387346, 0.9365228314863152, 0.9376559226496949, 0.9381156599558809, 0.9389198053414369, 0.9391327812876842],