{"train_DA_loss": [0.536624092452051, 0.49546271775060857, 0.4690001499609276, 0.4533300978936922, 0.44254696777795305], "train_regression_loss": [1.4562217077236943, 0.2778745649801312, 0.1128968676003939, 0.049748727626131486, 0.03611283806549348], "train_mve_loss": [0.7281100538846997, 0.15805796958792145, 0.07305425644206935, 0.036621642399449886, 0.03024212081645917], "train_r2_score": [-3.4738439787427247, 0.15031482031371082, 0.6558913418770261, 0.8477514169885044, 0.8889026521783627], "val_source_regression_loss": [0.41827813130390795, 0.1897298374885245, 0.07422943630173237, 0.042617162618833256, 0.03327017348212532], "val_target_regression_loss": [0.36446844022485275, 0.21320562790843506, 0.10890296318485768, 0.07260956200240534, 0.06120357926510557], "val_source_r2_score": [-0.2705365461473831, 0.42558255254956817, 0.7722806338412441, 0.8701030247251001, 0.8983049225249501], "val_target_r2_score": [-0.12673907443172946, 0.34044193247039295, 0.6634977988530316, 0.7761572546377193, 0.8091769401990151], "val_source_mve_loss": [0.20913825948027115, 0.10792003166449221, 0.04803265152569813, 0.03137169742980336, 0.027861470409633615], "val_target_mve_loss": [0.18223341695870024, 0.12127338745926, 0.07046980957818937, 0.05345078553014164, 0.051254901068308684], "da_weight": [0, 0, 0, 0, 0], "beta": [1.0, 0.992, 0.984, 0.976, 0.968], "epoch_no": 5}