{"train_DA_loss": [0.1822287780820125, 0.11228525492497184, 0.09933445349308428, 0.09670212729008258, 0.091974428090415, 0.09012238188924257, 0.08700525577110281, 0.08733751437196022, 0.08567541996374645, 0.08637837695478848, 0.08591950199544647, 0.08216834108990496, 0.07987039188226136, 0.08394299856501153, 0.08357571857986491, 0.07969780493752394, 0.08114609263081383, 0.08074402541494238, 0.07998881986878907, 0.08035122749601684, 0.07760120421253022, 0.07777561762555753, 0.07846579322731037, 0.07827291633913351, 0.07543696854706221, 0.07708194850172705, 0.07910391418314394, 0.09433418370347463, 0.14491821933789706, 0.15738271807458326], "train_regression_loss": [0.15799065664499126, 0.030625230026596534, 0.024265042922869868, 0.020243651002059798, 0.01769292728857936, 0.016092812281929405, 0.014383808322126553, 0.013225977416524844, 0.012189805135854487, 0.01152558500731238, 0.011017944944266509, 0.010768559736657676, 0.010116503626947552, 0.009577412893561479, 0.009568434102006147, 0.009476487872137992, 0.009208941257769885, 0.00917410921778741, 0.009177305921656803, 0.009249809334076722, 0.009204710824364009, 0.009465964883055122, 0.00986151207111592, 0.010469284723087178, 0.01161204535561789, 0.012847996567558136, 0.014843784012172841, 0.019710140630102273, 0.028759284174815502, 0.03199141932961274], "train_r2_score": [0.6813886583431756, 0.9381314274953646, 0.9508703904990785, 0.9589607854721643, 0.9639667018837234, 0.9674222050163566, 0.9709381650115314, 0.9731105904703947, 0.9751887163880733, 0.9765737535137038, 0.9776518102812979, 0.9782340359694672, 0.9794902804980763, 0.9806513249867664, 0.9806183637811717, 0.9808228307091288, 0.9812407894925408, 0.9813154985145736, 0.9813480655182087, 0.9813037141147196, 0.9813390385063936, 0.9808381672854644, 0.9799620130269211, 0.9787842047375441, 0.9765103132477254, 0.9739585931330461, 0.9699771082406433, 0.9601479487419099, 0.9422266652518603, 0.9358330253484975], "val_source_regression_loss": [0.035769417982809484, 0.025158385046206082, 0.020873415832567938, 0.0178402705195176, 0.017166306048180837, 0.015397069907515862, 0.012492218226858766, 0.011572669995770713, 0.011242185304071874, 0.011434842509092989, 0.010017182099615123, 0.009734290804725829, 0.010126652434812325, 0.009169843464579646, 0.010430563383611145, 0.009229874398535605, 0.009831822575158944, 0.0102635555467598, 0.008931033731479743, 0.008420700649285962, 0.011620296631008387, 0.00958930402934836, 0.010326238995667095, 0.011224516683738608, 0.01276018273583643, 0.01312441469887924, 0.01483733446046615, 0.021042993651097935, 0.029137343613157986, 0.030683712416868302], "val_target_regression_loss": [0.13582603474426422, 0.09083725471690202, 0.07944377470215794, 0.0667673414157834, 0.06483952444829759, 0.05010081966449121, 0.05164265861604244, 0.047657509607256975, 0.041913626324029486, 0.040786737771882756, 0.040144504077590196, 0.036012924549163904, 0.0347872544080019, 0.030059350624822886, 0.032644708273089997, 0.028760869305130023, 0.030878453895117446, 0.02940488836852608, 0.02765874516598548, 0.026614378191601888, 0.026599290567171422, 0.02716185672766274, 0.02565760557557557, 0.03172740322436876, 0.028527779380084984, 0.03767360037987589, 0.03918194096938819, 0.0433332014378089, 0.05241444291677445, 0.05008082053843577], "val_source_r2_score": [0.9270062695242143, 0.9472040550222455, 0.9565619132588294, 0.9629318755532801, 0.9646416750883351, 0.9684383393241838, 0.9742888160067654, 0.976201779053728, 0.9766673140034139, 0.9756028157990649, 0.9795223877715197, 0.9799955210635145, 0.9786843328094698, 0.9810592074245127, 0.9784458085519874, 0.9809113259907333, 0.9795849717476598, 0.9789676195557293, 0.9813763943501278, 0.9826048258988037, 0.976128533490824, 0.9801729071286857, 0.9787937943975286, 0.976875613413458, 0.9733926128456479, 0.9727319068884734, 0.9693298857117754, 0.956656931330359, 0.9400779001639769, 0.9363736087100043], "val_target_r2_score": [0.7211293443511058, 0.8151651249120977, 0.8414660095085993, 0.8661564924004225, 0.8683174770141837, 0.8986278819094002, 0.8977421064305773, 0.9043377732708067, 0.9154960939903428, 0.9187888812606204, 0.9191441479132737, 0.9285167123052431, 0.9298272980003714, 0.9394935733270062, 0.9337641093933454, 0.9422593597620798, 0.9371621358011186, 0.941483593722988, 0.9443061216379017, 0.946859625684015, 0.9467082918354216, 0.9456878747912065, 0.948436455155177, 0.9351562338794486, 0.9423597097878382, 0.9236518791604263, 0.9210339770476446, 0.9128749666068663, 0.892589718805593, 0.9005432985294309]}