{"train_DA_loss": [0.2269152667870578, 0.1325807695700983, 0.1110679193364092, 0.10577331735008487, 0.0999843724875607, 0.09733120259408323, 0.09334051801433184, 0.09300577893199388, 0.09119920586823219, 0.09134566060299738, 0.09067260106204851, 0.08696330190930768, 0.08438719867624792, 0.08861259873990494, 0.0881482371770976, 0.08400103636085987, 0.08589643795533579, 0.08568616729004945, 0.08489145176617983, 0.08518751892491058, 0.08169845420479012, 0.08212257348259798, 0.08361437283388222, 0.08481557521512784, 0.08077015939391673, 0.08320132702575414, 0.08281459980789006, 0.0803985101114652, 0.08283415340207231, 0.08037043788676343, 0.08024604150504419, 0.08104188586849127, 0.07967167782854337, 0.08002060011771578, 0.07904535197096126, 0.08026202220190487, 0.08052238665003554, 0.0810110319909764, 0.08049796541413834, 0.07990085321327015, 0.0833038059412289, 0.07958380708052101, 0.08032402637630864, 0.080725124306718, 0.08046120335049996, 0.08082845299700496, 0.08118620523382693, 0.0838648974112281, 0.08592547540309442, 0.08909035176787887], "train_regression_loss": [0.2533472468889228, 0.043101507792388936, 0.03085244641004222, 0.025091222695532975, 0.022147559321619964, 0.02016175399582077, 0.018392226993748186, 0.01658285798554324, 0.015618123455054827, 0.01435504660075888, 0.013774541533557219, 0.013233598774993686, 0.01243912636462456, 0.012022389413557362, 0.01159252848738372, 0.011100319854768718, 0.010890154789033359, 0.010594021815634664, 0.010332072797696186, 0.010068152177741775, 0.009843050784659546, 0.009681816101951058, 0.009414852926911108, 0.009165395637148382, 0.009186280845116204, 0.009016726509722416, 0.008908383130058442, 0.00903469485752591, 0.008822176398384219, 0.008687552718668699, 0.008524991333326308, 0.008663554244054995, 0.00847648038597815, 0.008629141950263033, 0.008446613885547414, 0.008321823268342198, 0.008594463879014391, 0.00867169396504862, 0.008516593144992044, 0.008544447705178594, 0.00865569506951487, 0.008825636777636923, 0.009059350220810015, 0.009313482350424626, 0.009556842241283009, 0.00995354776243446, 0.010596428139065434, 0.011052898887265643, 0.011872573279378974, 0.012982127807057127], "train_r2_score": [0.48616471146380524, 0.9129144716693629, 0.9376209350372815, 0.9492512014860836, 0.9550536814495355, 0.9592340754190896, 0.962843988365613, 0.9663090576249813, 0.968259328366908, 0.9708920023255982, 0.9720505056076856, 0.9732585962311059, 0.9747748233813944, 0.9757445225269078, 0.9765463505015345, 0.9775274370317992, 0.977877285573358, 0.9784177480074665, 0.9790230915286007, 0.979663863029032, 0.9800311956822515, 0.9803824688726444, 0.9808484907922803, 0.9814252830031855, 0.9813612540766447, 0.981695185149141, 0.9819402488148361, 0.9816357294427915, 0.9821304732851829, 0.9824139425627351, 0.9826648748097749, 0.9823960858479842, 0.9828345673218838, 0.9824958873960871, 0.9828167610846448, 0.9830816345858288, 0.9825300720187718, 0.9824067120744633, 0.982819474479723, 0.9825704984086233, 0.9824188307887811, 0.9820749635033472, 0.9816500023077754, 0.9810536652724948, 0.9805733567382011, 0.9797743384932874, 0.9784695737257877, 0.9775397469353632, 0.9759025148027891, 0.9736995256244966], "val_source_regression_loss": [0.05399519715244603, 0.03321630787697567, 0.02612662288081494, 0.02166410190925287, 0.0229758440582141, 0.018522991350952797, 0.017657084693052588, 0.015907983995594416, 0.014387209528974097, 0.014404249297466818, 0.012796332819422909, 0.011905006094461983, 0.013142028924338757, 0.011351041970359292, 0.01130112444768381, 0.011519821945008389, 0.011655393305715103, 0.011504101661882203, 0.009629910182990845, 0.00954796258022024, 0.010955216376419375, 0.009950863879624825, 0.010039713396839086, 0.009415994374567915, 0.009522943701120508, 0.009043946154830847, 0.00902685248678562, 0.008769050753633878, 0.008798596665714007, 0.00843897346513951, 0.008436956324252733, 0.008578382803210218, 0.008735757086805667, 0.009992920658640136, 0.008362262604675095, 0.008580046934283273, 0.00841159850305575, 0.0087617673439561, 0.00825670722777107, 0.008950275127259884, 0.008555222620036761, 0.009038182054082773, 0.009923751768507775, 0.009597357682836283, 0.009619564614347686, 0.010123380384212182, 0.010124377746158724, 0.01131807966157794, 0.01188404801461822, 0.012758145212628849], "val_target_regression_loss": [0.2885535566765032, 0.13033341545208244, 0.09862517927340261, 0.08341680416113632, 0.08971113948875171, 0.0697686817425831, 0.0669702047446541, 0.0644273038739991, 0.059214211264803154, 0.052746629757676154, 0.051262850938424184, 0.049928467542787264, 0.047680757168656704, 0.045818080888337394, 0.04411739201706116, 0.043735422401623744, 0.04471652936427646, 0.04205091186105066, 0.03917058723960902, 0.03877904010450194, 0.036485741644575714, 0.03633898843056078, 0.03530308154595506, 0.033816882815496746, 0.03236767929640545, 0.032044616747339064, 0.030996683302815933, 0.03123419773379329, 0.029695051573928755, 0.02929558703723322, 0.0284548018685287, 0.02837047080218697, 0.027305721400222582, 0.026976943775347085, 0.026723290704617833, 0.02719141796207542, 0.02784552540819926, 0.02767735764170718, 0.02508234745188124, 0.024785402278374336, 0.025506880549583465, 0.025190305154604516, 0.024634854197739416, 0.02608949666439443, 0.024907329671417074, 0.027386704590290214, 0.02733548839760434, 0.03125437743558436, 0.03175943526350389, 0.031926052656712806], "val_source_r2_score": [0.8895140808595886, 0.9304736537765973, 0.9459285966178144, 0.9552618437087613, 0.9526354828403257, 0.962029707441153, 0.9636327761205095, 0.9673022043683717, 0.9700776795562619, 0.9699862961179909, 0.9739111024859487, 0.9755073473155497, 0.9726636470851209, 0.9765848991785543, 0.9767508171025621, 0.9761833045585191, 0.9758695453790307, 0.9764976423806866, 0.9797401844649688, 0.9803151566905564, 0.9775349264325386, 0.9794678135645973, 0.9793442252151341, 0.9805532321038587, 0.9800825611220512, 0.9814034441029668, 0.9812838875367439, 0.9817308038565571, 0.9814385583660369, 0.9823891166196583, 0.9824742637779258, 0.9822088206560509, 0.9820770229078758, 0.9789976605522355, 0.9824341709945335, 0.9821603536023884, 0.9824465558153358, 0.981826739230934, 0.9830286062558372, 0.9813334804299834, 0.9820000713922872, 0.9809949642216022, 0.979735837346337, 0.9799655371065514, 0.9799871449365724, 0.9787781358601874, 0.9789001544020969, 0.9765713826658844, 0.9754517266837742, 0.9734650213724138], "val_target_r2_score": [0.4061870724384387, 0.7347632764809346, 0.8030787310236597, 0.8325447294630898, 0.8178376844535254, 0.8586440954744339, 0.8671646531449239, 0.869543720657565, 0.8796429365070397, 0.8946459706198594, 0.896725137789213, 0.9002229212095479, 0.9036926680806106, 0.9076734817040146, 0.9101502811571668, 0.9124986437779365, 0.909800784766675, 0.9164522842716407, 0.9212067791650594, 0.9230984418490584, 0.9269561083967948, 0.927667786010295, 0.9296144188023496, 0.9326038834228905, 0.9350293970812719, 0.9356521942779157, 0.9384730857272756, 0.9373655398967426, 0.9401383281574479, 0.9416408582624914, 0.9432096248092361, 0.9435391014572638, 0.9459072965243536, 0.9455017457070807, 0.946014434713342, 0.9453819120609614, 0.9441555738992635, 0.9436097816602023, 0.9491069997952041, 0.9489482192889672, 0.9487938262748787, 0.9494424770525666, 0.9507566482227581, 0.9470710652641094, 0.9495205574951351, 0.9446634841197575, 0.9451513261163556, 0.936982620987504, 0.9353025679191613, 0.9364890737803025], "epoch_no": 50}