{"train_DA_loss": [0.25634037361393464, 0.1529867263405262, 0.12254512749980093, 0.11340398337671591, 0.10617097410998244, 0.10283422358061649, 0.0982255144197991, 0.09740277223452462, 0.09529518759664714, 0.09495379370203075, 0.09419018542308912, 0.09062781555567898, 0.08903767743660393, 0.09005740223966634, 0.08607240709079467, 0.08797339139884199], "train_regression_loss": [0.336621464260767, 0.05377123775164949, 0.037821270600369904, 0.02981724985066454, 0.02558601138708088, 0.023034274393787958, 0.02089970356059453, 0.01898107022537392, 0.01791435308665909, 0.01660537798088759, 0.015859879824457183, 0.015232678193776055, 0.013787721795365351, 0.013194258755559895, 0.013083366719517223, 0.012690169518810086], "train_r2_score": [0.3156164437602291, 0.8913548572515785, 0.9235116061159699, 0.9397671627422692, 0.9481836251726783, 0.9534256806677776, 0.9577760069661724, 0.9614602799138312, 0.9636021248974841, 0.9663575225957239, 0.9678829367019922, 0.9692269646050838, 0.9720265641663174, 0.9732796611555271, 0.9734600884686375, 0.9742547156417153], "val_source_regression_loss": [0.0663455261190416, 0.04191677266387803, 0.031834045573357186, 0.025973013430169434, 0.023940730828103746, 0.02078595564101532, 0.01946775425984791, 0.017391526712709743, 0.017003588995356467, 0.016124629842675035, 0.014520380204057048, 0.01376971259570805, 0.013096123999044014, 0.012525101011369829, 0.012574149171115866, 0.012029730492407919], "val_target_regression_loss": [0.3956533555582071, 0.19946468806570503, 0.11999595925733922, 0.09607967842299088, 0.09200644936815948, 0.08044255209291816, 0.07603770340229296, 0.07313325435255363, 0.07401863837934983, 0.06409259590136397, 0.059685280226218475, 0.05767358818156704, 0.05554958660701278, 0.05511639780916606, 0.05489507218478781, 0.050551147170507224], "val_source_r2_score": [0.8642934020842643, 0.911934746781441, 0.934198850730005, 0.9465030037015932, 0.9507924509036877, 0.9574360503739061, 0.9600621735796862, 0.9643973938572106, 0.9646598834222077, 0.9664420915914836, 0.9704427980690716, 0.9717252969536749, 0.9733185482209324, 0.9738902047320419, 0.9739782398580092, 0.9751454540686537], "val_target_r2_score": [0.1852557538841319, 0.5927222938650744, 0.760441590839082, 0.8071971737169826, 0.813441127592621, 0.8369550461874634, 0.8491618199597255, 0.8519016232139623, 0.8489128245295819, 0.8717248626131479, 0.8796438672977519, 0.8845297950291477, 0.8871027691167279, 0.8884507857081992, 0.8903678163698389, 0.8985657420296078], "epoch_no": 16}