{"train_DA_loss": [0.22075316790743327, 0.18264808528928914, 0.16448576442584043, 0.15656615464762536, 0.14976305804697207], "train_regression_loss": [0.10717465005767356, 0.06467503798747574, 0.052356940964866816, 0.04572795580228079, 0.041162025523959395], "train_mve_loss": [-0.07971242705182985, -0.100340399686826, -0.08559947434754896, -0.09607227383499839, -0.10763063818434257], "train_r2_score": [0.6637377924638308, 0.7967066642302586, 0.8361291044168236, 0.856901203175747, 0.8706369520598548], "val_source_regression_loss": [0.07411041642260399, 0.05927627944168012, 0.05175264912900651, 0.0463394658034964, 0.043615872870869696], "val_target_regression_loss": [0.09720278308270083, 0.07735014659394125, 0.06429682103739043, 0.055669167749346445, 0.05284177575995968], "val_source_r2_score": [0.7674280971073802, 0.8146258593580981, 0.8395596552732306, 0.854770502340526, 0.8639444141200467], "val_target_r2_score": [0.6919384893703816, 0.7543103802754578, 0.795861224371113, 0.8229654169615026, 0.827119879554338], "val_source_mve_loss": [-0.09866027391640245, -0.07300315854276061, -0.05439145320872213, -0.07371576749690019, -0.08590059662178444], "val_target_mve_loss": [-0.08356752603724124, -0.06984102125071985, -0.05456472379244437, -0.06991908182004455, -0.08468630844667839], "epoch_no": 5}