{"train_DA_loss": [0.37680805993472416, 0.22160574426053864, 0.1822505360043572, 0.16552908711094524], "train_regression_loss": [0.9860742301143829, 0.10592623258101494, 0.06345637700600477, 0.05149521422955519], "train_mve_loss": [0.4409054187654264, -0.08388355161298332, -0.08856269736115359, -0.09641173540680947], "train_r2_score": [-2.1078680369226035, 0.666832985766102, 0.8002959670569177, 0.8384332070388341], "val_source_regression_loss": [0.1725399399733847, 0.07745088778056536, 0.06038128075658516, 0.05236466779450702], "val_target_regression_loss": [0.20084929580141783, 0.10084023219859524, 0.08055324434854422, 0.0666105789933235], "val_source_r2_score": [0.45937911266503806, 0.7532143693542036, 0.809399843743627, 0.8374504978404209], "val_target_r2_score": [0.3624008029612983, 0.6810752948328783, 0.7475523113108715, 0.7891917882234031], "val_source_mve_loss": [-0.067253065586185, -0.08008329215856969, -0.12681692027172464, -0.06406374072810267], "val_target_mve_loss": [-0.04912136966706651, -0.06363727285224162, -0.12236504202150995, -0.052168757933530076], "da_weight": [1.4, 1.3946666666666665, 1.3893333333333333, 1.384], "beta": [1.0, 0.984, 0.968, 0.952], "epoch_no": 4}