{"train_DA_loss": [0.16258431138841936, 0.15055954351449144, 0.14401735265958898, 0.14347613536815756, 0.14560935971832797, 0.145144184577999, 0.14362552025145978, 0.1428933880773715, 0.14237812320809043, 0.1439608700260166, 0.14174959922321753, 0.14058113413466178, 0.14183597853049718, 0.1444868683147583, 0.14447197507406284, 0.14411256821243812, 0.1457855626395895, 0.14880392607131213, 0.15336378020195246, 0.159083159126246, 0.16092358698465706, 0.1613188995494485, 0.16005868528045072, 0.15987259236043505, 0.15734210446940045, 0.1587277275171315, 0.1561856924792857, 0.15570799432272667, 0.1551832038725316, 0.15699576630752526, 0.15705781634318108, 0.1585594803380901, 0.1575389564091806, 0.15747240988003053, 0.15984443239390958, 0.15746809753301594, 0.15988144716094682, 0.1592532775894325, 0.15825196648428602, 0.15859165983155396, 0.16094393668938053, 0.15998500704397559, 0.15943295529394852, 0.15903789434629667, 0.15802386606374322, 0.1591718827035462, 0.15659905047287018, 0.1574544106121473, 0.15588677587358782, 0.15642745068919942, 0.15513044305595228, 0.15346349637199472, 0.1547199181524502, 0.15239349990688142, 0.15235732117126366, 0.152060928551899, 0.1501472654873318, 0.148334808147068, 0.1489846800680407, 0.14806969588115076, 0.14974532610782756, 0.14705033586198768, 0.1460045910997136, 0.14685968654077003, 0.1439844982347824, 0.1437698044563887, 0.14393494817916938, 0.1414697663943663, 0.14260831433544158, 0.13923821003402717, 0.14025479065121527, 0.1394967167064466, 0.13852092077516331, 0.14017676280801214, 0.1368280351502477], "train_regression_loss": [0.5954736906769507, 0.13679160427989973, 0.0542578841806466, 0.04227811087287241, 0.04032352821598378, 0.03828623178508644, 0.0363841326566757, 0.034474414836281615, 0.03371769141140215, 0.03183026022024085, 0.030618208603528235, 0.029445809044005174, 0.028443744423981395, 0.0284832188496928, 0.029304986857933417, 0.030295972651895646, 0.030660248195524355, 0.03123799209794544, 0.03337725934400555, 0.03527473040108979, 0.03894281170502904, 0.04185428376134206, 0.043864929522481326, 0.044446726487115215, 0.04473205877662086, 0.04607857034628499, 0.0460536434728877, 0.04791500002837023, 0.04808518663474395, 0.04844219505980992, 0.04809135848646081, 0.04876350423055522, 0.049724813511550864, 0.05003326290527144, 0.05016814289151451, 0.0498939448451688, 0.05166822284548603, 0.05104959339850073, 0.052184231736794304, 0.0519986546077379, 0.054507740751126785, 0.05494191303467838, 0.054930156691023704, 0.056297602578044156, 0.05677473700862425, 0.05765625862898458, 0.059650451247963435, 0.06007664210215837, 0.059989336361321983, 0.060630301311544024, 0.06378472241584954, 0.06316501183786057, 0.0659506049541794, 0.06718290579152826, 0.06874686242055686, 0.07061243256795777, 0.06989039766382582, 0.074543944139449, 0.07490966400094126, 0.07740819425759683, 0.08102361449947959, 0.08116288617988827, 0.08378955301312795, 0.08380631959811534, 0.08394563296329659, 0.08680550558952244, 0.08728625302729104, 0.08832136233434272, 0.09159011814327846, 0.08877754741104854, 0.0914998612412587, 0.09013168511902012, 0.09259232009677608, 0.09387430509167571, 0.09210221991079164], "train_mve_loss": [0.142332860723034, -0.06789013287486675, -0.07002720424404854, -0.08859913634269122, -0.06606738139080119, -0.06514585183991266, -0.0662991418784154, -0.045336449446439255, -0.10289696164614771, -0.07482282990007448, -0.047764177625688985, -0.05510076955028927, -0.045538572729028885, -0.048710348773270955, -0.04766055521209617, -0.046342142198704715, -0.05914445435866659, -0.06394223853949137, -0.0488879823207198, -0.04945816109263401, -0.053456776160780865, -0.056609019328937124, -0.05842418586997012, -0.06032158085698402, -0.0606743684489709, -0.06272811814163635, -0.06330546534278003, -0.06421198048867231, -0.06560463617705627, -0.06713358727343367, -0.06829015823047935, -0.07012607210372801, -0.07308311847598722, -0.07173743467544712, -0.07391722745520031, -0.07455161287852817, -0.07613478362125257, -0.0766431907731597, -0.07909985770338591, -0.0799326532396064, -0.08227707749365452, -0.08459281767471617, -0.08462810336435095, -0.086828709043685, -0.08835414768038301, -0.08843470482416178, -0.09167957763099052, -0.09203916037850204, -0.09285527549622755, -0.09438435074667254, -0.09697477855265031, -0.09815105866645914, -0.09945431510173806, -0.10092984973086926, -0.10276411711306428, -0.10404793045209411, -0.10478708706540779, -0.10707857815925052, -0.10837095710951188, -0.10984459292089101, -0.1114383046642981, -0.11293345880507401, -0.1138683746490539, -0.11491871890450199, -0.11641071863826602, -0.11757848950756725, -0.1187123451756494, -0.12012284982207161, -0.1212584152306946, -0.12227916345170527, -0.12385583160380395, -0.1246298598006395, -0.12571385722620995, -0.1272593093380482, -0.12795698719347745], "train_r2_score": [-0.8598972553216062, 0.5720828534264666, 0.8284818404840804, 0.8665034754716985, 0.8719872410406555, 0.8787889478487587, 0.8849551088263037, 0.8912297597106613, 0.8930394675630973, 0.8990685301056829, 0.9028027302417942, 0.9069280748296147, 0.9106764652627153, 0.9101213589733385, 0.9073375120436781, 0.9041573075688104, 0.9031487371811668, 0.901448046972201, 0.8951647356427729, 0.8895351892904281, 0.8778938803717168, 0.8697124896542204, 0.8621809640777884, 0.8602430998976491, 0.8601494718442357, 0.854879255842691, 0.855577877824626, 0.8489500219842366, 0.8493292586261714, 0.8480074642522818, 0.8492553631254932, 0.8474057263840973, 0.8426487496097896, 0.8431434004316058, 0.8425595725825475, 0.8433998113660182, 0.838291397342925, 0.8400087211554924, 0.8355452794533965, 0.8373870277641985, 0.8277764688652158, 0.8272074979542353, 0.8268527175631343, 0.8232888537619449, 0.8230604332167722, 0.8195660648796901, 0.8119583607322216, 0.8118519870710199, 0.8122079833870698, 0.811318049038606, 0.799345347475627, 0.8028865771974647, 0.7942364346515245, 0.7898316880450602, 0.7842668264979266, 0.779029500235037, 0.7819817011067199, 0.7663886165879815, 0.7661611960906316, 0.7580882861423318, 0.7467719353580144, 0.7480873852152408, 0.7387308946902723, 0.7389310329041077, 0.7388134627773509, 0.7294630151361964, 0.7281971292221345, 0.724894454069692, 0.7141858775598581, 0.7232739743961576, 0.7145121927493616, 0.7200291194242734, 0.7108562952371213, 0.7078834333330023, 0.7136620337244085], "val_source_regression_loss": [0.2250581695490582, 0.08062855955094668, 0.045845181176996534, 0.04287644082407473, 0.04181095078634988, 0.03859303555908097, 0.03697302748870318, 0.03663930251221558, 0.03489596686165804, 0.03275731399323151, 0.03240619167970244, 0.030732170103272054, 0.03045461838175157, 0.03142244866485618, 0.03588260940400658, 0.03129123539254544, 0.03386048378814368, 0.03361470835390174, 0.03602554809278364, 0.0427879316993295, 0.0442686767145327, 0.04506565988728195, 0.04325609387248565, 0.047037300837647386, 0.04684515679433088, 0.05528023256475379, 0.0509043643547661, 0.046635802479306605, 0.044971350924509344, 0.04792927254204917, 0.048921193429239236, 0.04802616954941279, 0.05224364001754742, 0.04789757971788288, 0.05584468386450391, 0.05169924952469434, 0.0545018700538737, 0.049393177821425494, 0.05299082231132468, 0.05821602121232801, 0.05392318807399956, 0.05390523463060522, 0.060445809997855475, 0.058945540967545694, 0.05915283440214813, 0.06618345700868755, 0.06970057873779041, 0.06170519306116803, 0.05975389950404501, 0.06823665903774416, 0.07984865931378808, 0.06898639077071551, 0.0648743516652827, 0.06486745378014389, 0.06786307532364017, 0.0703721011093088, 0.06919581784754042, 0.09784867987036705, 0.08091135591173627, 0.08259126693484889, 0.09632024154731422, 0.10751972593082364, 0.08393833252369978, 0.08853304929509284, 0.07999492359531533, 0.0792296244080659, 0.09247997220439516, 0.08717165604993037, 0.08520294721149335, 0.09469293560951379, 0.08454596165828644, 0.09726489684099604, 0.10583579620927762, 0.08581744796436304, 0.09553812304215067],