{"train_DA_loss": [0.29884283793528293, 0.1749464609954758, 0.15876519789670676, 0.1520201009945089, 0.14919240602464084, 0.14665456494857887, 0.14293893741297328, 0.14139602831147707, 0.13917162548580378, 0.13416079414746226, 0.13771632272184875, 0.13701754321482107, 0.13716989611930996, 0.13817374402115723, 0.14114371972529718, 0.14342194867798788, 0.1442344261629599, 0.14293316655691843, 0.14622711270393793, 0.14825429896767875, 0.15290047190198078, 0.15037273507313276, 0.14730521440642189, 0.14627979970937238, 0.14590155553597092, 0.14514453643064612, 0.14512161718480548, 0.14693746202960747, 0.1452722093005285, 0.1459006672244948, 0.14451810076042765, 0.14380799399065688, 0.1450452751274028, 0.14567020607148545, 0.14447749490718573, 0.14525420210874168, 0.1424729823538356, 0.14704268237906193, 0.14949070233885722, 0.14715372270715493, 0.14328272341643297, 0.1438908166315073, 0.14454106655281712, 0.14498182023676212, 0.14773388613284424, 0.14564862078433716, 0.1446811049236785, 0.14328899102070977, 0.13761464177019608, 0.1375632254897159, 0.14033133446679907, 0.1394059543082426, 0.13655619364456567, 0.13908386537192263, 0.135399111495498, 0.13357594001942893, 0.1250246153732377, 0.12593575915359165, 0.12686506438390838, 0.11860128190501217, 0.11980665408728655, 0.11624101213804383, 0.11945761616513732, 0.11521973385317234, 0.119087479177733, 0.12030564360592984, 0.11690912252952645, 0.11670595374881158], "train_regression_loss": [0.8872231504789654, 0.14546064452746613, 0.05631382903339549, 0.04225674318149686, 0.03864819960757218, 0.035754308625510885, 0.03498230958136115, 0.03417734153078396, 0.0339845076613673, 0.03355223873214731, 0.03422226961208354, 0.03487674253558573, 0.035304406222800504, 0.035392091108973, 0.036722226386763826, 0.0362365273614048, 0.035334796236123095, 0.03475679283181862, 0.03382332480752626, 0.03664729637102355, 0.042236379477139256, 0.04873849383182483, 0.05896954982791784, 0.06480146567056286, 0.07139245005770564, 0.07978917965818694, 0.09017647261402725, 0.10421565263591694, 0.12220776761784959, 0.14731293423629113, 0.16839728101924525, 0.18980400908527253, 0.21884390161503822, 0.2459259569930965, 0.2728825420059495, 0.2907451940955802, 0.3024028043179233, 0.3104355498140429, 0.3149025195722606, 0.31895930607423484, 0.3208478049152076, 0.3233196239584761, 0.32533727432354276, 0.32671467701085527, 0.3279867351218595, 0.32924864985988606, 0.3306404212438646, 0.33162357833856204, 0.3312409811634468, 0.3319636765438416, 0.3325416923141349, 0.3333318891919727, 0.33365458517013563, 0.3337613291888612, 0.3342079041318004, 0.3337687889635018, 0.33433142063332216, 0.33413173980207284, 0.3344092640269827, 0.33451553104510034, 0.3344417770122479, 0.3343289528294063, 0.33470268449465146, 0.3345143419351613, 0.3348749732050425, 0.3347818067457384, 0.334923207841582, 0.3351156332783769], "train_mve_loss": [0.29745674148432644, -0.06919498317466344, -0.07057293420453203, -0.0607163729282331, -0.0952124782468463, -0.058243110586107594, -0.05540864765337605, -0.049973893096803314, -0.06420373235628267, -0.0515960258733093, -0.04887347504363772, -0.05473393520427156, -0.05657298917459899, -0.04900968203110828, -0.06852567160435674, -0.05105124942794905, -0.04950966858185855, -0.08788589155046062, -0.05085857638874699, -0.05318052604857498, -0.055633877849689865, -0.06142166880141583, -0.07379290364151463, -0.07140208143652357, -0.07430584156388584, -0.07741427753832347, -0.08065125383300471, -0.08364301551494345, -0.08481466030221861, -0.08406212059627721, -0.08139477247011319, -0.07702353882809362, -0.06878698201615098, -0.05938162939313125, -0.04843066717994738, -0.040452554379930374, -0.0350527962864678, -0.031190069313152564, -0.028948276977087125, -0.026953483216415143, -0.026102865144710007, -0.024946506689362213, -0.0238884689841399, -0.023277570320492512, -0.022785380613773897, -0.022059847363032455, -0.021424352081677277, -0.020972224485113794, -0.021284835254330822, -0.020957854940552585, -0.020734317955719325, -0.02038188266820722, -0.020320057131731423, -0.020366171479201323, -0.020142069471858686, -0.020489486863783865, -0.02022508055527594, -0.020386226750421635, -0.02035605639578533, -0.020407505928482554, -0.020546890912071836, -0.02067972878181466, -0.020544274379601414, -0.02076698720141891, -0.020648590087085295, -0.020796094493688487, -0.02077793438963156, -0.0207759006916404], "train_r2_score": [-1.787132509997108, 0.5474259577340871, 0.8231317498225684, 0.8674591041317252, 0.8783049361334218, 0.8873711942170983, 0.8898902053941476, 0.891971483285568, 0.893241382383191, 0.8940355172295577, 0.8916572630325437, 0.8895300030385007, 0.8892054873063368, 0.8884548572952854, 0.8838401136073851, 0.8854900103995005, 0.8888957062042113, 0.8907525380559832, 0.8933024020285162, 0.8849736701699943, 0.8672994659974516, 0.8477224760850656, 0.8158034567569619, 0.7976546644018675, 0.7778974117770674, 0.7513980561290464, 0.7189023448973526, 0.6752371445377026, 0.6202882042416051, 0.5427483528138871, 0.47739595342698443, 0.41194444202105185, 0.32363485551444077, 0.23745913149899514, 0.1546287416534156, 0.09889465962610246, 0.06299195087466183, 0.037299884125721355, 0.022769053005069335, 0.011118075170088662, 0.0042321852170140615, -0.0005837026161814743, -0.005833719272820877, -0.010107838244227662, -0.015170604775837893, -0.019485386612812364, -0.024310786341650025, -0.027921994082889954, -0.02704706057801264, -0.02767262388181871, -0.029648523698616334, -0.03247575941770948, -0.033124381395060194, -0.034344579031254166, -0.03523120151289162, -0.03327140198643828, -0.03706661747573455, -0.03550823647797516, -0.03506662296797045, -0.035586959425811526, -0.03631902506912077, -0.03758435292996887, -0.036895959795006705, -0.036642600285780494, -0.03982864491065946, -0.03569264535892447, -0.04133397381920372, -0.040520463592195854], "val_source_regression_loss": [0.23358750713478987, 0.08262382200948752, 0.05018237532134269, 0.04169855418075232, 0.03940072552461153, 0.03859201388635263, 0.03653531857309448, 0.035761181882042796, 0.035289817293927925, 0.03520659042913823, 0.0354369600380587, 0.03727670938108757, 0.03741972661535641, 0.03760357260419305, 0.03805456789815502, 0.03823751383194118, 0.036705473859076666, 0.034474660114497895, 0.03469037163741649, 0.0409392182816081, 0.04560118316892226, 0.057380840929735236, 0.06561979767718133, 0.0706067843374553, 0.07965948755384251, 0.0955916607313475, 0.09553225075078618, 0.11183413118124008, 0.1345386157749565, 0.15353403496704285, 0.1742380482565825, 0.2083256154493162, 0.2306079189678666, 0.2648086671236974, 0.2986816560766499, 0.2972522801274707, 0.3084426808888745, 0.3140229806778537, 0.31575769527702574, 0.320203891320593, 0.3213310843440378, 0.3258507306788378, 0.32685610614005167, 0.3283869149578605, 0.32852511136395157, 0.3335854164354361, 0.3320294451561703, 0.33138663582741074, 0.33143799272692126, 0.3363274585479384, 0.3395241333800516, 0.3362106654294737, 0.33598450367238114, 0.33278452998893276, 0.3342248741418693, 0.33363999189085264, 0.3402312742486881, 0.33481342634957306, 0.3357387808667626, 0.3357463290167462, 0.33503695136042916, 0.3344375848959965, 0.34141829420047204, 0.33615622645730425, 0.33828349905029226, 0.33612560637437616, 0.3344963604857208, 0.33404457189474895],