{"train_DA_loss": [0.2885015266972987, 0.16121873269078937, 0.14223241268689496, 0.13427427530942496, 0.13121603979598015, 0.12669611599643663, 0.12501604184235907, 0.12722393663317455, 0.1271150911012341, 0.126180047833342, 0.12988068820939314, 0.13005638003376546, 0.13098956940787584, 0.1329347336429837, 0.13271662528870093, 0.13205360109071626, 0.13337675862055157, 0.1341097750164691, 0.1308086227210174, 0.1323181885674296, 0.13281571880745713, 0.134223319848887, 0.1329182271030093, 0.13617349381284477, 0.13502196846717127, 0.1343853547692408, 0.13757021247087492, 0.1381206507615786, 0.13981002007340382, 0.1409637230964313, 0.14641544822828206, 0.14748710956444905, 0.15200631579271837, 0.1582157366263801, 0.1589660181968696, 0.16232402745968028, 0.16326751934544914, 0.16395105961608059, 0.16358546092016604, 0.16342430900938987, 0.1628089653127154, 0.16512600551112477, 0.1652477524588923, 0.16498684771427072, 0.16258780175387533, 0.16336633372622827, 0.1627120481262586, 0.16020247828167689, 0.16186179029304104, 0.16075666736423205], "train_regression_loss": [0.2731528136201571, 0.04766798062995757, 0.036901398753437474, 0.030236880901955764, 0.02644742823714966, 0.024037311286912378, 0.022017195302366503, 0.02048613288026078, 0.01950825166452669, 0.018757466064217812, 0.018169040974294275, 0.018194611217074056, 0.017337183449315195, 0.017236699232698795, 0.016921250342852835, 0.016564575373407938, 0.01640073240009329, 0.016207222049116028, 0.016367904557139906, 0.016245864293839396, 0.015754081361622325, 0.01596022103283166, 0.01564258868785633, 0.01560112466725778, 0.015478018150704025, 0.015146845634566992, 0.015153440611072606, 0.01510260291069821, 0.015377037779860525, 0.015364963813281365, 0.01647007252516181, 0.01739763411594524, 0.018855027235972897, 0.020093975446086505, 0.020503755712922546, 0.021856444620934248, 0.02332096458736201, 0.02498954629578323, 0.025708241933885233, 0.02710995948286063, 0.0285292542590615, 0.02964391016743573, 0.030238856220961816, 0.031539489936945074, 0.031888029996945885, 0.03265138287471788, 0.03456209374802831, 0.03478963714828493, 0.03564942376756227, 0.03502427025185643], "train_r2_score": [0.13850668232170993, 0.849668365226412, 0.8841726124789385, 0.9049092313679801, 0.916669360224039, 0.9244233994867687, 0.9305639101736025, 0.9352870288883203, 0.9384980286167367, 0.9404866649655451, 0.9424997181372037, 0.9425041098367635, 0.945259873840634, 0.9453171286102208, 0.9463970166946333, 0.9477920805457873, 0.9479094883727843, 0.9488821688920384, 0.948038188953363, 0.9486812342548828, 0.9500936261237032, 0.9494862734287112, 0.9504022769155701, 0.9503401127464822, 0.9511648537516326, 0.9520591335433904, 0.9521008688102831, 0.9522734610843201, 0.9514561910457174, 0.9515139620316886, 0.947654514971487, 0.9449115836462639, 0.9401241813765003, 0.9365132174639851, 0.9351605265159503, 0.930765355999299, 0.925960052865528, 0.9205756603156614, 0.918641736007893, 0.9141891274524868, 0.9097635343424926, 0.9057567955349509, 0.9041687841735033, 0.9001485345854965, 0.8996268873604981, 0.8961124933708168, 0.8902872628117021, 0.8897281128645305, 0.8869906541488755, 0.8893679781796947], "val_source_regression_loss": [0.058273695931313145, 0.04231323070444499, 0.03295215276206375, 0.02953543898406302, 0.02630164629073849, 0.022331901891216352, 0.02085640267498649, 0.02003893966839951, 0.018981131665693346, 0.018293670873946635, 0.017943021437971836, 0.017092956271568302, 0.018309323526444328, 0.016460214673310138, 0.01815556114610688, 0.01583316962821943, 0.01605924141777169, 0.01581669026677301, 0.016558509850933864, 0.015799351700931597, 0.015364674338181117, 0.016371795922446593, 0.01863027766797763, 0.018321978088444584, 0.014722707951263448, 0.0211890996107535, 0.014966952059845067, 0.015183909899988182, 0.015866412235435785, 0.01591161311942206, 0.01660073049971537, 0.018426284253312525, 0.018879182099892644, 0.021872186140531, 0.020839064631160278, 0.021323492931451197, 0.023111756021975523, 0.03385651941488313, 0.027692887949858122, 0.02680794965879173, 0.02824478073247299, 0.029143284703753176, 0.031175910756229216, 0.03073101480651623, 0.031128638566347063, 0.03261904116530137, 0.034871756597451724, 0.04107615001689477, 0.033481425694694186, 0.042365658411364644], "val_target_regression_loss": [0.10340377626715193, 0.0709555059030747, 0.051134135538510456, 0.04552517203127692, 0.03954798590605426, 0.034320719629099036, 0.030813081842509044, 0.028532200451394554, 0.02820488021584453, 0.02589985973848279, 0.027044367656159172, 0.024896208345178205, 0.025209900484105964, 0.02381402933910774, 0.024670410159809194, 0.022978340038306014, 0.02323233387225373, 0.02276099211340592, 0.023826369292037502, 0.022470702577358597, 0.022857031025656848, 0.0221268174232571, 0.02613984166413166, 0.025884273373017644, 0.022286783263182185, 0.029284277883399823, 0.02324220805672134, 0.023525003153996863, 0.02264808055760849, 0.023406595733182826, 0.025250048489327645, 0.026528528072889065, 0.028397610369524, 0.031192426290956272, 0.030014925458391382, 0.0310724186266114, 0.03146131236438349, 0.04365681866361837, 0.03668466495694059, 0.03561916778896265, 0.03637141724870463, 0.03741409510943541, 0.040081788673047805, 0.03957055601036283, 0.03941001511137387, 0.04132537999350554, 0.04289890464490197, 0.051368218093256285, 0.04174893107383874, 0.04882075543853508], "val_source_r2_score": [0.8130534062944337, 0.8656488142710845, 0.8963824465817565, 0.9063215567428482, 0.9159599901241908, 0.9297388398761072, 0.934513311481955, 0.9360947167193617, 0.9399963893961593, 0.9419169541882687, 0.9430679311631198, 0.9452161740313173, 0.9411553644405767, 0.9471389742334015, 0.9416008093285766, 0.9495912600822487, 0.948654652523116, 0.9501695479737643, 0.9480036803070881, 0.949904441669285, 0.9506182210905718, 0.9477469069707477, 0.9401467157742903, 0.9419141629852432, 0.9534661580353143, 0.9322027890379551, 0.953061283304936, 0.9518971161426756, 0.9504813851173372, 0.949032940926223, 0.9481059469357868, 0.9409240654599874, 0.9403508252984819, 0.929833219219916, 0.9341602467401525, 0.9320155522976845, 0.9264257120916694, 0.8904783431780375, 0.9119620946581276, 0.9149696632759835, 0.9093107239925048, 0.9077830380005572, 0.9006905098584552, 0.902183085945693, 0.9014512866739042, 0.8962802199289716, 0.8892359622237128, 0.8676855994843112, 0.8930833009659073, 0.8663503168461848], "val_target_r2_score": [0.6724822902699286, 0.7732997047135419, 0.8357071876883926, 0.8539574662657669, 0.8731972972828155, 0.890490319826984, 0.9019266746363307, 0.9084352709101152, 0.9098555545076619, 0.9171084033853787, 0.9142547387789508, 0.9201391674254312, 0.9167955557942493, 0.9227690540738367, 0.9199502644798978, 0.9267581402633186, 0.9254191743519461, 0.9249073286107883, 0.9230508820089378, 0.9272118904222258, 0.9263248765564356, 0.9290457412313964, 0.9141052884289749, 0.9174188219014233, 0.9289080249735441, 0.9038874846297065, 0.9254800468037659, 0.925117642567801, 0.9267017083865452, 0.9238398075582211, 0.9178930027994148, 0.9128620334577434, 0.9062295856359689, 0.9004091992787137, 0.9034151120043357, 0.8985779771191391, 0.899764049877502, 0.857674789221778, 0.8815059563327584, 0.8841962948075263, 0.8831204917715988, 0.8784740798884906, 0.8708198089369988, 0.8715720437953857, 0.873990777594871, 0.8655558406997657, 0.8626607774577277, 0.8254510783394433, 0.8658613145793229, 0.8415857770996091], "epoch_no": 50}