{"train_DA_loss": [0.3768031206356542, 0.22090181317418758, 0.18320026828939778, 0.1697308347378287, 0.15981706583249286, 0.15272374383056403, 0.14882482282504086, 0.14573325464668832, 0.139650486035092, 0.13769131334978657, 0.13972430040130232, 0.1371052197063209, 0.13410634588334416, 0.13270046079779893, 0.1312219456001653, 0.12891829099635538, 0.12570341647869926, 0.12428557804668189, 0.12208354095817701, 0.12131253576801726, 0.1207754862591815, 0.11879812977813062, 0.11761237210994228, 0.11860543122375469, 0.11792124021573629, 0.11755096425440237, 0.11695174932806758, 0.1176239694358008, 0.11624434461623048, 0.11586516984896751, 0.11351400792898382, 0.11459842461145991, 0.11593903222511194, 0.11412222526790455, 0.1146320920008519, 0.1135774649529832, 0.11434291508831969, 0.11431698849121658, 0.11580266443232731, 0.11798851824683942, 0.11701783817772238, 0.11735216765179277, 0.11850965616907891, 0.11771852615709932, 0.11820729930886839, 0.12157801892165727, 0.12461667917873132, 0.12662786251475433, 0.12531511576154986, 0.12759401412234664, 0.12898793461063443, 0.1328643185020147, 0.13701151814686316, 0.1353286781928875, 0.135945425690637, 0.1355790374987849, 0.13632654257704396, 0.13778636293312096, 0.13777909688719667, 0.13885938792984925, 0.13827674865205067, 0.1399156444142462, 0.14164383657671634, 0.1391533344125944, 0.14130200805241272, 0.14389354101564375, 0.1444931078559193, 0.1446088562894892, 0.14501372515692135, 0.1448182384304743, 0.1446765464963817, 0.14579653935387757, 0.14673986913163004, 0.1471853283535301, 0.14810080132983502], "train_regression_loss": [0.9860293475035884, 0.10648268677968484, 0.06693514343351126, 0.05754008175468096, 0.05082821722399491, 0.04814698073291092, 0.04542064393906287, 0.04229382084345469, 0.04016769019090034, 0.039486580818612296, 0.03849421536049361, 0.03593460915668083, 0.034914067150408595, 0.033200807916255876, 0.03174690453001933, 0.03046099930810972, 0.030408715479368756, 0.028920524909418124, 0.028278504721769276, 0.027783279212692264, 0.02719978106138339, 0.025613692429059712, 0.024897279601775697, 0.027116904022441105, 0.02443214129338167, 0.023536457475002385, 0.023056510262109572, 0.022615547497097873, 0.024233050618007426, 0.023570172589568512, 0.02205143707048427, 0.02222129856014941, 0.021109836794933137, 0.02106127846505922, 0.027216885726680975, 0.022855858251254944, 0.023220539086207175, 0.02234323363465136, 0.031219234545349094, 0.02765279943361824, 0.026635596682309044, 0.02793738434101426, 0.029131928641839427, 0.028123918613435963, 0.0324751387777614, 0.03352191848714429, 0.03272025911495008, 0.02686323706908543, 0.025823979434204822, 0.023923875563105455, 0.03338161069675054, 0.04153701315856993, 0.026023438461703782, 0.025087947265961814, 0.034426925868609785, 0.035211475179539195, 0.029482813093171096, 0.03466006797539169, 0.041345401559794624, 0.05163762383197027, 0.026913975850275464, 0.03718065040380144, 0.028532847948968276, 0.029511002558104734, 0.0484854871542508, 0.05119839768986161, 0.03366116103009616, 0.026402780139594045, 0.025851962834228873, 0.025207612646481456, 0.02796526834533858, 0.026679000936421334, 0.030898138586179756, 0.036460340112427304, 0.026816050411360356], "train_mve_loss": [0.4408959904136528, -0.08131298909416691, -0.09841387386993936, -0.10266595911464468, -0.10802569255484795, -0.10799070049955814, -0.09850387511369679, -0.08818880824705883, -0.10240190524192462, -0.10017983515455747, -0.1228201257054723, -0.08956428438125406, -0.10461020332861562, -0.095945103474513, -0.1003583088845791, -0.10518703985979723, -0.11211089260018069, -0.10605276896408887, -0.08786381021741321, -0.0767985569646027, -0.08641775522527491, -0.09637974532256396, -0.1133950526291467, -0.07248837366794667, -0.04570543774534732, -0.12338203753104648, -0.0805084731947406, -0.10180718166637873, -0.05667738833016047, -0.07939608631080095, 0.008161426582705685, -0.06137316875581986, -0.010285368605075878, -0.02787235990112181, -0.056021589322068424, -0.11096232308677553, -0.09768924094018079, -0.0808156883161876, 7.962792036339804, 5.335779364321252, 3.86182316338858, 3.1227931339954327, 2.847472900786936, 2.273124315076162, 1.711456713326049, 1.550380421382285, 4.809853694536187, 4.013872715676888, 2.8370274973614396, 1.722177496714555, 0.20363962167782038, 2.015391111666749, 3.2835148327202424, 0.6665290148700613, 1.6388287331493507, 0.31028102747619263, -0.1497589555863543, 0.5103779635145252, 0.8509956301416405, 2.045322095159734, 3.199084021695898, 1.216677376711009, 1.376163558853991, 0.38852104375294666, 0.6987332363831734, 1.4497815771607283, 0.7835538293587442, 1.5644798398671682, 2.0416563322873604, 0.007496284266467286, 2.4419635069885137, 0.2797739716073059, 1.628157373450499, -0.0021751169683547926, 0.11119040871171836], "train_r2_score": [-2.1077459594245997, 0.6650628107321978, 0.789883538025289, 0.8186176159347167, 0.8395607148769768, 0.8489169642242665, 0.8576258020210505, 0.8671825249985651, 0.8739413839266662, 0.8761360357149905, 0.8783974738336051, 0.8868726512619907, 0.8904832018356608, 0.8957304781524589, 0.9002541951734665, 0.9042862477296769, 0.9046913658600306, 0.9092962921197, 0.9111556648652541, 0.9129636932508008, 0.9147168283031943, 0.9195303134514746, 0.9218609490495048, 0.9146800085501482, 0.9236676135069117, 0.926147584822476, 0.9275699741835469, 0.9284316511835584, 0.9239367317383395, 0.926004373252396, 0.930703865557221, 0.9304336723888316, 0.933818827689989, 0.9339208007323466, 0.9142648906257786, 0.9279740212836354, 0.9271175694673269, 0.9292862350803809, 0.9019712212936505, 0.9128891035978961, 0.9158040253484169, 0.9120225394118363, 0.9080371643109023, 0.9109040369091671, 0.8971589482408712, 0.893568045682191, 0.8964709766969146, 0.9151078728034461, 0.9187492610142725, 0.9247726720792785, 0.8947922578715863, 0.8684836397312364, 0.9181661697963605, 0.9206018877172544, 0.8909401866168869, 0.8888857585798864, 0.9064204877942587, 0.8904790463574098, 0.8695365378769071, 0.8376654173289639, 0.9154331073555128, 0.8835003935158106, 0.9106611913559951, 0.9075131199789362, 0.8477023409962605, 0.8379669650127457, 0.8936132572783826, 0.9166079338961636, 0.9190006213547486, 0.9205419091593429, 0.9119110662950924, 0.9155595435064854, 0.9025446275412784, 0.8846478332141979, 0.9155280987963602], "val_source_regression_loss": [0.17231712400153942, 0.07634634908976828, 0.06604589493411361, 0.05445970492852721, 0.05327139316708039, 0.05124323030898146, 0.04735134888416643, 0.04367320570549008, 0.04220825138317931, 0.04297236828904623, 0.04130149893699937, 0.03959250386068775, 0.03739358958117901, 0.034948873001441456, 0.033644460728925886, 0.034276039618405564, 0.03229767458430331, 0.030975317920611544, 0.030384781337372817, 0.03163071228843776, 0.028002937472644884, 0.02772307442797787, 0.027538347657129262, 0.028021848523265617, 0.028133277431320235, 0.026830072550304757, 0.0259239071161504, 0.0241096831270891, 0.028781293565110794, 0.02528879340666874, 0.024318584501980597, 0.023680221526675923, 0.022121327365659603, 0.023365430017802745, 0.02578695267320249, 0.025343568960003032, 0.02595379414736845, 0.024446897736637836, 0.027345190376375512, 0.02941605375166152, 0.027723161883320017, 0.03235825758047734, 0.028267905958423947, 0.029040398912587362, 0.03073487904183804, 0.06153018296856409, 0.033412485131341374, 0.028341300720289633, 0.027888156443976672, 0.025235708467780973, 0.07072952626996738, 0.02732184357573367, 0.027994381708751438, 0.03960830190331693, 0.02198813432697088, 0.033326056299458263, 0.027652861348762634, 0.033296638731933705, 0.0759964179081522, 0.026950287780943948, 0.024851801594612515, 0.02450337385533342, 0.02838196312403603, 0.027168527696352855, 0.09636819099259984, 0.043034144107750645, 0.0649785429334185, 0.024259082949275423, 0.03968331777745751, 0.0440534112536034, 0.025372502530456347, 0.026103724755204408, 0.04419965269696561, 0.029825503285381066, 0.03435672508184887],