{"train_DA_loss": [0.37680824878719216, 0.22383284872530584, 0.18670142710317858, 0.1698120926154379, 0.15840967000892872, 0.15291697709690064, 0.14879809108169467, 0.14281822589159665, 0.1358467372342045, 0.13244983416316278, 0.13177528435286046, 0.1272750902696218, 0.12350811690119329, 0.12331681322626484, 0.12135277309844873, 0.11937160449446446, 0.1183172321488478, 0.11688555430763928, 0.11476731849953505, 0.11540348944977825, 0.11544185011925165, 0.1148205551998162, 0.11420525203865886, 0.11629618538485693, 0.11652850009623568, 0.11652234690417101, 0.11610406191791434, 0.1163066877375682, 0.11618518815724897, 0.11600377122910738, 0.1139284690784144, 0.11522946952820041, 0.11641230581284005, 0.11543802897934503, 0.11593554891523321, 0.11504193210814291, 0.11633006225883198, 0.11825476369566848, 0.11656322673480733, 0.11756764790230521, 0.11577450773479515, 0.11805833379654605, 0.12026859661887725, 0.12378737445532513, 0.12370047950521247, 0.1255781534425846, 0.12379166042564992, 0.12425982343267915, 0.1240565704362266, 0.12528016792109722, 0.12574451114349, 0.12668041896476825, 0.12854966332614967, 0.12861288537082333, 0.12899889509573279, 0.1269617402411902, 0.12738272225589814, 0.1273873505374958, 0.12838477705361856, 0.1280449121863576, 0.13065686212406516, 0.1340608008110545, 0.1350088651671706, 0.13303439635817485, 0.1371490848225148, 0.13904669950333112, 0.14155766422395513, 0.14437184912549295, 0.1464611314359705, 0.14576602643406805, 0.1445653371145128, 0.14555714004953993, 0.1457422895244641, 0.14598175561161103, 0.14513172523903453], "train_regression_loss": [0.9860725182311191, 0.10997388812064635, 0.07043550276560147, 0.05521077089440724, 0.04849861567359847, 0.04529416914075831, 0.04353608977189202, 0.042182597367457324, 0.0400576670568988, 0.03843439491618922, 0.037879173203764764, 0.035508390997027406, 0.034199368739006884, 0.03225266816727885, 0.031426431859760004, 0.031655042496947415, 0.03523718257106064, 0.03181228705322612, 0.03205694298479549, 0.035569191677070185, 0.03352842470324535, 0.031459840546639625, 0.030407269702376408, 0.03469295790878685, 0.03324527300509473, 0.03352270256029868, 0.030756292183640017, 0.030493365577720036, 0.03026298924402029, 0.029817332303359204, 0.03074077383565701, 0.030893569229037878, 0.030737787404249147, 0.03053441104841788, 0.032417823059971304, 0.033107523682954595, 0.029978288098372913, 0.02811923553704044, 0.027955215368113417, 0.028078790514438772, 0.034455556265832736, 0.04610409831944887, 0.04108929496013323, 0.031136440308985915, 0.04281079882697987, 0.05741875740091642, 0.03824866425511606, 0.04446795748264088, 0.08754100725037715, 0.08864408781006251, 0.06123549090204607, 0.050320458641851244, 0.06646951459862387, 0.10451535854686113, 0.21304544162216307, 0.08203412705804247, 0.07887714081043735, 0.06076700869825084, 0.05743659812092127, 0.09520323045374707, 0.20363812886478153, 0.2265551133622744, 0.20774070186782254, 0.2311090123218227, 0.11655443360589758, 0.19613395207706275, 0.17238080452862017, 0.09872413009330222, 0.1176906641508015, 0.07930946199332366, 0.20047503302020228, 0.19917758859326243, 0.2718872317135116, 0.1686598180267122, 0.28208719091438833], "train_mve_loss": [0.4409055550305183, -0.08277496284212733, -0.09305911539956736, -0.0891815819275281, -0.10458811182806257, -0.11469192480263207, -0.09882943689486036, -0.10347909905004504, -0.10582096792989065, -0.12184196901362955, -0.11036862277338993, -0.13037787573505705, -0.10201447377052887, -0.11803655643731192, -0.09186739046330916, -0.10010570672492222, -0.09638647962501187, -0.07247487291816275, -0.11676109871287342, -0.08732481261841285, -0.08836977670762614, -0.057485047440083745, -0.10449761322357265, -0.016348939839115458, -0.061125694156898495, -0.12994490581576523, -0.030976598547734116, -0.10862633665441322, 0.016085962119633146, 0.08419270508529336, -0.012479231200798992, 0.15125132752224885, 0.10565587633222995, -0.061931498604103026, 0.13812148876375838, 0.5406936984781646, 0.9384223846565435, 0.8682528101520739, 0.4710008515244251, -0.022361523713541966, 1.379238522882272, 0.9290965927792015, 0.9957892371318601, 0.33726383173468794, 0.723318970311004, 1.2107888290220068, 0.00704385186894584, 3.178050251095343, 4.507334888250425, 1.2643066702216483, 2.405138991047342, -0.04793794187474519, 7.082029495381459, 5.4645625047106465, 0.7167011315153717, 5.611880735884092, 3.205760820650443, 0.1474103587432688, 0.12470718179667671, 12.148161272239962, 54.144778559822186, 11.33453668433393, 13.788287569336266, 42.79993338988208, 32.471817785336626, 40.15685408273852, 178.5760322432702, 136.74393770313554, 294.94696286379934, 36.87238670908974, 18.55759091202682, 35.7211320663392, 315.6864603942467, 98.39568135284154, 512.2985622962725], "train_r2_score": [-2.10786303880484, 0.6539966278271704, 0.7777523718716869, 0.8267205720625673, 0.8473290395459045, 0.8578751889798499, 0.8632870263878536, 0.8675173702276464, 0.8744117872051895, 0.8793368495548027, 0.8806567735546935, 0.8882614500443919, 0.8928396296974679, 0.8986855407305199, 0.9012574916348939, 0.900505122492935, 0.889460333697104, 0.9000220213450292, 0.899265532628163, 0.8881189072168226, 0.8944594002237481, 0.9011797837127663, 0.904376604673024, 0.8908150752462531, 0.8959589226380915, 0.8944286702580627, 0.9034125977573499, 0.9034247650019197, 0.9049086138173354, 0.9061088069513764, 0.9034952466526948, 0.903269077806635, 0.9036612991556277, 0.903975981113673, 0.897855196922646, 0.8959900961399375, 0.9058301354804777, 0.9112800523570472, 0.9122437448319756, 0.9116694185010139, 0.891616942355311, 0.8552570954004611, 0.871113945566552, 0.9019673975228665, 0.8653626912286965, 0.8195725474297786, 0.8792303855454887, 0.8592395949467808, 0.7222764381406518, 0.7194663026948533, 0.8063451043892157, 0.8407187227202327, 0.7903942900785099, 0.6681864878649508, 0.32077680019710697, 0.7397133136206606, 0.7503757532466127, 0.8079121598950596, 0.8184753443888279, 0.7003319178821418, 0.3565568467030835, 0.27886410863123723, 0.3391567900245706, 0.2624459969663242, 0.6305343866177134, 0.3784552221778975, 0.45022127302105486, 0.6874085918393547, 0.6312516504800921, 0.7482776772969735, 0.36577649726762657, 0.3677671629400214, 0.14256534654249692, 0.4650283073165021, 0.11231836528025695], "val_source_regression_loss": [0.1725409889866592, 0.0836979485810942, 0.0644252504916138, 0.05421421993642476, 0.050731629572191815, 0.049496000336044156, 0.04742449518459238, 0.044551427137984594, 0.042858780960843064, 0.042180934766675254, 0.041652930680970854, 0.038738051298887105, 0.03785966572820381, 0.034368227265632836, 0.0328933974894084, 0.03295964518099264, 0.035552441468758945, 0.034261771370983046, 0.035904438857724714, 0.03557422130730501, 0.034792702158640144, 0.033713930565270646, 0.03394095313136175, 0.035367665770849224, 0.03615814577313555, 0.035433969929055044, 0.033503330745704614, 0.033074264005301106, 0.03482070405653138, 0.03184674641675061, 0.03598941357177534, 0.03101806741824765, 0.03297714702785015, 0.04021470571399494, 0.030551370405325084, 0.03352300754516937, 0.031559040663158816, 0.03042716846747953, 0.02983700807627504, 0.028447877734330048, 0.030454320678855205, 0.05058915408885783, 0.034005864297935534, 0.03037299604339015, 0.03667253237454944, 0.047522504938540946, 0.035710855630362866, 0.06528434041104499, 0.05470147637567323, 0.10278171402918305, 0.057020442133211786, 0.04994913989049234, 0.04603396466440836, 0.45869594527657626, 0.10831433223785868, 0.07045869053501612, 0.06415978868960574, 0.061830765170276546, 0.05395950713924542, 0.16737742869147829, 0.7647858110203105, 0.14145813792184658, 0.37245825796749943, 0.10073475803064692, 0.20906209380953175, 0.15439093317006045, 0.1186375159319419, 0.13613208131805346, 0.0640997109685544, 0.048468290668004635, 0.22803745898091868, 0.12239786154430383, 0.29211706786778324, 0.0753155377260439, 0.9760884559078581],