{"train_DA_loss": [0.5154324073133346, 0.45230396881944734, 0.3811156859236618, 0.3151258596064186, 0.2612321904606749, 0.2201399196218529, 0.1971921915328045, 0.18461438932437346, 0.1743545637719701, 0.16952468555631758, 0.16839535067188238, 0.16642400907723734, 0.16440706361609578, 0.16341078022607283, 0.16382579219406657, 0.16215697148818203, 0.16332467445180882, 0.16308610323796108, 0.1600348542102185, 0.16207099285051635, 0.15951796377271796, 0.15872946811305322, 0.1566517118711903, 0.15826789205944952, 0.16080777558210346, 0.16069077659514094, 0.15995372812752315, 0.15993257243547188, 0.16009425275858621, 0.16051738874704136, 0.15654842771412686, 0.1557942204844799, 0.1548384425708755, 0.1555323578635234, 0.15561182931801082, 0.1536261776846985, 0.15475688670409446, 0.1563988664822561, 0.15421708452581706, 0.15687091959814048, 0.15704971292418798, 0.1559356257755316, 0.15552320529517788, 0.15599627296356877, 0.15522099790287627, 0.15695357730635995, 0.1547310562426364, 0.15706299085994088, 0.1543254479425372, 0.1544790332643162, 0.15646163732412746, 0.1553049776260443, 0.15762761911510115, 0.1566025912012544, 0.1593888594515254, 0.15841198634948767, 0.1595138561532201, 0.15976520524218923, 0.15955669428111213, 0.1603660283293541], "train_regression_loss": [1.7843987737974694, 1.3878082430340908, 1.0966591258589484, 0.8254477823156543, 0.6093707090921332, 0.4685978170831635, 0.35466124723500264, 0.23643846248005818, 0.196769221697745, 0.17062815881489182, 0.14869823292837608, 0.14424423496809258, 0.12118411744507183, 0.11401678962629609, 0.10691187724852474, 0.10281315913093592, 0.09734860164074183, 0.09518787945523667, 0.0922282012400832, 0.08505465306334838, 0.08178932212082025, 0.08027319204559383, 0.07770486327034627, 0.07620425256210936, 0.07258240191752885, 0.06609937219184157, 0.0656497944674201, 0.06027901308505474, 0.064962914278237, 0.06304202410622314, 0.05488886376689622, 0.06146876132575424, 0.04960231008042174, 0.05791517726266569, 0.05222628582643526, 0.08627507627058019, 0.11901000000781617, 0.07907549321644648, 0.05601609057799608, 0.04850477534405873, 0.04549720038028206, 0.0422700515095233, 0.0402853689982234, 0.03601531579518449, 0.03490470316843342, 0.03448646919549846, 0.036021979198785976, 0.03857329258885936, 0.038489694071174266, 0.038627979309865064, 0.04498481521147969, 0.03781666128744646, 0.03901347726791198, 0.036095002780190004, 0.044567533886192924, 0.045725669224033136, 0.034258086862590784, 0.06876091722576066, 0.036481062263604494, 0.02901256970560665], "train_mve_loss": [57.75533920531953, 1.2241788820058817, 0.711182176576454, 0.7779952927306976, 0.590050717354352, 0.3020955213018688, 0.5050138704643893, 0.3861121057666382, 0.004276020538361515, 0.9425360554998649, 0.32927126794460976, 0.2329030843243902, 0.9232361679973329, -0.03252600726434855, 0.04674401595401944, 0.7782566891519193, 0.12882452740093908, 0.10001874125308921, 0.11864067777868707, 0.7349810224040062, 0.20285350795310855, 0.6874236732966503, 0.4711985455373033, 0.6429577806195792, 0.1983299631356403, 0.5233171771040401, 0.2769568703142446, 0.44581998943034523, 0.34465202228808894, -0.004725154418195215, 0.5810945634874881, 0.33150806301145713, 0.4215138437331976, 0.42589448821787096, 0.2700014856918094, 0.3880448843517649, 0.10340328275956472, 0.6439095670272217, 0.3803953141947932, 0.6434468167682452, 0.20978496627545007, -0.04303249853647823, 0.5005073008558268, 0.6256759583786593, 0.21595315949163882, 0.2550483008257541, 0.12426787807812176, 0.36922560673687177, 0.839820267166091, 0.7248433628672873, 0.16161104193182024, 0.4175860339227018, 1.8138505172672286, 0.40255338644823385, 0.5443173525769816, 1.1259987569282979, 0.0381864789035682, 0.3113926380908481, 1.5780351746016925, 1.293660921802305], "train_r2_score": [-4.63648552509648, -3.3990340891254225, -2.470012166919951, -1.610943794368166, -0.9241618127013348, -0.4754814973078291, -0.11357304609741291, 0.252323187405344, 0.37880327211651743, 0.4650566931654165, 0.5310112429872, 0.5462336375827954, 0.6202630774896561, 0.6416552106640904, 0.6634675015270238, 0.6752909577212156, 0.6949958448950291, 0.7012318902907578, 0.709379877453035, 0.7323999222792438, 0.7421732303317925, 0.746509952420802, 0.7562919584548916, 0.7612722788545757, 0.7741614994731512, 0.7922647043572953, 0.7950272618675364, 0.8099759961628545, 0.7962957979103211, 0.802001542652753, 0.8277837562824367, 0.8059213177840373, 0.8442904916801249, 0.8172536418966598, 0.8352457807079476, 0.727381681093277, 0.6233488475134781, 0.7493696976722387, 0.8231530496702198, 0.8475971877757617, 0.8571305743578774, 0.8675144022991083, 0.8734561288585619, 0.887021983077632, 0.890473161718314, 0.8914833544509999, 0.8863002983805558, 0.8784078101766939, 0.8788756935818179, 0.8784324320003231, 0.8583654666565959, 0.8807358106812351, 0.8771716654668053, 0.886008379860534, 0.858607091147486, 0.8557123964802118, 0.8920843438643067, 0.7826799317368548, 0.8852111681645812, 0.90860406339521], "val_source_regression_loss": [1.5475380170117519, 1.2798309739987561, 0.982151987825989, 0.7439484258366239, 0.556845839046369, 0.42672379144058104, 0.2781206416855952, 0.23154174237494257, 0.1866869597108501, 0.1709164230591932, 0.1465366929057677, 0.14765330503700644, 0.12980089823056937, 0.11647662567864557, 0.11478337795016871, 0.1102178534077611, 0.10428535439975702, 0.10529747493802362, 0.09664362635771939, 0.09057427433788016, 0.09670820399217166, 0.08358735880654329, 0.0806843624064687, 0.08000755056169383, 0.06858819726688467, 0.06896250127891826, 0.061430826047613366, 0.061253853652412725, 0.0751862587632647, 0.058142846895108936, 0.06011340150218101, 0.06527485213224675, 0.08509706335652406, 0.06363415585202016, 0.05142981264811412, 0.1302143803257851, 0.10353870307848712, 0.07243440042777806, 0.052622672989015365, 0.05105548509794056, 0.04516180736386472, 0.0455682966561549, 0.042689639493633226, 0.03777229154755356, 0.03818901752234454, 0.03901065087574682, 0.04077402479756789, 0.04111007852539136, 0.03765361865234983, 0.041542456645494816, 0.037061934133956004, 0.040383996560600155, 0.03760708501906532, 0.03418913863267109, 0.04321902220368765, 0.05509100249333746, 0.029836856558396938, 0.05765888574206905, 0.038501315364602266, 0.02696638912033693], "val_target_regression_loss": [1.2471033319546159, 1.042807487165852, 0.8696918242676243, 0.7375646182306254, 0.5795532625856673, 0.4601609384178356, 0.3173760692025446, 0.26090948687047716, 0.22303912764901568, 0.19330078463076025, 0.17327885272776244, 0.16958933060241352, 0.14189790011306477, 0.1471441885942866, 0.1382828945661806, 0.13282464148037754, 0.12314800384223082, 0.13070365200471726, 0.12237600054425798, 0.1148716053053452, 0.12081874869052012, 0.10803601647590756, 0.1023659594119734, 0.09659516120887106, 0.08861718801366296, 0.08816903457045555, 0.07758132327988648, 0.07550196909600762, 0.0850455600554776, 0.07377181237765179, 0.08348843772082952, 0.06889895808877079, 0.08648690033205755, 0.06502974249280183, 0.05948821724552637, 0.13379052381037146, 0.10746426166147943, 0.07639086718676956, 0.06609859240425241, 0.06066858457626811, 0.05746017879314104, 0.05785227748476396, 0.05072586979883112, 0.047103726405911386, 0.0490837038203979, 0.04889025008839786, 0.049549336123998, 0.05140841297900221, 0.04700018069261958, 0.053272773980335066, 0.04650726944065777, 0.05208049860492254, 0.04272652934690949, 0.04088739136079694, 0.04789919108389669, 0.05889275186001115, 0.03529232028563311, 0.06362406316266697, 0.04269037048101045, 0.030794665015711906],