{"train_DA_loss": [0.3768122463165297, 0.2211967038171165, 0.1824420337280909, 0.16896017937081606, 0.1621189384127012, 0.15905010862313415, 0.15578869994477773, 0.15360337803634036, 0.14973206948182483, 0.1470245658275305, 0.1472780938299417, 0.14607122458068064, 0.14534862398066076, 0.1444882000685828, 0.14443211636797165, 0.14419984385725348, 0.1412582391127263, 0.14064443452620856, 0.14050610682210277, 0.1394401831208461, 0.13808913412461332, 0.13848210592674162, 0.13670122101085713, 0.13644572428446367, 0.13600563172121588, 0.1367893961123727, 0.13654861332239138, 0.1373350206537809, 0.13626059759714704, 0.13543525889134495, 0.13300210761223022, 0.13515481808422034, 0.1383454191346927, 0.13777028092300653, 0.13890414691821312, 0.1369489977439317, 0.13793100134028596, 0.13846699462376086, 0.13862376534797155, 0.14174543662333838, 0.14090091761004117, 0.14068958367573495, 0.14179831784102773, 0.14230741677598063, 0.14273180113168912, 0.14394159465892006, 0.1430736270612293, 0.14367004086891738, 0.1429073851712225, 0.14304563008807258, 0.1433519425323502, 0.14532085407995218, 0.14611105255142426, 0.1452288282813821, 0.14571736223818615, 0.14400973580981957, 0.14346791370695208, 0.14306002488901237, 0.14406655282735606, 0.14598168365289568, 0.14352450216737264, 0.14543468537834053, 0.1455190095240063, 0.14418085876314252, 0.14515463544747076, 0.14694800383838702, 0.14628572771547046, 0.1457361650927302, 0.14454332320274993, 0.14470021786266968, 0.14458481640549856], "train_regression_loss": [0.9861222951650838, 0.10776458057477879, 0.0663130077358056, 0.05183539419201708, 0.04713601608789599, 0.04310012526530943, 0.03922373697185511, 0.037227251242601074, 0.03480099905724935, 0.03203789684478827, 0.03151355596289883, 0.029668797070579348, 0.02847361501129225, 0.027331227091885082, 0.026268909200072507, 0.024734422080116635, 0.024413138288762796, 0.023204653265492706, 0.023094717551097682, 0.022973850655490347, 0.02246320499294528, 0.022783439527257216, 0.02343459646013213, 0.021525474744499874, 0.020916210688391813, 0.02011692300660219, 0.021058394494457972, 0.02141708905520888, 0.021000638354307474, 0.019599762712000875, 0.01919961182725781, 0.019061480611784067, 0.017250393841235168, 0.016932347516990666, 0.01734104947701192, 0.016587218461461176, 0.01755484309893653, 0.01727725773321046, 0.022567917616659914, 0.023548735106462642, 0.02856109122970436, 0.026953269917368072, 0.022939764167960237, 0.0198052288786469, 0.022568088565004727, 0.03139567792958749, 0.029208368883541422, 0.02452808871296604, 0.02364779722415442, 0.023389516007138154, 0.0253813924528386, 0.025336270091605714, 0.019284417311757993, 0.022673933526715588, 0.02125470085840815, 0.021018527446049085, 0.03954576678238673, 0.053901429690754336, 0.03505671029941092, 0.041640525165318736, 0.0373054627521505, 0.02202593142011797, 0.01964821570324737, 0.01967367155807709, 0.019500484096288163, 0.01806003749677043, 0.018393914340833505, 0.02223208467084472, 0.018263306196309094, 0.016835187101256532, 0.019177475341440774], "train_mve_loss": [0.440896312025345, -0.08466206155155515, -0.08784367007474114, -0.09627339238397968, -0.09930320363662033, -0.08459002168941052, -0.09123472307197464, -0.09998396021557437, -0.09010873256605356, -0.08451732039158752, -0.11123571308405042, -0.05223448027305857, -0.08968489069893439, -0.1060941164965794, -0.10950408128117445, -0.0825218172127575, -0.08533416705510802, -0.08163052161055628, -0.12224709404797601, -0.0925797457507534, -0.03898626779971416, -0.04892647217480735, -0.07697310793457018, -0.04679925168861875, -0.06665124855824904, -0.09825610942858522, -0.09164529230268553, 0.014540011702651087, -0.09209476263535599, -0.032987728156702735, -0.04436770952357766, -0.021056209658306617, 0.07695035881046172, 0.11289602463853833, -0.012331854802738514, -0.010053612458242114, -0.0653132356229107, -0.03396028099165314, 2.497546835858681, 0.9489031820379239, 1.5944460055452876, 2.0932832096977467, 3.47909225357298, 3.6047707986634845, 0.5989634436493487, 1.179620941220638, 2.20304474786479, 1.8843015456126093, 1.2647602254460129, 3.3849403947469194, 0.13861267701373647, 2.789196396747117, 0.2933300824348953, 2.8317030353856425, 0.34904851046368696, 0.11564089819087461, 0.3126200617385102, 1.3447127044251974, 0.4864192217029972, 0.649910710406276, 2.6308653483327333, 4.088711910624009, 1.377406197666468, 1.3945450087025135, 0.459350819670522, 2.075491005061041, 1.7521835367043777, 0.7746256741489091, 3.506092550390497, 0.09272885331339194, 0.039966056622663546], "train_r2_score": [-2.1080098344036027, 0.6610220446766737, 0.7907764886127802, 0.8372060284471582, 0.8517310620026857, 0.8646232990264962, 0.8769810563370831, 0.8831059964249277, 0.8909501431535761, 0.8995887081664797, 0.9008308759324785, 0.9068538294641854, 0.9107656087997341, 0.914323811705044, 0.9175357841922591, 0.922321384578149, 0.9236177118634361, 0.9272425754251447, 0.9274240844308398, 0.9280239392531966, 0.9293497509083125, 0.9283546788185281, 0.9262847730027433, 0.9324876358592972, 0.934752468116472, 0.9369456423367661, 0.9337264706583508, 0.9323033294474702, 0.9338709926986011, 0.9385534233500337, 0.9398886678096253, 0.9404819682649576, 0.9460371843880361, 0.9469005436256185, 0.945613808064631, 0.9478099476830827, 0.9449091464216741, 0.9454325780341654, 0.928775562675639, 0.9256092093999372, 0.9095353265121034, 0.915129602933944, 0.9277385822038808, 0.9377974884343852, 0.9292493088453377, 0.8992689440155013, 0.9072020303957006, 0.9225181951184309, 0.9260604469030692, 0.9268581205511526, 0.920386676043279, 0.9205201767221819, 0.9395603569538347, 0.928434230754701, 0.9327948030208514, 0.9338551113634277, 0.8748931732233206, 0.8306863039359597, 0.8906991349617556, 0.8700766108354274, 0.8836911060764518, 0.9313144399463754, 0.9387299796142736, 0.9383418619159579, 0.938519081944488, 0.9433108109672622, 0.9420301566368622, 0.9299375687936724, 0.9428975372672238, 0.9470050639478965, 0.9396404577844298], "val_source_regression_loss": [0.172837798976025, 0.07918056244161098, 0.05962755311588953, 0.05237923245758388, 0.0491226364496597, 0.04498365616342824, 0.04128261386256689, 0.03906645265164649, 0.03597635301245246, 0.034461744699128875, 0.03450616158450105, 0.031052597276391876, 0.03177078678658244, 0.029592011717094736, 0.02848265201422819, 0.02788848543812515, 0.02651155873492455, 0.024855865533374676, 0.025730073991807025, 0.024291243682953583, 0.023793791853793107, 0.025678990129974617, 0.024527276975879815, 0.023086120273656904, 0.02268041699982373, 0.02251084592300141, 0.02260813949878808, 0.02255546919716771, 0.022790432777137135, 0.021267789801594557, 0.020675922085525125, 0.019963114655867312, 0.01782597829202178, 0.019532458832973887, 0.017392210101791816, 0.01884245114389119, 0.020058860483276805, 0.019069238815005798, 0.024754420845253262, 0.03541517332433515, 0.02562017232820297, 0.02546768548904331, 0.019045672610781755, 0.02123341158293425, 0.024070794302614253, 0.02848281392198839, 0.03334043396838531, 0.027502184994756037, 0.020740307345511806, 0.03017798880304975, 0.02596312454622832, 0.018794006668031216, 0.024178870722271834, 0.019782123479185402, 0.025891866297668712, 0.018895530219005932, 0.07611111894392283, 0.03894610573674084, 0.04071663435145169, 0.04213275917016777, 0.032331490242604614, 0.022532822890503772, 0.0205316745177813, 0.024479444037861883, 0.022546962301015473, 0.018526400961456406, 0.021634972909358657, 0.021035388734927222, 0.01920582829814428, 0.01677880514780902, 0.01786547176433122],