{"train_DA_loss": [0.13996165241685166, 0.10673903474682973, 0.09519964732720058, 0.08984525485723611, 0.08070107503458722, 0.0747923882000516, 0.06620316652128204, 0.06348133193230225, 0.059758841138421614, 0.05618780752783556], "train_regression_loss": [0.15617923225723956, 0.02975043162986146, 0.02382768319419141, 0.019724079549918717, 0.01819928679606746, 0.01686494171975259, 0.015640026743743412, 0.015311052462160996, 0.01428709969467652, 0.013929803624376314], "train_mve_loss": [235.37087675596723, 26.71811336257122, 6.279597207559936, 2.6896242295958825, 0.9957795949411021, 0.5972517971868816, 0.30884991789158345, 0.08520650144468932, 0.14190682712295374, 0.3114086774329381], "train_r2_score": [0.5070804262144178, 0.9066903747618336, 0.9252619342324313, 0.9379500737157476, 0.9426006575332414, 0.9466685304820763, 0.9509799173515923, 0.9519036907465869, 0.9550352445269712, 0.9560557989788266], "val_source_regression_loss": [0.041622755562613724, 0.0267336899118059, 0.024316912671183324, 0.018765417523800756, 0.019616304300606822, 0.01785814182263366, 0.017395264083507715, 0.014599950319737386, 0.016174241769940232, 0.01483025922659476], "val_target_regression_loss": [0.05155548887552729, 0.029862866505600844, 0.02990034176926514, 0.022596316595982973, 0.023085622799102288, 0.02248030077001661, 0.019756243926039925, 0.018019312927440093, 0.018068080723499226, 0.01655691231832288], "val_source_r2_score": [0.8694539622579512, 0.9164183125667423, 0.924190763926474, 0.941426201165331, 0.9388464677833767, 0.9442031397434959, 0.9446819695709534, 0.9545897768431802, 0.9493935954667536, 0.9528006525924739], "val_target_r2_score": [0.8329475605358881, 0.9047337962950271, 0.904010488115713, 0.928086590350567, 0.9269913677732158, 0.9289383815158201, 0.9362341352940734, 0.9427836808875386, 0.9424773180788003, 0.9474497538550334], "val_source_mve_loss": [51.37753738111751, 15.040942353237966, 4.370591093614033, 1.1569517503973026, 0.8946493554409523, 0.7920868233510643, 0.7283504569226769, 0.2345955742012923, 0.12699613928984685, 0.1813681845072728], "val_target_mve_loss": [60.096038040841464, 13.692940654980529, 5.138560621625489, 1.8129058312268773, 0.7455799808357931, 1.1960927563108457, 0.2237688064765019, 0.14624318447272489, 0.509518574899549, -0.07189629022862501], "epoch_no": 10}