{"train_DA_loss": [0.3310949718085896, 0.33283860962395256, 0.3332933153432728, 0.3330168168058779, 0.337513261483182, 0.33790903914399734, 0.341526112415346, 0.340098109879485, 0.33721071732327534, 0.3349421887064329, 0.3382913183958918, 0.3380620232638537, 0.3402112629639165, 0.3418220641462633, 0.3436023163893541, 0.34722950667742186, 0.3457924603489679, 0.3450376983507242, 0.3445521498565482, 0.343506530117945, 0.3464275356620496, 0.3482453175011675, 0.34930999696908527, 0.3564687238587322, 0.35190648061156926, 0.350106492284447, 0.35340139802402293, 0.3511061208557603, 0.34662799319248966, 0.34518381405683063, 0.3445026774293108, 0.3435354008589628, 0.34436261002825647, 0.34490732096775795, 0.3399030907008068, 0.3387968337514065, 0.3415251208479487, 0.34385043633267476, 0.3384642012185763, 0.3352359201779531, 0.33659811290679076, 0.3411721496330319, 0.3375891440256858, 0.34146467202651215, 0.33934725461428955, 0.3416743817614899, 0.3394527255916726, 0.3414529543608373, 0.33863121077717984, 0.33917740673861946, 0.33481306156358076, 0.3383445103926894, 0.3384938155057443, 0.3389436991875089, 0.3374019798020776, 0.33904718547732565, 0.33527408819475385, 0.3321042364323597, 0.3347256161830979, 0.3346570084719379, 0.3372033989189748, 0.3345551027267681, 0.33957316065837084, 0.3444478472582383, 0.342084644168234, 0.341330192737976, 0.3431763372212049, 0.33628374596945326, 0.33908591826720474, 0.33616459369659424, 0.3327618117905622, 0.3351501053440941, 0.33217286356678827, 0.3317091820907985, 0.3278804390233221, 0.33011964677238814, 0.32800034707381476, 0.3260197228934255, 0.32600721312342873, 0.3221234723762141, 0.321730297773913, 0.32153612715779534, 0.32081508994701796, 0.3221941826357702], "train_regression_loss": [2.4653597431601293, 1.3149495219617702, 0.6927232779358161, 0.42276676206200825, 0.31803304771509644, 0.2573606009293736, 0.20142378397898875, 0.14676314584188968, 0.1027810932009377, 0.07530141206393512, 0.06051365715167204, 0.05137239793278073, 0.045217155310337244, 0.04119576701734358, 0.03768139420387078, 0.03520623129031449, 0.03260680993634125, 0.03057226488601682, 0.029109077388505832, 0.027885678304287807, 0.02674852026936341, 0.025980208269992956, 0.025028022581633093, 0.02440584607258902, 0.023673178113901638, 0.023189755057885397, 0.022506898120931013, 0.02188420487257909, 0.021524265119073814, 0.021616439576817494, 0.021398979274920397, 0.02125351220348908, 0.02074988920861341, 0.02048052254710108, 0.0202215487985332, 0.020091029234788973, 0.01944808178569379, 0.01947239267433801, 0.019389346955340676, 0.01912083765202401, 0.018982210608584026, 0.01875571503561038, 0.018551289107330428, 0.018658959683051275, 0.018385485325424066, 0.018365232153051622, 0.018187364922594654, 0.018254306773489964, 0.018119988559491564, 0.017823527788426694, 0.017761733389750695, 0.017651985739945166, 0.01770616565376411, 0.017609863073805132, 0.0174191322303641, 0.017241035530197228, 0.017178043430259065, 0.01704811747654101, 0.01689623724635166, 0.016696911168981077, 0.01652714708169592, 0.016439124318674017, 0.016399233060560344, 0.016150992784233698, 0.016015897826776863, 0.01589333323397464, 0.015835999431160076, 0.015576097499613244, 0.015535032589472081, 0.015284823068167327, 0.015164210719875379, 0.015113609929788701, 0.014948431712318164, 0.015135007450728247, 0.014880872292399842, 0.014871743785207189, 0.01486195170982882, 0.014684468967468908, 0.014744829422227317, 0.014719102478890902, 0.014624915286639818, 0.014587366081760615, 0.014428507780121601, 0.014486039893350938], "train_mve_loss": [1.0800429512857301, 0.48656189008539297, 0.17789084172145322, 0.041448573855780255, -0.01577578337311445, -0.05058609119529616, -0.07642475432517105, -0.08706308079294356, -0.09078341881170787, -0.08974859017667648, -0.0810904315514473, -0.0778255412249504, -0.08082941297775431, -0.08128843264453371, -0.07531437457247997, -0.07358195587747493, -0.0712138288390484, -0.07028680898153804, -0.08265894403514304, -0.06732363356668945, -0.0751906523661487, -0.0673333050400509, -0.08529931176760297, -0.07171258166214448, -0.07214646637303519, -0.07186288044701111, -0.07211498825570783, -0.08445095460882353, -0.11217231105270725, -0.13652841991981596, -0.10773413291905871, -0.0923534708890989, -0.08291213084318738, -0.09991856379063299, -0.08749156532437971, -0.07699582311690835, -0.0770177934489041, -0.12914779923270564, -0.11211752318104616, -0.10712341025771345, -0.11191418307954258, -0.10905060571170594, -0.09509840113207889, -0.15529745443293339, -0.15313814218127095, -0.12554084204505087, -0.1105722141821598, -0.16434567466623387, -0.14094683245995798, -0.12287657013268531, -0.1349052947143968, -0.109358259260491, -0.13920100653029882, -0.1738257749751891, -0.15076721670749638, -0.14220419451185728, -0.11977154705707509, -0.12190644957901572, -0.11358028431669885, -0.1224218277461568, -0.17234938797392838, -0.12863176105581428, -0.12243426127369486, -0.14285812791184926, -0.12200391709368669, -0.12254651941672322, -0.12244598167034128, -0.11890575341485318, -0.13728240329833527, -0.13259048385365135, -0.13564291853845883, -0.15313649090378115, -0.13584247991524406, -0.19469142978980292, -0.1563716744918928, -0.17359827390754462, -0.15463725922857385, -0.21000603309932966, -0.18780510423115881, -0.21194430924202887, -0.2142308618621373, -0.19978693951690873, -0.18275209106300605, -0.17317055278139315], "train_r2_score": [-6.4872807344591195, -2.9779104965851335, -1.0963960465596516, -0.279862987264578, 0.03932652258043494, 0.2222094356108569, 0.39189556248626, 0.5564087218627853, 0.6893575114650627, 0.7724506574379875, 0.8167936032798591, 0.8444163488848891, 0.8629985128547757, 0.8751370767212171, 0.8857388230577532, 0.8932710409612622, 0.9011531817426031, 0.9073394270488452, 0.9115761862246131, 0.915513800173006, 0.9189338030199352, 0.9211532865272468, 0.9239986206640927, 0.9260325100855961, 0.9281578097144229, 0.9296783556925, 0.9318241334018793, 0.9336201797490252, 0.9347464818750634, 0.9344686505589938, 0.9350761043098416, 0.9356908133331874, 0.937129978675703, 0.9379936863925994, 0.9387118997166581, 0.9390714898849356, 0.9410145597810793, 0.9409750561089741, 0.9413035652102213, 0.9420824448853156, 0.942416482342367, 0.9430766411290418, 0.9437843601042742, 0.943519510454208, 0.9442273885428183, 0.9443264931084749, 0.9448423399791828, 0.944679718450367, 0.9450331943327137, 0.9459778833333299, 0.9462241197933994, 0.9465476083006955, 0.9462951399545672, 0.9466595028178079, 0.9471983793580807, 0.9477105688620716, 0.947910500686649, 0.9483093123829276, 0.9487565322536096, 0.9494255821327856, 0.9498476815881591, 0.9501367680159406, 0.9502449654023081, 0.9510443513121808, 0.9513766083266473, 0.9518364541876603, 0.9519486503576349, 0.9527717570142813, 0.9528920663864069, 0.953783353332102, 0.9539940558880334, 0.9541973223721775, 0.954689987870459, 0.9540727995795849, 0.9549190074113295, 0.954926399583221, 0.954878714984599, 0.955577344551954, 0.9553040381535576, 0.955411664605834, 0.9557093788697986, 0.9557756918398934, 0.95624579650669, 0.9561302737454973],