{"train_DA_loss": [0.40898056886749684, 0.38644220632325577, 0.36981736613229815, 0.36423469634498495, 0.3597648433891467], "train_regression_loss": [1.2757740911280215, 0.16814152399585386, 0.06205923233685208, 0.03767068806603224, 0.030699650018086055], "train_mve_loss": [0.5210201546821788, -0.07904024673430028, -0.0709941167962419, -0.08624897079484391, -0.09602974188706448], "train_r2_score": [-2.919811361022979, 0.48766258388999145, 0.8099627257661721, 0.8845072131532273, 0.9058274719395155], "val_source_regression_loss": [0.2750624420156904, 0.09011093325390937, 0.04458606545665082, 0.03337773180026917, 0.028569096592581195], "val_target_regression_loss": [0.30507730640423525, 0.12988792606599772, 0.08211495162575108, 0.07495290971106025, 0.07621864649425646], "val_source_r2_score": [0.1541029953521751, 0.7217838359779353, 0.8617304798560457, 0.8966083475095249, 0.9110523489053931], "val_target_r2_score": [0.08845964724890502, 0.6120064879394375, 0.7527822549268018, 0.7751838508684507, 0.7688304046106808], "val_source_mve_loss": [-0.01505846621625861, -0.08883779806790838, -0.05969631714615852, -0.05205526507821432, -0.16367785338383573], "val_target_mve_loss": [-0.002713139145190169, -0.029399963413145703, -0.019804346246888066, -0.013554238669046313, -0.12598792297445285], "da_weight": [0, 0, 0, 0, 0], "beta": [1.0, 0.996, 0.992, 0.988, 0.984], "epoch_no": 5}