{"train_DA_loss": [0.20853830425841716, 0.1534075817498472, 0.13746840926312878, 0.13240691719804865, 0.12967078687394995, 0.12996200875292313, 0.13124747696235586, 0.128890436564928, 0.13033134110231068, 0.13000071302083555, 0.12842257602831564, 0.130877232522971, 0.13318607910541339, 0.13436199896977413, 0.1350698883950002, 0.13188493865417825, 0.13421813928448958, 0.13061792542391765, 0.13365957032637144, 0.1341263812573344, 0.13442647643046798, 0.13589018451175916, 0.13265795225253707, 0.13382266889542505, 0.13600885526190293, 0.13724720411315913, 0.13559689935317204, 0.1385616900933944, 0.14236487721312635, 0.1447651912705118, 0.1431928343689529, 0.1489269360831821, 0.15358039515409652, 0.15938563659187863, 0.16015791935229867, 0.16310051853821309, 0.16518521010603285, 0.16534219329437783, 0.16632747418592791, 0.16386482825117965, 0.16473390095930213, 0.16581521213899147, 0.16569252432727508, 0.16579807309307826, 0.16438370608678685, 0.1638116514347698, 0.1634674124024686, 0.16317511343787094, 0.1623263928147077, 0.1634060935861341], "train_regression_loss": [0.06707504999839192, 0.04363621073099061, 0.03459328124418828, 0.029066796085952185, 0.02530636648533413, 0.02329675463356854, 0.021443053045253894, 0.020308386384623577, 0.01932734736050709, 0.018528868943551585, 0.017803603557655263, 0.017603163184322267, 0.017121173547822607, 0.016782307652569287, 0.016699560822142624, 0.016359639026299527, 0.01614737270827281, 0.015876301577897024, 0.016110872266255658, 0.0155217141050069, 0.015411569228245992, 0.015384970923461756, 0.015269370031095292, 0.01523062425803468, 0.014893755736425382, 0.014908618680618609, 0.014784209811600297, 0.014810661687830656, 0.014728930343786965, 0.01489301485101432, 0.015437277310597668, 0.016440833364553764, 0.01755472180225854, 0.018634920921925816, 0.019213411944681673, 0.020512878290382664, 0.02140381139995942, 0.023368860397000934, 0.024166126615049445, 0.02529602180281058, 0.026468129646394, 0.026651003303506855, 0.027980552479740524, 0.029153239107954653, 0.02993718915069016, 0.031029254434735837, 0.03087009018341546, 0.031160828320333355, 0.03178360741636571, 0.03210791555902422], "train_r2_score": [0.7881032748240616, 0.8622183013987671, 0.8913496151174469, 0.9085994799059799, 0.9201114325110218, 0.9265995845322831, 0.932292059301665, 0.9354906551220348, 0.9388372975665279, 0.941403279522371, 0.9437720345327791, 0.9443853527040351, 0.9458262064654297, 0.9470090701163403, 0.947060433457555, 0.9482593032189703, 0.9491789321892941, 0.9499974391851062, 0.9488819857872934, 0.9506847864769322, 0.9512603762263707, 0.9514011276681512, 0.951581588446102, 0.951986925050257, 0.9528905422040541, 0.9527977036143241, 0.953236166049345, 0.9532005644149445, 0.9534759641190403, 0.9529427808547593, 0.9511988826693953, 0.9479101069082626, 0.9442896306422773, 0.9407021660795197, 0.9389154550822398, 0.9351159138650084, 0.931984581251042, 0.9257222950665526, 0.9235530683403508, 0.9202659344368387, 0.9161676409377587, 0.9157946335326261, 0.9111891852508147, 0.9071336345174329, 0.9051721788859658, 0.9014524028505276, 0.901868552659725, 0.9016240576949408, 0.8995716472193095, 0.8984321410804691], "val_source_regression_loss": [0.05236167130861313, 0.03907845540648433, 0.030891506701328193, 0.02747875810927077, 0.025142698608054098, 0.02347974191496896, 0.019734742689379463, 0.0219953989574484, 0.018085399396409085, 0.017831971121441786, 0.017247935321039645, 0.01740302652962933, 0.016979088466970403, 0.015834798152516982, 0.017991225413123892, 0.0162046969049628, 0.015789807613962776, 0.015310927712400058, 0.015049495043197445, 0.01596886917924995, 0.015758412525318802, 0.014854342101296042, 0.017448321296269918, 0.015248366590043541, 0.014702376203647085, 0.015880918999315256, 0.014828448246120457, 0.014977493326351711, 0.015179619709160298, 0.015334244156078359, 0.01604410483068816, 0.017647462582607177, 0.018369056127229885, 0.01979536096903549, 0.019511807876028072, 0.020802151788453196, 0.02279082732571728, 0.023412019343584018, 0.02425082396881975, 0.025969473573907165, 0.02603777241744813, 0.02905096788149161, 0.028149639469850215, 0.03570457540784672, 0.03047253591287288, 0.035226173853133896, 0.04426426514034058, 0.030666007037470296, 0.03348347199428233, 0.03033217919432813], "val_target_regression_loss": [0.09629203175093717, 0.06517214739730784, 0.04967542665352108, 0.04142934995092404, 0.03621789528306123, 0.03250922021236579, 0.030111110454816726, 0.030653288006592706, 0.026287055093866245, 0.025126338013963904, 0.02531723485322325, 0.024771723030194356, 0.025097197906416693, 0.023765991572409297, 0.02474064210868755, 0.0228490052228663, 0.02294161776377327, 0.022140591743455573, 0.021747009437175314, 0.02218561540624708, 0.022955479824049458, 0.021881999376757888, 0.02469671696460076, 0.02261684336966485, 0.022462985410123683, 0.021968543814246063, 0.02182222498806229, 0.022843537199649083, 0.02232964229799665, 0.023859334273180766, 0.024653757501180006, 0.02659293710829536, 0.029045839289760893, 0.029514505409273754, 0.029960079255045218, 0.030316044837473684, 0.03259147716697994, 0.03159693902607556, 0.032841553686151076, 0.03444208915398759, 0.03537010259119568, 0.03676929404354019, 0.036989296851739004, 0.042219086045956915, 0.03780946206704826, 0.04521185235612711, 0.05164690134204497, 0.038359278943508296, 0.04131264258532008, 0.03759135507569192], "val_source_r2_score": [0.8344215371031418, 0.87593607101238, 0.9020942702224582, 0.9113273103355831, 0.9199387913886379, 0.9263240741990255, 0.9368410958989623, 0.9296163587344176, 0.942484385050467, 0.942908148177102, 0.9455528528589077, 0.9454360527936724, 0.9460853196489984, 0.9496312799480665, 0.9423450297992059, 0.9485953872137202, 0.9495665243240464, 0.9516852991181536, 0.9528049802328785, 0.9487663174319757, 0.9488438514978947, 0.952509814855763, 0.943436979170559, 0.9511693753517103, 0.951755636091046, 0.9493948818634614, 0.952789208687725, 0.9522012105604174, 0.9517515008443282, 0.9516538019132387, 0.9484029750023033, 0.9435405592625685, 0.9420437967554668, 0.9367968113194051, 0.9374404790653604, 0.9336512512283276, 0.9266479089936163, 0.9255595551167791, 0.9231268197282534, 0.9168080976137384, 0.9159606099789682, 0.90790087637611, 0.9100957361967296, 0.885766821733411, 0.9031792677926883, 0.8884352063002214, 0.8554556204966952, 0.9026250487573164, 0.892771840698166, 0.9037192908850831], "val_target_r2_score": [0.6887941986953663, 0.7905337442480315, 0.839555296541544, 0.8665194819398943, 0.8824413949561828, 0.8960311291421769, 0.9031634467267425, 0.9002829683953631, 0.9150779428127336, 0.919152794555464, 0.9194639455802187, 0.9214304375530933, 0.9191265782260212, 0.9241208038801534, 0.9189092201382661, 0.9266845573525403, 0.9266011257011625, 0.9289018819046175, 0.9301679384364432, 0.928515908660252, 0.9257925894219065, 0.9299699161905897, 0.9202707771019609, 0.9268749999957883, 0.9272586340293603, 0.9292094986537502, 0.9292747940004665, 0.9270374766810672, 0.928074680962936, 0.9219755540966418, 0.9210527314601343, 0.913534734715239, 0.9060055046775979, 0.9034268865084463, 0.9037268307944661, 0.9028479970558616, 0.8953589938622916, 0.8983389806550085, 0.8938883172318186, 0.8877122645961296, 0.8871938925268038, 0.8798948522863234, 0.8808402852044633, 0.8604094703517409, 0.8788357436123099, 0.8506011052556599, 0.8311494890975815, 0.876660695898401, 0.8654557029874504, 0.8780381506644006], "epoch_no": 50}