{"train_DA_loss": [0.37684049552657267, 0.22316285144449152, 0.18962590345326247, 0.1768427155298986, 0.16800496907703838], "train_regression_loss": [0.9861374315848298, 0.11130404409184588, 0.07655063061932378, 0.06485633767623679, 0.057268481211263475], "train_mve_loss": [0.440704857991409, -0.08388373968523452, -0.09342408844889559, -0.10253145306335398, -0.09760113224988187], "train_r2_score": [-2.1080783067678373, 0.6498899109905389, 0.7587782028450148, 0.7957303735398642, 0.8195154152556701], "val_source_regression_loss": [0.17372899526243757, 0.08449664830592028, 0.0713286413366248, 0.06452825988174245, 0.06050328345625264], "val_target_regression_loss": [0.201829003585372, 0.10769922843879196, 0.09374918515799911, 0.0812191537753412, 0.07496072143126445], "val_source_r2_score": [0.45574972167801975, 0.7299010456655858, 0.7745313204391361, 0.7996410842110667, 0.8103458457338949], "val_target_r2_score": [0.3592728964742501, 0.6590042705281632, 0.7067476773161677, 0.7414471834608829, 0.7586302316868708], "val_source_mve_loss": [-0.06611098974326234, -0.08551391233707879, -0.08370790407536136, -0.10460494603415962, -0.13304124440357185], "val_target_mve_loss": [-0.049841734379007935, -0.0843020575180365, -0.06377922005026014, -0.08814120679429382, -0.126526453882266], "da_weight": [1.4, 1.3946666666666665, 1.3893333333333333, 1.384, 1.3786666666666665], "beta": [1.0, 0.984, 0.968, 0.952, 0.9359999999999999], "epoch_no": 5}