{"train_DA_loss": [0.5317084133298131, 0.5591436442280601, 0.5715602737948489], "train_regression_loss": [0.296224203905673, 0.05639924905033036, 0.04370061907375834], "train_mve_loss": [9144.515753988375, 1277.5268739494588, 624.2678832362731], "train_r2_score": [0.06748373662519845, 0.8220034257363564, 0.8626302598816548], "val_source_regression_loss": [0.0723777710086411, 0.05323423750129095, 0.043936820813472485], "val_target_regression_loss": [0.1479223661931457, 0.17192864845133132, 0.16144955291110238], "val_source_r2_score": [0.7737382418681181, 0.8298832015762261, 0.8619267545050002], "val_target_r2_score": [0.5251887928285973, 0.4489641533642957, 0.4875348140791102], "val_source_mve_loss": [1675.1740372773188, 804.248834111888, 483.88849545882385], "val_target_mve_loss": [4580.3092795208, 4241.42579991043, 3493.8291711503534], "da_weight": [1.4, 1.3946666666666665, 1.3893333333333333], "beta": [1.0, 0.984, 0.968], "epoch_no": 3}