{"train_DA_loss": [0.5317084133298131, 0.5591436442280601, 0.5715602737948489, 0.5733768279090442, 0.5833203003382552, 0.5821112572493021, 0.577123959550474, 0.5737034739480376, 0.561598775673392, 0.5586238558756585, 0.5511028635872347, 0.5490182330882963, 0.5402440899196447, 0.5268805411387187, 0.5247323905310204, 0.5245761407685672, 0.5180292817639695, 0.5270223682933577, 0.5226894100852161, 0.5203025458717695, 0.513195767045239, 0.5081029610343999], "train_regression_loss": [0.296224203905673, 0.05639924905033036, 0.04370061907375834, 0.0365992418883651, 0.0334617422971963, 0.029424688774561152, 0.026153684817203465, 0.025169103205462805, 0.023916642725981867, 0.02269571630830725, 0.020758881362178915, 0.01984085941898349, 0.0196743663200356, 0.01837544553696946, 0.01858671951589517, 0.017766854778984376, 0.0173538426538313, 0.017450196464832063, 0.01636630206384187, 0.014761167444319377, 0.01388519479539007, 0.013628421110821244], "train_mve_loss": [9144.515753988375, 1277.5268739494588, 624.2678832362731, 421.6080801561066, 335.4038868839606, 348.1087881851894, 342.37542863040346, 230.7211953377593, 246.8706458425609, 251.66904213397987, 295.2227625934036, 193.73124250088574, 164.87382913364516, 99.37362174371043, 151.57205195443012, 247.41624656198394, 149.65603526964975, 153.77533890192535, 308.5916217214665, 365.0060818195343, 306.4044667657812, 163.09344247860707], "train_r2_score": [0.06748373662519845, 0.8220034257363564, 0.8626302598816548, 0.8853945500508149, 0.8952875154999946, 0.9080036543165156, 0.9181803372246661, 0.9209339402895504, 0.9250298466322346, 0.9287171637679158, 0.9343693482954795, 0.9374440612614823, 0.9380791626483468, 0.9422686973725765, 0.9414316221368649, 0.9439564638967869, 0.9455492396127011, 0.9450590465408051, 0.9486283549924504, 0.9538344494167237, 0.956443225839594, 0.9570706518280012], "val_source_regression_loss": [0.0723777710086411, 0.05323423750129095, 0.043936820813472485, 0.03866241946460525, 0.03400731738656759, 0.03205782330482249, 0.030052948422777424, 0.026532750019127395, 0.02540376612762357, 0.02355732303409345, 0.024693999469137876, 0.020451040594441115, 0.021786309787588325, 0.020551696834955245, 0.021657312484636048, 0.019647924537966207, 0.01858689034488171, 0.023409633395991697, 0.015929250037712846, 0.016450389724367173, 0.015111996738868913, 0.01569631794811624], "val_target_regression_loss": [0.1479223661931457, 0.17192864845133132, 0.16144955291110238, 0.17011803706550294, 0.18385604944578401, 0.21933466466558968, 0.216950965677477, 0.1986436348906748, 0.20490185807275166, 0.19510870412656456, 0.21416724397308506, 0.15543359911935345, 0.16651058818694134, 0.17272628226857276, 0.165760629733277, 0.19315398313627122, 0.14774467307291214, 0.20874674366727755, 0.18034319750442626, 0.196974681203912, 0.181674919120825, 0.18092820603566565], "val_source_r2_score": [0.7737382418681181, 0.8298832015762261, 0.8619267545050002, 0.8798582422989838, 0.8933572519433576, 0.9006039132532959, 0.9049248808713143, 0.9170463187749773, 0.9210249439304102, 0.9271499274463123, 0.9236739838504531, 0.935846567721166, 0.9275626381966747, 0.9351397713682533, 0.9322998698903256, 0.9373637347183494, 0.9424141424276614, 0.9275896303067213, 0.9504506026582971, 0.9482660678671612, 0.9521932755672916, 0.9507295176910164], "val_target_r2_score": [0.5251887928285973, 0.4489641533642957, 0.4875348140791102, 0.4470061793146692, 0.39296711139592005, 0.29511089364883986, 0.3030710501386384, 0.35714175229435274, 0.3475465370021582, 0.3744948841644174, 0.3081465177229406, 0.5033571457728141, 0.46566306792067136, 0.4368415757642756, 0.4677557179646321, 0.37461052893610125, 0.5215366045532731, 0.3315515945665781, 0.4272092057750017, 0.3636150848775938, 0.41313048592770046, 0.4187910880891831], "val_source_mve_loss": [1675.1740372773188, 804.248834111888, 483.88849545882385, 383.5338113049793, 306.91369062776016, 460.85229059389445, 216.81515567925325, 299.86859329490903, 344.5937591965791, 318.7970205173371, 334.84216777534243, 192.12311560029437, 203.58823307684273, 174.93736885715822, 182.52593833431126, 157.09192507903856, 388.5960037328635, 309.85399579394397, 423.34328081653376, 407.62703342802206, 281.5701473017407, 198.21078541476257], "val_target_mve_loss": [4580.3092795208, 4241.42579991043, 3493.8291711503534, 3746.125976222336, 3734.5377488834843, 5381.978712725791, 3547.930850083661, 5234.494087753782, 6190.786652194466, 5992.4236632912025, 8180.153638317327, 4453.825304942526, 3542.6977074981496, 4134.870310566323, 5539.111339350807, 5820.345380843824, 7325.406402393512, 9406.846989917147, 12670.443730639803, 14244.868423753484, 10197.14451297833, 8148.095735975132], "da_weight": [1.4, 1.3946666666666665, 1.3893333333333333, 1.384, 1.3786666666666665, 1.3733333333333333, 1.3679999999999999, 1.3626666666666667, 1.3573333333333333, 1.3519999999999999, 1.3466666666666667, 1.3413333333333333, 1.3359999999999999, 1.3306666666666667, 1.3253333333333333, 1.3199999999999998, 1.3146666666666667, 1.3093333333333332, 1.3039999999999998, 1.2986666666666666, 1.2933333333333332, 1.2879999999999998], "beta": [1.0, 0.984, 0.968, 0.952, 0.9359999999999999, 0.92, 0.904, 0.888, 0.872, 0.856, 0.84, 0.8240000000000001, 0.808, 0.792, 0.776, 0.76, 0.744, 0.728, 0.712, 0.696, 0.6799999999999999, 0.6639999999999999], "epoch_no": 22}