{"train_DA_loss": [0.5209086873250208, 0.5225170954271906, 0.5295238219187944, 0.5328477454904664, 0.5380414375657355, 0.5385133632794159, 0.5392766455682148, 0.5399072309734616, 0.5345259817143463, 0.5323276360956799, 0.5358081164427606, 0.5326748216827784, 0.5381006132913464, 0.5359328440109599, 0.5348842169074733, 0.5389374809465635, 0.5388428771517613, 0.5358478282552751], "train_regression_loss": [3.2913713982597783, 1.9937627285010635, 1.1355537682826167, 0.6509742085741904, 0.4188118921882274, 0.32202376645923314, 0.2717373285313193, 0.23155346992246847, 0.1877276529532464, 0.14721556095035246, 0.11289017552159168, 0.08693505452445263, 0.07006149749242628, 0.06178630188352665, 0.05556109914014719, 0.050420901263081616, 0.04502663135501323, 0.04048260017017233], "train_mve_loss": [1.5222575752783083, 0.8414337264009542, 0.4096663647911884, 0.16592272123836077, 0.0461474761811223, -0.007057981932930771, -0.037615334579356736, -0.060367083553245236, -0.07939748396804144, -0.08917218689352165, -0.09509577815781876, -0.09155265262122292, -0.10095886597869547, -0.11710668806075178, -0.09868791453213425, -0.09135182377740986, -0.08492035739859345, -0.07899299891021995], "train_r2_score": [-9.010055513876994, -5.047302845610237, -2.4430364653047425, -0.9715872335770904, -0.26618805037133075, 0.02569296250638354, 0.17881975253059787, 0.30059323530914567, 0.43372240537512385, 0.5555032478551484, 0.6586913430235952, 0.7374639893829522, 0.7883332040008894, 0.8135428555613297, 0.8320597212341769, 0.8475846980867616, 0.8636427034858044, 0.8774116246496032], "val_source_regression_loss": [2.5675003075901466, 1.4765590482120272, 0.8386254884019683, 0.4929425784304172, 0.3471886702353441, 0.28896720688554306, 0.24824014739899697, 0.20445035265970835, 0.16276693155493918, 0.12713942893698246, 0.09555939594401588, 0.07629891786771485, 0.06315762398740914, 0.059287221088439604, 0.05223186568746084, 0.0481005844813359, 0.04324250092989282, 0.039708486699228045], "val_target_regression_loss": [2.4032120855548715, 1.3608224527745307, 0.7541632433480854, 0.45421611508236653, 0.3345422088345395, 0.2912635401457171, 0.2657699324662172, 0.23914813165423238, 0.21433770241616648, 0.18946044241325766, 0.1732253871763809, 0.16273462508298173, 0.15646321609427657, 0.1542428347128856, 0.1457428737908979, 0.14323412240306033, 0.13843431748166868, 0.13505406102424936], "val_source_r2_score": [-6.881996645458058, -3.5178027080867023, -1.5608336758459986, -0.5128899270584244, -0.06157527296096043, 0.1198965940196152, 0.24162868425890222, 0.37610909477995086, 0.5047902460474115, 0.6132311543790792, 0.7069093819662967, 0.7650057416684761, 0.8058407471873842, 0.8175539944007754, 0.8410403903732657, 0.8533195057415328, 0.8679633877654752, 0.8785079906513334], "val_target_r2_score": [-6.147006390688684, -3.0714790190486445, -1.2384748436121573, -0.3513043178952188, 0.007893328866365077, 0.13123450170523754, 0.21554147073166172, 0.2919654799439781, 0.3650356834756626, 0.43579803062103795, 0.4850784351066294, 0.5149361779325985, 0.5372970604239489, 0.543187435194376, 0.5658815036325294, 0.5759885978003816, 0.5869896898460484, 0.5990667986498218], "val_source_mve_loss": [1.128359551671185, 0.5795293620115594, 0.26093384736700903, 0.08647910048124156, 0.008530119711038056, -0.02595678108001623, -0.050536002221081074, -0.07440097571079489, -0.08705482572977301, -0.0915834535078346, -0.10207888196352162, -0.08984719122512431, -0.12832028116983704, -0.10798372677232645, -0.09061224437967132, -0.08866814443770843, -0.08213691394540328, -0.072169690994145], "val_target_mve_loss": [1.0415405578251127, 0.5175294144244134, 0.21443356856515136, 0.06320062463607969, 0.0006307338723983569, -0.02327488820198216, -0.036039924237264105, -0.043269320768363116, -0.03860871103604006, -0.03537239043537197, -0.04008475780675683, -0.014593540976719954, -0.05089420473933974, -0.018943263721782008, 0.006270588387416888, 0.020932505210814408, 0.03604061529629781, 0.044540409729639185], "da_weight": [0.0, 0.0, 0.0, 0.0, 0.0, 0.0, 0.0, 0.0, 0.0, 0.0, 0.0, 0.0, 0.0, 0.0, 0.0, 0.0, 0.0, 0.0], "beta": [1.0, 0.996, 0.992, 0.988, 0.984, 0.98, 0.976, 0.972, 0.968, 0.964, 0.96, 0.956, 0.952, 0.948, 0.944, 0.94, 0.9359999999999999, 0.9319999999999999], "epoch_no": 18, "lr": [[1e-05], [1e-05], [1e-05], [1e-05], [1e-05], [1e-05], [1e-05], [1e-05], [1e-05], [1e-05], [1e-05], [1e-05], [1e-05], [1e-05], [1e-05], [1e-05], [1e-05], [1e-05]]}