{"train_DA_loss": [0.1957792687950012, 0.1403470002591501, 0.12348555072025146, 0.09143655675665988, 0.09941401651343654, 0.1107090473093324, 0.11513169326392127, 0.09143339265035755, 0.09375338688138635, 0.07974553090508285, 0.07384434884492397, 0.09012048414327763, 0.0906438754507131, 0.09422557874560573, 0.09358513451962845, 0.09597267646349326, 0.09707947252437445, 0.1005270204879684, 0.10252516516492834, 0.10256208393593375, 0.1076057904571894, 0.11137479941413433, 0.11152063620700697, 0.11557511790524454, 0.11892348751289535, 0.11940694025545713, 0.12302426967967363, 0.12775582756159293, 0.168938669701272, 0.12955821565670766, 0.14304716288498595, 0.15575128111314077, 0.13856933122905996], "train_regression_loss": [0.12447758579466635, 0.01536078520555056, 0.01956581195196651, 0.012372836838365691, 0.013151303481079053, 0.024280397338925484, 0.016151582069654134, 0.011154602680157808, 0.01107554466989729, 0.010983807008400206, 0.010714397390272598, 0.008741860060017877, 0.0076915695586529526, 0.02031732071957243, 0.011136361886449226, 0.008405492816399613, 0.006128176865448845, 0.004413804822981058, 0.0034153226159012433, 0.0027765867971156263, 0.0023227459380753897, 0.0018877108333210104, 0.0016461422231041536, 0.0013777500633967588, 0.0012123952165349868, 0.0010932495731773566, 0.001149635554578196, 0.0030954700041863677, 0.0021663384801083306, 0.005160835051229751, 0.002108005129062218, 0.0026989271005545784, 0.0024454792145506853], "train_mve_loss": [-0.1802185191355741, -0.23650006080894193, -0.27148187931429535, -0.2656221317580239, -0.26746222648558493, -0.22649305652132362, -0.2661586748248807, -0.24216866640329796, -0.28651587592209715, -0.29618810519739525, -0.26881364202450353, -0.23139047128245424, -0.2634624821530618, -0.26669609339625133, -0.346722945271288, -0.35179511529871926, -0.3499545835816664, -0.34313350763355793, -0.325973433049113, -0.2543234389268502, -0.15907051143197298, -0.13175554243912427, -0.11730622895184557, -0.10610960483877925, -0.10595081559973181, -0.1276645957810678, -0.11151520808446996, -0.26112052690666815, -0.13115149286917838, -0.22462436254093698, -0.18202745304928183, -0.29652644371038384, -0.2694279006503563], "train_r2_score": [0.6189679261670261, 0.9533688592742312, 0.9404797556505788, 0.9623977068839844, 0.9601002884534336, 0.9265104689003667, 0.9509639343382844, 0.9660997998430999, 0.9664350597697965, 0.9665647847462696, 0.9674034037086132, 0.9734916442108842, 0.9767346566053986, 0.9382183256086625, 0.9662664169902125, 0.9745872773143838, 0.9814700390150299, 0.9866407952206527, 0.9896677060186285, 0.9915978635352681, 0.9929633328114095, 0.9942737320466346, 0.9950086370365239, 0.9958156642788223, 0.9963242805248048, 0.9966813217752715, 0.9965120331900119, 0.9906350754958504, 0.9934319188627744, 0.9842482478255372, 0.9936050639656382, 0.9917483139394222, 0.9926437476949547], "val_source_regression_loss": [0.013632387913103346, 0.015335199800378915, 0.010011961677736497, 0.00765317139699112, 0.014193636247345919, 0.013109322189341617, 0.012224194546572016, 0.009190244529443451, 0.009367792784601828, 0.01095947356823879, 0.009417346372162993, 0.006964800113081177, 0.007372102882901702, 0.013037168992612558, 0.009272166250768718, 0.008659373296872724, 0.005239501554236005, 0.0037575792521238327, 0.0030227439666662037, 0.0026402396527177925, 0.0019552229455660416, 0.0017798492873582659, 0.0015990251551464766, 0.0014043207681160184, 0.0011215062282944122, 0.0010481268061395686, 0.0010873997330524121, 0.0023804396491120513, 0.001421136068345248, 0.0036281854315083238, 0.0018871918591800369, 0.0014924984086375635, 0.0018290366706308686], "val_target_regression_loss": [0.019904034424431716, 0.021435846515660044, 0.013138646678409622, 0.010290998116701464, 0.02589581904437723, 0.017326438198266906, 0.015190559910916829, 0.01119068709402522, 0.012219513177022905, 0.012504803394026395, 0.011452876420432254, 0.008668157283829737, 0.011316046666919807, 0.017995459145477302, 0.021837098630074457, 0.018757819870038876, 0.01852348086105872, 0.01890625739823791, 0.015526080834148805, 0.010517885613762126, 0.00839548800847953, 0.007247431987684362, 0.00725154731057207, 0.008382730433552326, 0.008378127513194009, 0.008179516048182416, 0.009124447120047069, 0.00892729443038189, 0.006374222986824527, 0.011088464739201944, 0.008661919137863796, 0.006666078108445376, 0.004771622478419655], "val_source_r2_score": [0.9579954879867765, 0.9529480306579422, 0.9690081247358208, 0.9764510054964242, 0.9565490354618722, 0.959996940116816, 0.9626339066695102, 0.972010849185278, 0.9714000980460419, 0.9663956256278835, 0.9710087550670045, 0.9785582216665093, 0.9774180560388039, 0.9599733392964167, 0.9716034308427839, 0.9727623635790835, 0.9839329483115197, 0.9885355070046464, 0.990800972777663, 0.9919125421034131, 0.993995220455715, 0.9945559292687034, 0.9950423741564479, 0.9956923706886094, 0.9965796534451269, 0.9967780265668243, 0.9966480396718768, 0.9927048847359572, 0.9955745715706951, 0.9888449660378581, 0.9941898062204736, 0.9954616467971346, 0.9943984149616305], "val_target_r2_score": [0.9405730356560594, 0.936335600021343, 0.9610287711452825, 0.9693182478353343, 0.9228095361304469, 0.9481782709455162, 0.9549429865571266, 0.966621858179208, 0.9636981826887426, 0.9627520310154157, 0.965812974544254, 0.9742103082673165, 0.9661167717789407, 0.946140364601868, 0.935121697384348, 0.94425307585475, 0.9450615420854072, 0.9432554487694498, 0.9538738048682964, 0.9685053584551911, 0.9748242590026035, 0.9784813332287341, 0.9783471585379591, 0.9748528600279804, 0.9750788578851173, 0.9754177358027255, 0.9726306821373547, 0.9734649227704408, 0.9809118104512021, 0.9666386695710125, 0.9741488804458335, 0.9802214168929525, 0.9857003216787925], "val_source_mve_loss": [-0.17929511507855186, -0.0922965747834761, -0.3504878610749788, -0.21687459775918647, -0.33408894455885585, -0.20628382076945487, 0.22784864501673965, -0.288695728854288, -0.23839024661839764, -0.346666804220103, -0.35380542580085467, -0.1822896758212319, -0.20674961654445792, -0.33821669296373297, -0.35161314093613927, -0.34917634838744055, -0.3473565831214567, -0.33749027154113675, -0.30960940824279304, -0.17049396453024465, -0.14738720881788037, -0.11458861026205594, -0.10209890124918539, -0.10201870263377323, -0.11161016314467297, -0.2473546330687366, -0.10214240113391151, -0.2250341889978964, -0.09052076473643508, -0.302496852376793, -0.3380058238023444, -0.10811573974316634, -0.36442988469630855], "val_target_mve_loss": [-0.15439285715169546, 0.49416222824137424, -0.34651598937903777, -0.21084435114377661, -0.32217237730569476, -0.20381123204774496, 0.18176896330204945, -0.2816310747514797, -0.23518842883125135, -0.34460781156262266, -0.35119715332984924, -0.17681631992889357, -0.19123631168769883, -0.3323106388502483, -0.3341529690012147, -0.3330201333082175, -0.32342761679540705, -0.3054317914986912, -0.27532946723925916, -0.10640123590261122, -0.0888959358010111, -0.05400824246197185, -0.03410727919161886, -0.018571376886006585, -0.02854896701070704, -0.21428399052046523, -0.0016983002895795847, -0.1950689014754718, -0.01691901267069993, -0.2823800218256214, -0.3238583041142814, -0.04414714630575308, -0.3601723841474026], "val_source_nll_loss": [50.71965926055667, 320.0828569893595, -0.8163530607766742, -1.8604990032654773, -0.6873380700244179, -0.27549391683143903, 1269.2317639996734, -1.4068557446516012, 6.182309959508196, -0.8144422762001617, -0.9062445556061177, -1.9846037143393407, -1.9138081254838388, -0.7348988637139525, -0.954262367532223, -1.098444307906718, -1.2274980620492864, -1.3678203262860262, -1.603814331791069, -2.266698979124238, -2.5275532565539396, -2.68168970753875, -2.7044957951654363, -2.8413549676726135, -2.931786051279382, -2.100364672986767, -2.9607176569443716, -2.150099869015851, -2.7739738241026672, -1.6363609501078158, -1.4146027082129369, -2.7922445158415203, -1.0313258095632625],