{"train_DA_loss": [0.11953618658035721, 0.09892889220519518, 0.0829094133562863, 0.05682660296041743, 0.05113736116131546, 0.07624702455928818, 0.062428433567258294, 0.05104771921823186, 0.054839559740487355, 0.06640152488469096, 0.05785890511310297, 0.05143062448575139, 0.054056743262046215, 0.05754105743340862, 0.06050266241024792, 0.055907951392083544, 0.06182367486072197, 0.061025595057490105, 0.08278462702793221, 0.08339310674783408, 0.0933334348243159, 0.08736903725746999, 0.0820221967000848, 0.06769385755443486, 0.06284900407359631, 0.06099507326372581, 0.05809128097849311, 0.05895964283720885, 0.05395258435642371, 0.055169162512424874, 0.05385604396230887, 0.053144789527304864, 0.050612200565731506, 0.051293683556713834, 0.050725111431379206, 0.05400065526066576, 0.07265507592606806, 0.07062209764635105, 0.07122636200958894, 0.07085903222507489, 0.07052930288520766, 0.07210817867021674, 0.07292532872483543, 0.07286923118548594, 0.07458534838812225, 0.0733100486480013, 0.07472759151535016, 0.07451538698002015, 0.07622352999105532, 0.07228519864911571, 0.05517473409269039, 0.05262475074617911, 0.05345527816843071, 0.053975069272234846, 0.05356526648595085, 0.05304940876430088, 0.05376732931004146, 0.05976959153110846, 0.056741765371678736, 0.05711848981732969], "train_regression_loss": [0.3169496231039874, 0.02700040703111582, 0.0248947206925485, 0.015743955218963584, 0.014334629996385174, 0.02142794261187642, 0.01091984065566246, 0.016622646064778458, 0.007967118731865036, 0.007971087408080097, 0.006331032987810004, 0.005508576499781754, 0.004085577444226177, 0.0029538584303985976, 0.005825741474271515, 0.0034934069194713473, 0.0048978931625532005, 0.005698820390488264, 0.004513699922308843, 0.008620791230223038, 0.0048715744645997094, 0.0032013054848589015, 0.002249255984122618, 0.0023226221948666275, 0.0018128931433621324, 0.0025918932980219314, 0.0015073486543566983, 0.0033671573576793223, 0.0024374676435220464, 0.00579603761892129, 0.0015873068652475012, 0.0022564033372838464, 0.0010710866521436114, 0.0011248104067832585, 0.0015639465572942436, 0.0056325093167536025, 0.005984278468558159, 0.00286570819579167, 0.002441369822007047, 0.0022253322934772703, 0.0019961487590394902, 0.0017257218184868995, 0.0014917887877111053, 0.0012942585626777119, 0.0011334245599052056, 0.0010065440643132687, 0.0008947581692958008, 0.0008333094364416937, 0.0008338389671756673, 0.0013432870207182464, 0.002068016785784357, 0.004136626797445609, 0.004033601736088864, 0.0015357554295582108, 0.001135347023375598, 0.0009783440455964595, 0.0010877584517546939, 0.0009572522726333045, 0.0015679964062207, 0.002032992883189113], "train_mve_loss": [-0.008701594909091209, -0.2724005569460405, -0.24325824560005033, -0.27608553151952503, -0.2698102240438762, -0.21020836853703154, -0.25899191817755673, -0.26823075415338415, -0.21506745986626832, -0.23010339623681478, -0.2193794906398169, -0.3055004410418449, -0.252505235748546, -0.2026021557926478, -0.28402666492860973, -0.30120551767307835, -0.18369079284860296, -0.25547695848443824, -0.32185111450920156, -0.3078098093351891, -0.35702505037597154, -0.3583426676567991, -0.24789830753528658, -0.14646747687889408, -0.23519855538822398, -0.16053196088405805, -0.1957328676278456, -0.21592823435659683, -0.22668324378906482, -0.2647718253938764, -0.29145599193394295, -0.254229609331821, -0.10397776810816699, -0.17925500861748753, -0.3319878292012912, -0.2942038421983911, -0.3571109052005154, -0.36301529794332094, -0.36397506724327966, -0.36450416677830644, -0.36498141632001624, -0.365459024306843, -0.36580965783739877, -0.36596621918939803, -0.36579806653193625, -0.3650268057473617, -0.363028053609719, -0.357945640082769, -0.3428576786949604, -0.2795183495286396, -0.183837693688584, -0.1818163953006431, -0.3183337037589476, -0.36208599075756737, -0.3538227615234403, -0.3090218346450185, -0.18700594007560278, -0.11613765505348525, -0.24428187104170185, -0.2684951024836566], "train_r2_score": [0.048027519683844964, 0.9184458982214584, 0.9245788645412014, 0.9521973478037599, 0.9564445142007449, 0.9351923329308663, 0.9669489547099911, 0.9497994402942295, 0.9758609870936483, 0.9758447685764994, 0.9807763402623153, 0.9833077854964046, 0.9876095212804559, 0.9910459506863633, 0.9824203053926611, 0.9894278130396614, 0.9852915303519346, 0.9824923131841574, 0.9862553371571714, 0.9739271160909099, 0.9852088945200004, 0.9902901943485172, 0.9931850074959802, 0.9929458879739554, 0.9945053331329569, 0.992115456416738, 0.99542854336282, 0.9897838432438357, 0.9926583808348242, 0.9825286244124847, 0.9951898892777385, 0.9931637846955171, 0.9967554616346335, 0.9965823617932228, 0.995272315581213, 0.9828450750785582, 0.9818006393173798, 0.9913071037795701, 0.9926064841418534, 0.993266630298818, 0.9939630403979336, 0.9947775950788992, 0.9954833970083197, 0.9960771913160673, 0.9965667027227352, 0.9969512183758518, 0.9972845231707314, 0.9974703290375144, 0.9974702290772465, 0.9959193784047181, 0.9937283790018115, 0.9877044891642595, 0.9877288533444645, 0.9953368147181233, 0.9965475394906951, 0.9970312514178263, 0.9967035464688728, 0.9970991272804475, 0.995261115779403, 0.9938107361702594], "val_source_regression_loss": [0.029893686263998853, 0.018481222087446646, 0.015952318187661563, 0.014962549616075769, 0.029318518913056278, 0.016797860671730735, 0.007035432854973817, 0.011319384273566022, 0.005288864114569335, 0.004256369266069576, 0.0045058967315745125, 0.010265359660917068, 0.003689932931638971, 0.0022371479021267423, 0.003644995376632749, 0.0028722396347365237, 0.0028838945812062373, 0.030763149874497065, 0.0024322057408103837, 0.0065000675194248365, 0.0039133946381839394, 0.002677068134911264, 0.001959989595969644, 0.0015858411243704113, 0.001647568536226791, 0.001960680193762896, 0.00108263427480065, 0.002259939375533899, 0.0012576036277533616, 0.0020187747181404994, 0.0016849290408618466, 0.0017226945794529365, 0.0009049513057475508, 0.0008562382375467805, 0.0015297949393692461, 0.016181639419231987, 0.0032728576496290633, 0.0025494956496890774, 0.002539782637518041, 0.0022531607618579003, 0.001980678119425532, 0.0017111417395357467, 0.001504141488849315, 0.0012686660143405293, 0.0011079770761919267, 0.0010818034650675386, 0.0008806038420953894, 0.0009096880632016478, 0.0010000421456356026, 0.0012949378917854327, 0.0015369867080751855, 0.0012377393314072602, 0.001958994479272279, 0.0013342487111487249, 0.001077738664955891, 0.0022771754626279015, 0.0024439703490396467, 0.0008953594900314001, 0.0009453076209071316, 0.001545574952247022], "val_target_regression_loss": [0.037479731053868426, 0.02936558583397654, 0.020940680646255046, 0.01769095489495917, 0.06392348159246053, 0.038629860982676095, 0.01796134224137928, 0.01625880360886266, 0.011175134844040568, 0.00935153139731552, 0.006850016362304929, 0.009666035028433875, 0.005185732488296455, 0.00379972413029003, 0.0056538583970145335, 0.004273201182743982, 0.009108630745801368, 0.04573367019714434, 0.003953416469282931, 0.008610875275033184, 0.00548559033807037, 0.004615796668030605, 0.0037198395680494703, 0.0026353429531372047, 0.0024831208866089582, 0.002984911403795586, 0.001924743444092949, 0.0028460884401928397, 0.0017663959540497464, 0.002539095070943991, 0.0021686820560901225, 0.0021833124175620606, 0.0015656258689852643, 0.0013348911100515175, 0.0021588325565327195, 0.022436416825821884, 0.005748255004446152, 0.004542697639546439, 0.004315087250492807, 0.0038222097585425725, 0.00351249228549909, 0.003114982900103625, 0.0029075668897786283, 0.0026346340869800953, 0.002333223281864407, 0.002465285422704831, 0.0022735697411802374, 0.00242902756863144, 0.0027377156237187454, 0.0027392174270522746, 0.00258574613128329, 0.002012965552320209, 0.0029576167897498117, 0.002418099874571626, 0.0023272792083694586, 0.0035801563954240157, 0.0061802475335948825, 0.00265179434496485, 0.0019845626820939816, 0.002132041001091181],