{"train_DA_loss": [0.0504879501922366, 0.050037961531519015, 0.07046067338756931, 0.060853835021637694, 0.07070693673337836, 0.11699222620760501, 0.09178032758739356, 0.0865772267841007, 0.09221461919260636, 0.10591945281657483, 0.08831394066731063, 0.10068590573666845, 0.12993212468527135, 0.1104035858997915, 0.11274007012492124, 0.19020244888484586, 0.26068682257610437, 0.343445242322995, 0.27025066931788183, 0.20044107522672447, 0.15484517716021162, 0.12318076483455828, 0.12317648290280232, 0.12318563999325527, 0.12490420382626531, 0.12548493110392603, 0.1250810506166226, 0.12517787591031526, 0.13291138984004147, 0.12397594740392957, 0.1212934562340515, 0.11523338796833098, 0.11598899165062844, 0.11556492320907182, 0.1115079053577165, 0.10738802265369042, 0.10625067311024099, 0.11020127933138685, 0.12286912493230656, 0.16402471991736012], "train_regression_loss": [0.1624753815845554, 0.025575283756462595, 0.021785887137014535, 0.04609981113687239, 0.1380614821783776, 0.02518449861290686, 0.010888113644505277, 0.0133853365864666, 0.01074212930425729, 0.009876219439107442, 0.0078098351604916445, 0.007754687851097374, 0.007445544167038673, 0.006902042060828269, 0.005233911687160895, 0.007778793238818482, 0.007864054561025673, 0.007025560112993558, 0.004629329159358683, 0.0025532078112848445, 0.008228689088857303, 0.006847843149816533, 0.004240241554655966, 0.003262958093078116, 0.0026173297389473433, 0.0021840071208158703, 0.0018699139154854977, 0.0016856762820853081, 0.0028497468260026636, 0.0018849003651618644, 0.001524447360126237, 0.001280550879977092, 0.001076631806131071, 0.002471657018998716, 0.0027212769511816394, 0.0020916633859363602, 0.0028082511296889097, 0.001963273456092018, 0.0018756161008661842, 0.0027431941279840114], "train_mve_loss": [-0.15038938981683506, -0.24266250142776552, -0.2666326098184917, -0.21197822273319836, -0.16124227588189258, -0.27020242725800336, -0.23280583639412955, -0.24500385729061402, -0.2680673293319873, -0.2907392852675762, -0.2250142053886567, -0.20298032649201928, -0.3468171318335769, -0.2764649310947772, -0.22620940521032545, -0.19393428411314323, -0.23281258949414033, -0.3539423785109407, -0.29671662367567064, -0.15012599677664706, -0.22749568874755333, -0.35675453796465173, -0.3608684413938679, -0.36100462994366284, -0.359340494794863, -0.354745397892469, -0.3434434038956379, -0.30239220486589496, -0.17041545658214, -0.14704977394757585, -0.1308093942170605, -0.11198871176846502, -0.10129628814007725, -0.22043493704723918, -0.15816083706581668, -0.19763609798287995, -0.15470398020278492, -0.2664580023157967, -0.1091206617367333, -0.1760604366033561], "train_r2_score": [0.5000449980736491, 0.9227592015492411, 0.9338843872777285, 0.8609344047767176, 0.5742659419293054, 0.9237722180258083, 0.9670280075868319, 0.9593408435270879, 0.9675189658828794, 0.9700588875353288, 0.9764020696840952, 0.976351056368069, 0.9773949062947312, 0.9790883929504112, 0.9841252045840159, 0.9761597114046977, 0.9760684519338364, 0.9786985575856354, 0.9859940261356379, 0.9922551570612305, 0.9750252831071886, 0.9792380294238378, 0.987150461830891, 0.990117333041767, 0.9920613268036101, 0.9933616873858139, 0.9943244166390479, 0.9948821569272516, 0.9913210502784339, 0.9942889407424879, 0.9953790975725115, 0.996114893791173, 0.9967311734521135, 0.9924398900044162, 0.9917109200764612, 0.9936339679787511, 0.9914922650161272, 0.9940498164612008, 0.9942881197671299, 0.9917026840005371], "val_source_regression_loss": [0.01918605146811733, 0.018471293174956417, 0.030193150208532055, 0.041913566662918164, 0.046217666042945055, 0.017977546322855014, 0.008625515141300385, 0.007614401658360339, 0.013241963154530223, 0.007338072061302919, 0.006739198996485034, 0.011254428538104778, 0.007085061125174354, 0.0059606717144952545, 0.007084017979051871, 0.0039319239845617285, 0.008318140931851879, 0.005653764321645604, 0.003306734287238951, 0.0019507612929903443, 0.009010931223489439, 0.004739216567146816, 0.0038431459519116186, 0.0030476752332635696, 0.002509803636459327, 0.0020603250308386697, 0.0019323438379465591, 0.0020169308350150342, 0.0023571161959980483, 0.0013940074183400484, 0.001419590366856914, 0.0011543569315661075, 0.0010027561544534997, 0.0011043064428870625, 0.0011109336355960445, 0.0012685355341321306, 0.002977939437532538, 0.0012202485371675766, 0.006221114475091424, 0.0013143947403995862], "val_target_regression_loss": [0.023584607375573507, 0.022131244321884232, 0.03321647387045094, 0.044695941283355786, 0.09003522534725032, 0.04776795628138735, 0.0718290735554846, 0.046423874571447886, 0.145387758394774, 0.10116146398778958, 0.11447051338427051, 0.279137210708253, 0.10864748112574409, 0.1169416764043743, 0.05997272754158778, 0.19892638247412972, 0.29882897351738774, 0.2041293392075768, 0.11915111364914646, 0.11343243892622899, 0.026161114885648595, 0.01903510777444779, 0.016290679520962737, 0.017735974055632382, 0.01805014288217961, 0.017761464065671723, 0.016301779412440483, 0.01621011217254438, 0.01805345612707772, 0.020272472867435668, 0.016026735971858608, 0.015532873022735497, 0.012618411951285751, 0.012509764897153724, 0.00973403216870148, 0.009121268663461073, 0.007896163830934446, 0.007339583061446872, 0.021368179269889487, 0.008785071617723265], "val_source_r2_score": [0.941385957708274, 0.9432971891085916, 0.9077092238292738, 0.8722054923509658, 0.8596370613046761, 0.9449970492583268, 0.9732982623014192, 0.9766312137462305, 0.959303223615193, 0.9775699284532908, 0.9793874460897665, 0.965628106570895, 0.9780906300872253, 0.9817215970641542, 0.9783045405363573, 0.9879760806645568, 0.9742207489973175, 0.9827035932964925, 0.9899181466809376, 0.9940093245716756, 0.9723190251259466, 0.9854692527802421, 0.9882885148401819, 0.9906284490288937, 0.9923759772296691, 0.9937102216737509, 0.9940655651275673, 0.9937808563845474, 0.9928048076455496, 0.9957296268685006, 0.9956293083838345, 0.9964636567421012, 0.9969420262003346, 0.9965991409370321, 0.9965835443512685, 0.9961302150696356, 0.9908364725274564, 0.9962271879275362, 0.9806895836810835, 0.9959620854595767], "val_target_r2_score": [0.928876724878094, 0.9337875661195898, 0.9012303832144907, 0.867830078496341, 0.7316534524703577, 0.8563267746726303, 0.7767849349908654, 0.8681164367151544, 0.5715028095530124, 0.702093393232384, 0.6575928001804461, 0.166284949354818, 0.6743788923604462, 0.6553906735381877, 0.8260358542444864, 0.40870739648071924, 0.11526591156129778, 0.3903374565000971, 0.6466288450710445, 0.6637088464019675, 0.9222083799008192, 0.9432936248032134, 0.9511779882401259, 0.9470218027320643, 0.946025173368366, 0.9471752274777459, 0.9516967115461575, 0.9516475641816584, 0.9461627917387847, 0.9389033970052498, 0.9522925702192341, 0.9540873867397146, 0.962251494244142, 0.9631135530437442, 0.9710049377765877, 0.9732114004707643, 0.9765019556722261, 0.9782394511765433, 0.9357519026316774, 0.9737896910912829], "val_source_mve_loss": [-0.22881528904920892, -0.24590094557291345, -0.3147844268551356, -0.27436365092856974, -0.2753601685354981, -0.2591817907140225, -0.20115195912650868, -0.1893149544543858, -0.34096148572390594, -0.20529219753380062, -0.21439276465886756, -0.31584863911701155, -0.3514229655265808, -0.19478401013567478, -0.16884375391881676, -0.1626286391593233, -0.35267690842664695, -0.3489431701128996, -0.1736633011811896, -0.14753353501422495, -0.35164062924022915, -0.360462051780918, -0.36097189972672283, -0.3602729205843769, -0.35745271474500245, -0.3506667930868608, -0.33243034497092044, -0.22544984311997135, -0.14938215779352793, -0.12615700320729725, -0.12320078815085979, -0.11854015215288234, -0.09413052331420439, -0.11757486794568316, -0.10023867801020417, -0.10572385316408134, -0.3479425748692283, -0.10904564218053335, -0.28274728263480753, -0.12362301840057856],