{"train_DA_loss": [0.06247635674024413, 0.05593080670186327, 0.17043852476467816, 0.12319306169774458, 0.11080900858917446, 0.11340199458588195, 0.10707172229749846, 0.09270731043717544, 0.09374206849600324, 0.10119167388411719, 0.09941646689634219, 0.09759152869283608, 0.09231166161555912, 0.09317559092365192, 0.09498449812696011, 0.08759668620619956, 0.08939488388775035, 0.09448170378613516, 0.12280374758585716, 0.11896147980768458, 0.11752550407454126, 0.1135479888216451, 0.11579131732747586, 0.1120824691119316, 0.10141888237686, 0.09429318193598246, 0.15487553365869103, 0.12186812771521713, 0.1000681642027507, 0.09526556694856292, 0.09750783438002605, 0.09797038396708055, 0.09905554282000557, 0.09805100351245137, 0.09539779917195684, 0.11460119344198726, 0.10962629582480932, 0.10517275872788438, 0.10732547534285777, 0.10879718880058424, 0.11077393923751615, 0.10365309583966431, 0.08541207397577967, 0.12272474921599602, 0.14204171419797476, 0.1110261326257337, 0.09097314710427463], "train_regression_loss": [0.1879497500548524, 0.021131758268248337, 0.028561399418731277, 0.016877256633485695, 0.014426409507807093, 0.011848083425694617, 0.011906052209178099, 0.011866041488938673, 0.012718071689458063, 0.011536369377736963, 0.00966758920319065, 0.008927994213616935, 0.005827759415544638, 0.005503313801075984, 0.0040942627323239745, 0.004281564651208655, 0.002348801301165707, 0.004598965100480935, 0.009268522664174179, 0.0035948466189917334, 0.002104716688642275, 0.00319114037584241, 0.002448928459859036, 0.002298261776610773, 0.002285384073754742, 0.0020253115847163666, 0.003780934956457663, 0.002853204488755975, 0.002609085900090989, 0.001644415901680145, 0.001154211344677526, 0.001289246295675826, 0.0009590348604874144, 0.0009306484986700193, 0.0014571251663812682, 0.0025005172894479303, 0.001367740787568262, 0.0010591506314424754, 0.0009169101963454765, 0.000840008691067329, 0.0014959693560930108, 0.0023553530533220856, 0.004548203257458213, 0.0034689679469443327, 0.0016018931460873287, 0.0012759570889191963, 0.002324462718444398], "train_mve_loss": [-0.12188293871987387, -0.22168267563230595, -0.25422651511387157, -0.23246614644184735, -0.2708702017936236, -0.25703274137195764, -0.26833882210759186, -0.2404025913755898, -0.28858093130087287, -0.2655332291829085, -0.2684069301735548, -0.24836295764123717, -0.19481653818891298, -0.24293427655585723, -0.24037998341282718, -0.2486260911582593, -0.17057210453522054, -0.3152541858731502, -0.3402603084742478, -0.23597362588484938, -0.12284695205893334, -0.1871000791353325, -0.19503328788487523, -0.30132345800412313, -0.19091559053012178, -0.1392583175335876, -0.2933385299222452, -0.34810236995355304, -0.3193874977515428, -0.17403359389038148, -0.09719223864172233, -0.1457494675186914, -0.10762436297710243, -0.1214514331725278, -0.2691862565180937, -0.29648881159055385, -0.35919216198938636, -0.3547976522057758, -0.3466690394625585, -0.32743212275574807, -0.2311378323644999, -0.19114609906480562, -0.185125661610372, -0.27917651396918997, -0.2992824013234274, -0.15515532685099834, -0.2263885060022202], "train_r2_score": [0.42634079440602757, 0.9362785436740321, 0.9135175615751762, 0.9488653088635379, 0.9562069083691376, 0.9640772481697955, 0.963910658889088, 0.9640271721671949, 0.9614191352262031, 0.965003499448612, 0.9707442966526192, 0.9729335214606326, 0.9823022230497062, 0.9833263373505762, 0.987590839357506, 0.9869708890876157, 0.9928756119691922, 0.98603946971966, 0.9722008702443294, 0.9890849072042494, 0.9935979369662534, 0.9902948047879292, 0.9925935570680507, 0.9930093038205953, 0.993065533206353, 0.9938492773090053, 0.9884783582998568, 0.9913550566000888, 0.9921233935665141, 0.9950165527390239, 0.9964961237431506, 0.9960910082651055, 0.9970995495392514, 0.9971740548912543, 0.9955731088027319, 0.9924568266887116, 0.9958476479999385, 0.9967795518750924, 0.9972141537369061, 0.9974505316932636, 0.9954670260932362, 0.9928483638808012, 0.98611591407378, 0.9894807202083996, 0.9951412682946336, 0.9961320821798081, 0.9929298791398512], "val_source_regression_loss": [0.014330926304093645, 0.024591826751262327, 0.020015927444247506, 0.014498214319914202, 0.012842363453929938, 0.00962197255413932, 0.018181333153308193, 0.013183726422205756, 0.012423537836610517, 0.010963998970728887, 0.007528009836243678, 0.006837009741111269, 0.004364579270558455, 0.0036715930534078726, 0.004054240605357705, 0.002770772529471241, 0.0022353441852345306, 0.002738049818214642, 0.005069928956984342, 0.0024304895756082443, 0.001803754226163124, 0.0017102287192180565, 0.0025436307548227003, 0.0029819219673783343, 0.0018490651973134167, 0.0013321438079251897, 0.0035081681488907035, 0.0030454664131555754, 0.0022722268064470984, 0.003079375667686138, 0.0010929295544135325, 0.000970285682043037, 0.001091483974522805, 0.0006922825382907486, 0.0013399806324557602, 0.001762798173895365, 0.0012126484019328145, 0.0011330606921316608, 0.0009360056122929989, 0.0007803523058331088, 0.0013999955985058523, 0.0012923949096009983, 0.0019042770351766598, 0.0021700327788609303, 0.001295528029787201, 0.0009776455596313353, 0.0016303378145528745], "val_target_regression_loss": [0.029087925235493275, 0.03402479554090319, 0.11613959064589272, 0.07239020542724978, 0.06707254455342324, 0.05877174446477166, 0.041958345005972474, 0.03125176203873339, 0.049398824360363094, 0.08517250890218758, 0.0657406642655783, 0.033260180815299856, 0.031167063661674155, 0.021799985673042793, 0.020417822678160818, 0.010424087176252676, 0.011081959120929241, 0.021044593151140063, 0.01352607779487779, 0.009897349979964238, 0.00960702508027795, 0.011373418294883605, 0.006929468392995717, 0.00915354777929149, 0.008626243966053935, 0.008869736585058744, 0.006687954009239432, 0.006109478547461802, 0.005699481490905149, 0.004735490510570286, 0.004839087597719288, 0.0051025591932142835, 0.004091973301565534, 0.004667055728267642, 0.006273575295116516, 0.010013984127229527, 0.007028079267496927, 0.008179872423481149, 0.007667033844686384, 0.007083434369886601, 0.004807738071496162, 0.003550332614303201, 0.0030269496470006017, 0.008842062782731992, 0.0051543183618849965, 0.0031306120107256912, 0.005272148406911123], "val_source_r2_score": [0.956104724545534, 0.9250388930547371, 0.9384163277398258, 0.9557715323314546, 0.9608616843760702, 0.9705647609637285, 0.9443030667478206, 0.9595871307093305, 0.9619440098181136, 0.9664198774260182, 0.9768954367801205, 0.9791738455072647, 0.9865913727505102, 0.9887689183785525, 0.9875721803689526, 0.9914899239742623, 0.9931854497759468, 0.9915751986577707, 0.9844202730777831, 0.9925445776688708, 0.994438947149407, 0.9947495518433341, 0.9922252897274809, 0.9908759270398233, 0.9942649897585337, 0.9959340511774324, 0.9892479920248839, 0.9905987368071985, 0.9930707433162177, 0.9905464356498516, 0.9966368205147718, 0.9969794748364007, 0.9966590882436627, 0.9978765970318039, 0.9958841865919934, 0.9946062839193409, 0.9962768518979526, 0.9964876888775458, 0.9971265117098305, 0.9976030246400549, 0.9956878390228088, 0.9960308618391311, 0.9941340793172029, 0.9933133529992845, 0.9960321774682775, 0.9969987607591365, 0.9949755673994812],