{"train_DA_loss": [0.07324600678066667, 0.05985779952005887, 0.06784564384022622, 0.05515841514525945, 0.04752710658777676, 0.04870398023201517, 0.04511167930347174, 0.045673475418600784, 0.04772722230750856, 0.0505286191796145, 0.05565281975094971, 0.06017740392951904, 0.05627302897641166, 0.05863220701624096, 0.05930095147579854, 0.05496034192319762, 0.054120562773136593, 0.05876574061906316, 0.05972217927113094, 0.05930152145883501, 0.06031670267446821, 0.05848309634018424, 0.05775187454668216, 0.063902437278296, 0.06356731480774104, 0.06385110117753855, 0.06060858212506749, 0.05611624281982835, 0.11607635911329355, 0.09155025137026523, 0.07753228272227962, 0.06992594491165996, 0.06917971374647491, 0.05661517640463395, 0.05412015427836988, 0.05691138121011706, 0.056088703723668615, 0.05596519202348083, 0.05531740718788486, 0.05808217711133756], "train_regression_loss": [0.11865391081856254, 0.06201869651838674, 0.03358612461713648, 0.04780680577779764, 0.017710286298157202, 0.010948181053592911, 0.02408880874398803, 0.01115950922800102, 0.009226657312714121, 0.0070528003729375885, 0.008296809351187493, 0.005810656405600568, 0.006236213853606576, 0.0059091513976454735, 0.005092270314775176, 0.01016479593589289, 0.00969920455864622, 0.007150670533090612, 0.00497008475876827, 0.0032927435788732886, 0.0024458638250221664, 0.0019267198901667755, 0.0017097437955605945, 0.0036981792448401805, 0.004919882071199376, 0.003179460007763745, 0.0031965930154036317, 0.0023366959633176272, 0.0047770321077175125, 0.0032739480057138765, 0.003211903232796768, 0.0026636925797102464, 0.001998603408236799, 0.0034453330873945895, 0.0017859429376194734, 0.0018948437896100854, 0.0023218273967112904, 0.0017170247378575205, 0.0026428327936989, 0.0021330322360516045], "train_mve_loss": [-0.1619092080966864, -0.16543869645814913, -0.23901086750779116, -0.1858918998770116, -0.26061235084939044, -0.21317355578571176, -0.2726844409472178, -0.23192316868514423, -0.2053528550801155, -0.1846722107877788, -0.2581748660292878, -0.18358353735160565, -0.20815068215022794, -0.24657501766570525, -0.21440008619095333, -0.2634432694621016, -0.3481323974550969, -0.3421184009237307, -0.257993120870381, -0.2022157641744047, -0.17446908515484721, -0.13581392845271711, -0.21357610216279135, -0.3201635316204981, -0.26540025811254214, -0.19055711997288127, -0.16262927701802316, -0.17736603064935866, -0.34618930143373977, -0.3623191398284117, -0.361003399712512, -0.3541909671461778, -0.30093191504151556, -0.16542825714720777, -0.1408853458421104, -0.1877454955273834, -0.18182614225029292, -0.35949438712278714, -0.2959024461098628, -0.20245947289728378], "train_r2_score": [0.6391578548215654, 0.8128664268960446, 0.8985252808125657, 0.8549417599635903, 0.9464317327870008, 0.9667964986064056, 0.9275077045157374, 0.9662064037773798, 0.9719852732545762, 0.9786071651726487, 0.9747564468361124, 0.9823465067119606, 0.9810640151102066, 0.9820780821975441, 0.9845330325971277, 0.969151608250122, 0.9706156892532808, 0.9783955873432414, 0.9849267337363172, 0.9900090413260223, 0.992582624156034, 0.9941432390571341, 0.994822870101117, 0.9887738601594747, 0.9850829331359704, 0.9903233522000735, 0.990322284311805, 0.9929010024773454, 0.9855023023714317, 0.9901026145114445, 0.9902925501326748, 0.9919564362207748, 0.9939573008173425, 0.9895172751117286, 0.994575314512571, 0.9942522618822184, 0.992932358305992, 0.994792904850606, 0.9919929257001774, 0.9935325353672769], "val_source_regression_loss": [0.02342620381165909, 0.060453528278990636, 0.02248719922868134, 0.0300740413839304, 0.01277777833180337, 0.00923561778131731, 0.011665317618960067, 0.009174718385963123, 0.008646501970913592, 0.01044949625701278, 0.006162967267623053, 0.008333299432798653, 0.004493045602936911, 0.005296618282747797, 0.003958318630068363, 0.009775957888393085, 0.008647475739398712, 0.005557389222557032, 0.004012533684579443, 0.0029446171549490736, 0.002366029107766344, 0.0015432223120609983, 0.0016881222645103743, 0.004702009469907307, 0.0030292365316867452, 0.002248160958089689, 0.002228685967105476, 0.0019682163013074595, 0.0030536647426270985, 0.0034628913449005613, 0.0030705950906665266, 0.0024339551035361955, 0.001997501695457893, 0.001984310917013997, 0.0013840591838536194, 0.0017047531245559266, 0.0027084131415674017, 0.0013682492883416199, 0.002428063223892941, 0.0015523849700612923], "val_target_regression_loss": [0.02660275722229028, 0.0672316804905481, 0.027173912081914612, 0.03224539690757099, 0.01410720630584261, 0.011242050760060171, 0.013365508835244028, 0.011458726287406833, 0.010089128195673605, 0.011217149410726903, 0.009473860069307723, 0.012905643274418161, 0.006344702242154486, 0.008179264431937209, 0.007695459318641997, 0.010204849352093436, 0.009787075233327436, 0.0070640993410650684, 0.0056523419798740855, 0.004964712665333778, 0.003968288282026784, 0.004266844885541668, 0.004256287689874821, 0.012264589808551194, 0.005422025647816024, 0.004115687650805221, 0.003731986634504003, 0.004256237940744886, 0.012844105150927848, 0.008650040648924776, 0.0066053019070266925, 0.005619240895243762, 0.005668794749528641, 0.0032666932255076835, 0.0028528595060298713, 0.0028130507680198436, 0.0038571736415777404, 0.0028212419195289286, 0.005291047520770491, 0.004602224418681257], "val_source_r2_score": [0.9281024458446719, 0.8153867031490921, 0.9312049914173166, 0.9084461924512925, 0.9610211780870489, 0.9717804326713474, 0.9641360599379245, 0.9718862757465387, 0.9736378261373427, 0.9681272766690265, 0.981079307983227, 0.9743000341457443, 0.9862355734745125, 0.9834810686063119, 0.9878682103930989, 0.9700606205978367, 0.9736238169549265, 0.9829852147241834, 0.9877243897286797, 0.9910137995756702, 0.9927361344104286, 0.9952641739586556, 0.9948346449953183, 0.9855085427745048, 0.9906755371842308, 0.9930925322992622, 0.9931399868299717, 0.9939712501753479, 0.9905965127700551, 0.9894292748883148, 0.9906129579775936, 0.9925693982874311, 0.9938837565047709, 0.9938926922604174, 0.9956251913175882, 0.9948083217521481, 0.9916525466143338, 0.9957892875497146, 0.9925395054340959, 0.9952272528982109], "val_target_r2_score": [0.9210156677285556, 0.8001309651855456, 0.9190804974132845, 0.9044573917504353, 0.958215587537708, 0.966586443385282, 0.9602052294722057, 0.9659884331182547, 0.9699167960301112, 0.9662883163368811, 0.9719869176669629, 0.9608043190200076, 0.9810908261169785, 0.9755576218287721, 0.977179778375285, 0.9696723383251611, 0.9706969616342538, 0.9790432314512566, 0.9831914054796407, 0.9852379813023994, 0.9882227617165896, 0.9871910335800513, 0.9872072383140025, 0.9633897363653948, 0.9837533787020974, 0.9877800057836408, 0.9888791923018945, 0.9873341819054003, 0.9615522491592325, 0.9741978060773024, 0.980295080802979, 0.9832698710407681, 0.9830568077711795, 0.9902271875591946, 0.9914870883393477, 0.9916158366885239, 0.9884392981510913, 0.9916307590256177, 0.9840855588981774, 0.9862540320248999], "val_source_mve_loss": [-0.2680603503426419, -0.13438105017324037, -0.28707984542544884, -0.28573795775823957, -0.221747853333437, -0.18495323782480216, -0.25120617260661304, -0.17435344534961483, -0.18788791089495527, -0.13556558931175666, -0.17632970308201223, -0.18470261425157136, -0.1800267434195627, -0.2972073604034472, -0.20946945400932168, -0.34076306789736205, -0.35048218505292, -0.3243566683576077, -0.2301291855452936, -0.3123011366475987, -0.11342874952132188, -0.11726545825412002, -0.2595665956599803, -0.2415412140043476, -0.15774209986004648, -0.2684758003753952, -0.254047886480259, -0.17282002843633482, -0.36235747193988366, -0.3618663100502159, -0.35910001359408417, -0.3453089606158341, -0.174374538131907, -0.14481678265559522, -0.12092958626490605, -0.2805809604970715, -0.363723616434049, -0.3466642544239382, -0.22053872727895085, -0.09648419822318645],