{"train_DA_loss": [0.07324600678066667, 0.05985779952005887, 0.06784564384022622, 0.05515841514525945, 0.04752710658777676, 0.04870398023201517, 0.04511167930347174, 0.045673475418600784, 0.04772722230750856, 0.0505286191796145, 0.05565281975094971, 0.06017740392951904, 0.05627302897641166, 0.05863220701624096, 0.05930095147579854, 0.05496034192319762, 0.054120562773136593, 0.05876574061906316, 0.05972217927113094, 0.05930152145883501, 0.06031670267446821, 0.05848309634018424, 0.05775187454668216, 0.063902437278296, 0.06356731480774104, 0.06385110117753855, 0.06060858212506749, 0.05611624281982835, 0.11607635911329355, 0.09155025137026523, 0.07753228272227962, 0.06992594491165996, 0.06917971374647491, 0.05661517640463395, 0.05412015427836988, 0.05691138121011706, 0.056088703723668615, 0.05596519202348083, 0.05531740718788486, 0.05808217711133756, 0.06049195798948216, 0.059980063384204724, 0.0642995642773957, 0.06358999809355796, 0.05440787251500696, 0.058068843548215066, 0.07327560540390843, 0.06069574188406986, 0.05687051752694564, 0.056734792425057134, 0.06567151737237652, 0.0723112877628594, 0.08053835768804254, 0.10417584970021379, 0.2652633623432852, 0.24131546364296944, 0.1338136510096041, 0.08688254381991392, 0.084182307920955, 0.08191357646988777], "train_regression_loss": [0.11865391081856254, 0.06201869651838674, 0.03358612461713648, 0.04780680577779764, 0.017710286298157202, 0.010948181053592911, 0.02408880874398803, 0.01115950922800102, 0.009226657312714121, 0.0070528003729375885, 0.008296809351187493, 0.005810656405600568, 0.006236213853606576, 0.0059091513976454735, 0.005092270314775176, 0.01016479593589289, 0.00969920455864622, 0.007150670533090612, 0.00497008475876827, 0.0032927435788732886, 0.0024458638250221664, 0.0019267198901667755, 0.0017097437955605945, 0.0036981792448401805, 0.004919882071199376, 0.003179460007763745, 0.0031965930154036317, 0.0023366959633176272, 0.0047770321077175125, 0.0032739480057138765, 0.003211903232796768, 0.0026636925797102464, 0.001998603408236799, 0.0034453330873945895, 0.0017859429376194734, 0.0018948437896100854, 0.0023218273967112904, 0.0017170247378575205, 0.0026428327936989, 0.0021330322360516045, 0.0011208351894956034, 0.000954930896153997, 0.004517054670406046, 0.00093324166129665, 0.013303505031071038, 0.004459859965491693, 0.0038917815649858124, 0.0023088954671939845, 0.002415619045027772, 0.0023009849156140666, 0.003916330135834337, 0.0036189679566760577, 0.0015825987008180626, 0.012306753990484719, 0.006598060784207647, 0.004523657167405298, 0.0018891795393431957, 0.001181925584922223, 0.0018316325609201065, 0.001363495366062145], "train_mve_loss": [-0.1619092080966864, -0.16543869645814913, -0.23901086750779116, -0.1858918998770116, -0.26061235084939044, -0.21317355578571176, -0.2726844409472178, -0.23192316868514423, -0.2053528550801155, -0.1846722107877788, -0.2581748660292878, -0.18358353735160565, -0.20815068215022794, -0.24657501766570525, -0.21440008619095333, -0.2634432694621016, -0.3481323974550969, -0.3421184009237307, -0.257993120870381, -0.2022157641744047, -0.17446908515484721, -0.13581392845271711, -0.21357610216279135, -0.3201635316204981, -0.26540025811254214, -0.19055711997288127, -0.16262927701802316, -0.17736603064935866, -0.34618930143373977, -0.3623191398284117, -0.361003399712512, -0.3541909671461778, -0.30093191504151556, -0.16542825714720777, -0.1408853458421104, -0.1877454955273834, -0.18182614225029292, -0.35949438712278714, -0.2959024461098628, -0.20245947289728378, -0.09828636170768433, -0.14693446259203297, -0.2385655638831625, -0.09155840428726547, -0.21426689650325387, -0.28162548561636663, -0.3510311086827266, -0.149636201301702, -0.3060539059640612, -0.32507613912851324, -0.2534733287704056, -0.19083340103709065, -0.3644535663576841, -0.32622435565023145, -0.3561604270333564, -0.3065764039918317, -0.12311884611027768, -0.09742398618616613, -0.22171202102434265, -0.2266706162331527], "train_r2_score": [0.6391578548215654, 0.8128664268960446, 0.8985252808125657, 0.8549417599635903, 0.9464317327870008, 0.9667964986064056, 0.9275077045157374, 0.9662064037773798, 0.9719852732545762, 0.9786071651726487, 0.9747564468361124, 0.9823465067119606, 0.9810640151102066, 0.9820780821975441, 0.9845330325971277, 0.969151608250122, 0.9706156892532808, 0.9783955873432414, 0.9849267337363172, 0.9900090413260223, 0.992582624156034, 0.9941432390571341, 0.994822870101117, 0.9887738601594747, 0.9850829331359704, 0.9903233522000735, 0.990322284311805, 0.9929010024773454, 0.9855023023714317, 0.9901026145114445, 0.9902925501326748, 0.9919564362207748, 0.9939573008173425, 0.9895172751117286, 0.994575314512571, 0.9942522618822184, 0.992932358305992, 0.994792904850606, 0.9919929257001774, 0.9935325353672769, 0.9965991788998493, 0.9970854235100907, 0.9863516641400563, 0.9971666972783574, 0.9596795173363856, 0.9864239629348034, 0.9882147006321175, 0.9929948491836618, 0.9927034222377685, 0.9929924473830666, 0.9882409600098139, 0.989086623781817, 0.9952099696470463, 0.9626754708090967, 0.9801256725893436, 0.9862814679041915, 0.9942723775588347, 0.9964169775748629, 0.9944510008190646, 0.9958736703327116], "val_source_regression_loss": [0.02342620381165909, 0.060453528278990636, 0.02248719922868134, 0.0300740413839304, 0.01277777833180337, 0.00923561778131731, 0.011665317618960067, 0.009174718385963123, 0.008646501970913592, 0.01044949625701278, 0.006162967267623053, 0.008333299432798653, 0.004493045602936911, 0.005296618282747797, 0.003958318630068363, 0.009775957888393085, 0.008647475739398712, 0.005557389222557032, 0.004012533684579443, 0.0029446171549490736, 0.002366029107766344, 0.0015432223120609983, 0.0016881222645103743, 0.004702009469907307, 0.0030292365316867452, 0.002248160958089689, 0.002228685967105476, 0.0019682163013074595, 0.0030536647426270985, 0.0034628913449005613, 0.0030705950906665266, 0.0024339551035361955, 0.001997501695457893, 0.001984310917013997, 0.0013840591838536194, 0.0017047531245559266, 0.0027084131415674017, 0.0013682492883416199, 0.002428063223892941, 0.0015523849700612923, 0.0009882937743965112, 0.05211486601376835, 0.0013309840924884606, 0.0007371219373131289, 0.0045085468217494745, 0.009098400238052577, 0.002651144175707728, 0.0012770721510559602, 0.0018085011051189673, 0.0028035705437577225, 0.0012596873404411009, 0.0021427854117524775, 0.0013160057118327558, 0.023701002184726015, 0.0035089277898114695, 0.0026156383867175143, 0.001404362500798476, 0.0011172516542616523, 0.0012802877234990555, 0.0019984376805398285], "val_target_regression_loss": [0.02660275722229028, 0.0672316804905481, 0.027173912081914612, 0.03224539690757099, 0.01410720630584261, 0.011242050760060171, 0.013365508835244028, 0.011458726287406833, 0.010089128195673605, 0.011217149410726903, 0.009473860069307723, 0.012905643274418161, 0.006344702242154486, 0.008179264431937209, 0.007695459318641997, 0.010204849352093436, 0.009787075233327436, 0.0070640993410650684, 0.0056523419798740855, 0.004964712665333778, 0.003968288282026784, 0.004266844885541668, 0.004256287689874821, 0.012264589808551194, 0.005422025647816024, 0.004115687650805221, 0.003731986634504003, 0.004256237940744886, 0.012844105150927848, 0.008650040648924776, 0.0066053019070266925, 0.005619240895243762, 0.005668794749528641, 0.0032666932255076835, 0.0028528595060298713, 0.0028130507680198436, 0.0038571736415777404, 0.0028212419195289286, 0.005291047520770491, 0.004602224418681257, 0.003953372873955324, 0.04914682419805587, 0.0038472881298983776, 0.002691494106444754, 0.005970478001864085, 0.011867527284105367, 0.003900761618809421, 0.002728364729511115, 0.0036140584086268384, 0.003910937738498744, 0.003417597785945746, 0.003980347839525983, 0.002674188489931388, 0.03847866547824461, 0.017464671384165936, 0.01536370461358677, 0.00755445117755687, 0.00416214833377943, 0.005819226184836294, 0.004292430114472592],