{"train_DA_loss": [0.1822167321140631, 0.11226800804995204, 0.09932632561452973, 0.09665221010608908, 0.09196142268654851, 0.09012669546894007, 0.08700468379261833, 0.08734025711183466, 0.08576066949331564, 0.08647498808515137, 0.08602151169460369, 0.08214884036828439, 0.08003148613276277, 0.08393759378512991, 0.08360784630575498, 0.0797428227075711, 0.08110615582813184, 0.08059697185338252, 0.08000697373621969, 0.08039855190860942, 0.07775339476723339, 0.07813146184292201, 0.07902205301111588, 0.07921343478604034, 0.07659977944857242, 0.07823911087904159, 0.07922007030444782, 0.09076427604655787, 0.13119789195235076, 0.14799516253050765], "train_regression_loss": [0.15798097231018424, 0.03061670491427619, 0.024216612857567245, 0.020289248663428114, 0.017746864535404843, 0.016200108495345117, 0.014442755257152362, 0.013129382165680065, 0.012111047545866786, 0.011353759948075689, 0.011007407698456805, 0.0107376593594155, 0.010041277339746682, 0.009579623598389164, 0.009508036070850625, 0.009392577380970312, 0.00915768886133143, 0.00908215786841182, 0.009161424446830584, 0.009118012754268726, 0.009048333746113796, 0.00935784660912267, 0.009804502756324626, 0.010485295998656158, 0.011591486372751689, 0.013030515128569559, 0.015271760994939635, 0.01977164234405884, 0.02739578155354619, 0.03182332557362166], "train_r2_score": [0.6814056945700145, 0.9381384587147804, 0.9509657173194936, 0.9588725833873933, 0.9638580841572095, 0.9672244107982432, 0.970815472763787, 0.9732968343951174, 0.975326385573006, 0.9769099395955135, 0.9776771784228029, 0.9783046956138662, 0.9796344422765053, 0.9806549111431212, 0.9807469982770779, 0.9809892552332318, 0.9813382940400243, 0.9814902321854917, 0.9813814795751896, 0.9815614424877345, 0.9816449888646142, 0.9810400298611178, 0.9800735172405315, 0.9787402003615421, 0.9765578355395444, 0.9735644319887561, 0.9691167172370773, 0.9600142794607922, 0.9450418575945152, 0.9362136536770308], "val_source_regression_loss": [0.035686239232398144, 0.02518023810924808, 0.021067639136580146, 0.017990550898300234, 0.016817859979049794, 0.015305314551160973, 0.012830608094312773, 0.011692757519543361, 0.011188466491913246, 0.011173695518641145, 0.010096299497612343, 0.009860927968695286, 0.010086293544347404, 0.009231846310957602, 0.010745680929535324, 0.009409839419387044, 0.010065671400564491, 0.010786521174369535, 0.009057218463984645, 0.008696894062042331, 0.011340422638852125, 0.009510888762558532, 0.010026964741598839, 0.011170657095054437, 0.013786663158921299, 0.013475929033960317, 0.01574741205153097, 0.020364916112250202, 0.029807959867131178, 0.031858164650999055], "val_target_regression_loss": [0.1358682672214356, 0.0910508253131133, 0.0799491315676718, 0.06665341260659087, 0.06299033355276296, 0.049992994897684474, 0.0510943352488006, 0.04696251351125301, 0.04277730217072994, 0.04064102950179653, 0.040577148223758505, 0.036529210686778564, 0.036534304534838455, 0.03178030846248956, 0.033461145694800624, 0.029489581686723384, 0.03045877426044102, 0.030858389161242422, 0.027390287133159153, 0.027629629910514233, 0.02786909778762585, 0.026394053771617305, 0.025690048630497637, 0.028870397158394193, 0.028121928370017913, 0.036313307038538016, 0.0382306297772392, 0.042842514326523064, 0.05332454519975147, 0.05248734529373372], "val_source_r2_score": [0.9271528938595088, 0.9471158405688828, 0.9561120589275367, 0.9626300419397941, 0.9653985776736688, 0.9686291980478279, 0.9736472560416612, 0.9759744240452036, 0.9767691867666636, 0.9759516153380151, 0.9793548690964416, 0.9797135143305178, 0.9787106447030857, 0.9809553534420365, 0.9778185685765423, 0.9805170814244919, 0.9790972637841723, 0.9779365399540123, 0.981070052648232, 0.9820770670287963, 0.9767371138705749, 0.9803070065344857, 0.9794586940132954, 0.9769376382503888, 0.9712074128001379, 0.9720144851975109, 0.9672822314343404, 0.9581839902991478, 0.9384927532724194, 0.934083059414067], "val_target_r2_score": [0.7210121503955959, 0.814706076379305, 0.8404279179082621, 0.8664522620004899, 0.8721636569523055, 0.8989183071638734, 0.8989902913167167, 0.9059525834858984, 0.9137708366837115, 0.9191371653269825, 0.9181791163001786, 0.927445464738762, 0.926490483296046, 0.9362431614754219, 0.9321395563952083, 0.9409945992209153, 0.9381162421027971, 0.9387283090746618, 0.9448446017971687, 0.9453357164245029, 0.9442351818533671, 0.9472376190587193, 0.9485558832894643, 0.9408648657121568, 0.9431900031350122, 0.9263560661055724, 0.9232398790905888, 0.913806119699367, 0.8904669031715455, 0.895645167595449]}