{"train_DA_loss": [0.08378414178209233, 0.08198375869167789, 0.08236151533048103, 0.08080680694744345, 0.08211931031388, 0.08275454559821424, 0.08287133068745271, 0.08142151561662746, 0.08085973944406023, 0.08445909800317812, 0.07996224794346138, 0.08086163974392621, 0.08069792221482482, 0.08055360312701307, 0.08050990269487039, 0.08096892103872907, 0.08183459029916054, 0.08243224966310823, 0.08199209916035916, 0.0819357118264549], "train_regression_loss": [0.009391380612094848, 0.009178896025980958, 0.009190522177933189, 0.00886911467284686, 0.008736877544898833, 0.00887472045112408, 0.008756233715721264, 0.008615461066177955, 0.008514590073382003, 0.008546264787243723, 0.008310145841080566, 0.008331553514202346, 0.008277214531934866, 0.008203912652787197, 0.008180848222568126, 0.0082110068028694, 0.008150385180871314, 0.008147232494337426, 0.008167800685080957, 0.00806364893655325], "train_r2_score": [0.9809248639696921, 0.9814300608737279, 0.9813707330784385, 0.9819899415684537, 0.982278221728043, 0.9819762203916629, 0.9822324644699466, 0.9826174888862467, 0.9826122665917509, 0.9826032708504356, 0.9831028088647872, 0.9831567424124741, 0.9831296660656652, 0.9833171290982256, 0.9833672756245709, 0.9833173826972216, 0.9833793038018882, 0.9834479960127092, 0.9834181009616261, 0.9837264749869145], "val_source_regression_loss": [0.009441302943927277, 0.008904439521728048, 0.010961075968874297, 0.009462258072605558, 0.009030804524471046, 0.008518964227194049, 0.009033691132097108, 0.008367692336890917, 0.009589782336157314, 0.008646954416006708, 0.008666613438777672, 0.008876111082566581, 0.008612159918400513, 0.008388509637243144, 0.008123774820001452, 0.008458099452553281, 0.0086224014503039, 0.008317165847891455, 0.007972991211150008, 0.008082788582938682], "val_target_regression_loss": [0.03445017693718527, 0.033362161344403674, 0.032156644774612726, 0.03259899389520762, 0.03166891436335767, 0.03140123908046135, 0.030953935130979795, 0.030326274460905297, 0.02962588339118631, 0.02884125809191139, 0.029115843823903306, 0.02935293631236644, 0.027676375989155594, 0.027145135518946466, 0.026570827895953397, 0.02740418129440421, 0.027217535794398208, 0.02657648388913293, 0.025029130063500184, 0.02599543741174564], "val_source_r2_score": [0.9804536489131856, 0.9817020160517522, 0.9771000587144241, 0.980064917478021, 0.9811985359545702, 0.9821682616180019, 0.9812798065133974, 0.9828130111966193, 0.9799517683027008, 0.9817499849917694, 0.9819567899101118, 0.9817006716725657, 0.9823408579426796, 0.9823631453597982, 0.9830729691675761, 0.9824007476185875, 0.9821727616122419, 0.9827857262887272, 0.9833852269065878, 0.9833497832149051], "val_target_r2_score": [0.9313153153737631, 0.933765386297871, 0.9346639260284142, 0.9342031663390251, 0.9365122089842283, 0.9370807821951758, 0.9372733093506636, 0.9385424821569882, 0.9392392276137543, 0.9424741068985133, 0.9416604112403434, 0.9416402568048481, 0.9441250226534156, 0.9455187100757452, 0.9466920099929211, 0.9452665097291194, 0.9456600247799319, 0.9460795065029521, 0.9501646547760318, 0.948105812516281], "epoch_no": 50}