{"train_DA_loss": [0.035521738718125896], "train_regression_loss": [0.278008539730196], "train_mve_loss": [-0.012257256107983712], "train_r2_score": [0.1672851570435513], "val_source_regression_loss": [0.028065015573667574], "val_target_regression_loss": [0.030580303737822966], "val_source_r2_score": [0.9138586078056045], "val_target_r2_score": [0.9089438976367407], "val_source_mve_loss": [-0.1594645145195949], "val_target_mve_loss": [-0.1586791358039349], "val_source_nll_loss": [53.46139884674096], "val_target_nll_loss": [29.64509315128568], "da_weight": [1.4], "beta": [0.7], "epoch_no": 1}