{"train_DA_loss": [0.12523270030276104, 0.036784476694230406, 0.024353008407425183, 0.020194461536840614, 0.030026485482860743, 0.0182247484150518, 0.014697053043216031, 0.022582458306641965, 0.015572548676214064, 0.01906613631929923, 0.02076879062330592, 0.017734582101759353, 0.015184632523778751, 0.014670194116449988, 0.01334584111490813, 0.011406619806639455, 0.011328357625991051, 0.00949210770618872, 0.009642632006900811, 0.009469536500020971, 0.008126073900841762, 0.006756896579593856, 0.008551995473414986, 0.00790917634039477, 0.00665907240455708, 0.005854576303822821, 0.004868556572536391, 0.005108667108301802, 0.00378870577538655, 0.00381106017408569, 0.003661723911525576, 0.003623357709876893, 0.003764639107997391, 0.006580656789365809, 0.008789467497624907, 0.008667748990099217, 0.01176290564627218, 0.029125744084464947, 0.036889710431234055, 0.03896832626169953], "train_regression_loss": [0.20948831394478215, 0.07221155494138244, 0.028531656905300438, 0.02585118341938996, 0.021397117404454477, 0.019642233475702226, 0.015273283819720776, 0.019568800692952203, 0.011518736111963853, 0.022527423269290758, 0.016564143894808928, 0.012347614255578851, 0.017464820628430716, 0.013715173133139854, 0.010303648072933366, 0.009907505769534565, 0.008519502370269251, 0.007442772893279355, 0.007745569505451257, 0.007036946728396514, 0.006621297428442312, 0.005958130265632048, 0.008530984107418567, 0.011063449118810771, 0.007753364674975139, 0.006839519707993408, 0.0064838067926398365, 0.006355698824855048, 0.0057109612643793635, 0.010375423397753094, 0.008342827838407983, 0.006692209071607433, 0.006603764983445706, 0.007399400665937247, 0.011038299563972507, 0.012056970193307894, 0.015893673955018495, 0.02872796744189925, 0.036143712610878065, 0.0371691074658192], "train_mve_loss": [0.13817937763780697, 0.04303048287945675, -0.052865612531298775, -0.07968174406434571, -0.041394768026316885, -0.04829094884448925, -0.056378803244226665, 0.06950585791092856, -0.05803457023654647, -0.011620436734187892, -0.14268412771319777, -0.04920576978304595, -0.02505136693111013, -0.05385238921756718, -0.04310264710466321, -0.07575731919618695, -0.03537685515689348, -0.03237606447625912, -0.02753674037587681, -0.031723992971633606, -0.049892854276223884, -0.036968836985644245, -0.05630226820161212, -0.04748344501579211, -0.034178547996183146, -0.034698265007061975, -0.037879390584158505, -0.033614303699611145, -0.01924512422961988, -0.07018398243246066, -0.032523976868764244, -0.021154212128622986, -0.042185532313071775, -0.033717048565569376, -0.030034249156400208, -0.03140455392960602, -0.0377341592275764, -0.053383084313715835, -0.06203904811299697, -0.062347545097811895], "train_r2_score": [0.358157419037639, 0.7813857154251523, 0.9135766511089831, 0.9215825440111284, 0.9352082923666716, 0.9405233055213289, 0.9536942983918134, 0.9405137799910366, 0.9650862624952936, 0.9316543521948509, 0.9496711679875915, 0.9625794939923301, 0.9471910091798584, 0.9583446830669978, 0.968738447549309, 0.9699266487467251, 0.9741344962499203, 0.9773907659158858, 0.9765010927162702, 0.9786462039800893, 0.9798432518366503, 0.9819225268682141, 0.9741155934879916, 0.9664637631111361, 0.976439920323853, 0.9792859282526569, 0.980300963699557, 0.980799180392461, 0.9827014774258479, 0.968464752171922, 0.9747003211809642, 0.9797145104988875, 0.9799625870614339, 0.977531725812427, 0.9665674368050604, 0.963507421093728, 0.9518582658558727, 0.9130209976888113, 0.8907731732604426, 0.8874575925138293], "val_source_regression_loss": [0.05226129057663906, 0.038893827343288855, 0.02448924240667986, 0.022877392241188996, 0.01715732858622376, 0.01622289474581993, 0.06800401262656043, 0.01188400355933965, 0.012932585929579373, 0.018090687680376482, 0.015201766857335085, 0.01069869088669178, 0.021623614491729795, 0.011065463511909865, 0.009050567033170144, 0.010022542150573263, 0.008918556202014413, 0.006983843201747801, 0.007429513408319105, 0.006627362138957162, 0.007437010283900212, 0.005237938414763989, 0.016211821261463286, 0.007890241273643472, 0.007701355138722854, 0.005743842760596095, 0.005724187129872698, 0.00523124640524576, 0.00504596677278699, 0.012818303183192693, 0.01075650963790809, 0.006090712883875151, 0.005731668715259131, 0.01130462234509708, 0.011766176034189477, 0.012622106443100337, 0.018389823987985714, 0.06527811637784861, 0.04005791112497638, 0.03313333413834813], "val_target_regression_loss": [0.06813696479495568, 0.04806899477409411, 0.03258597954541822, 0.033224699948030186, 0.06998444457031504, 0.0407079621866534, 0.09261835979509957, 0.02148457578843153, 0.017556509285976615, 0.026210110351631913, 0.021682667557763147, 0.012594669986563393, 0.02278059439238491, 0.013666074840894228, 0.011282156551657598, 0.01586031877211755, 0.01402537217599493, 0.011713809905502992, 0.009667085200736794, 0.007832343884614072, 0.008090549160408068, 0.006740302174599676, 0.018763964429874963, 0.009915483514247815, 0.00799880940702897, 0.0069529452314010904, 0.006835614095288742, 0.006959019228816032, 0.006290159409252714, 0.016278181248639202, 0.013630484549116485, 0.00747369535715331, 0.006773155816253039, 0.011782245804803282, 0.013458377056861226, 0.013376627235284334, 0.02009697427643062, 0.06741688428800317, 0.042086176338452325, 0.036306259965028946], "val_source_r2_score": [0.8398981743843045, 0.8810262271486548, 0.9250824657374838, 0.9296697756621827, 0.9473200950530363, 0.9503400719472372, 0.7908461202632939, 0.9635846012262143, 0.9607455999300982, 0.9445471482473486, 0.9530351540406317, 0.9666850751916682, 0.9328093880072054, 0.9658446475630745, 0.9723650150824222, 0.9684596101909542, 0.9726759498612181, 0.9786182026602339, 0.9770984852137145, 0.9792699198414034, 0.9771490592577324, 0.9840063313907047, 0.9500219402219362, 0.9760239445116027, 0.9755975892223545, 0.9823074000759274, 0.982579947947972, 0.9839267597188943, 0.9845521020945799, 0.960752141761648, 0.9670648682101197, 0.9817035340832355, 0.9824085655526884, 0.964983055247565, 0.9638144026866331, 0.961070783190539, 0.9435415439416099, 0.8016730348824456, 0.8771021832596302, 0.8996570082514597], "val_target_r2_score": [0.7972117831080887, 0.8556481714507164, 0.90366239807439, 0.9006841664028009, 0.7893621325395597, 0.8773982914920305, 0.7244918318311748, 0.9363779042772881, 0.9482060967053108, 0.9213986826788113, 0.9323969497134096, 0.9623157371337601, 0.9323810387623898, 0.9593683668549834, 0.9661760736782662, 0.9535747726890579, 0.9556280730618094, 0.9646790750431637, 0.9711835891268144, 0.9767105083039681, 0.9755251695278649, 0.9799244862068882, 0.9440987794125617, 0.9704048025640835, 0.97591217450883, 0.9792166800557379, 0.9795863385326865, 0.979389142409114, 0.981190034670639, 0.9517919149540836, 0.9592045595181102, 0.977451786504502, 0.9799276202908814, 0.9649158905216252, 0.9601802449940116, 0.9597977244149014, 0.9403342775344006, 0.7999123452547542, 0.8756042232221253, 0.8921539418875124], "val_source_mve_loss": [0.05700314101539081, -0.039915338618374326, -0.029915154781899874, -0.06017932951261726, -0.07513773827990398, -0.00575646015526609, 0.46846517694147327, -0.019949238290538705, -0.17720389215252066, -0.03664215399494654, -0.06853525373566, -0.03501792426539373, -0.09748739815210994, -0.04178173028970066, -0.035550415963877605, -0.03164413719897783, -0.021602491980795807, -0.026304214296838904, -0.02147805994918829, -0.02249224186886715, -0.020552203106352047, -0.0185322134955963, -0.190865121121648, -0.02508112741044805, -0.021941059162910982, -0.020032798470575597, -0.013104424387499501, -0.02468790833048428, -0.017744178636164606, -0.06974048450400558, -0.019627938553973844, -0.021121708251818826, -0.01838739532270009, -0.0279301782433368, -0.027517873982462703, -0.043498032643825194, -0.04474721811240232, -0.0929128567251978, -0.04500296386548235, -0.05464555532966234],