{"train_DA_loss": [0.46571406569515766, 0.315237564077325, 0.20089994024968888, 0.13540037241262098, 0.09680369437776057], "train_regression_loss": [2.074006853199528, 0.44776723164744964, 0.24461440382426575, 0.16879648889603954, 0.11172398630618177], "train_mve_loss": [0.883496187804386, 0.06469119077640326, -0.04735850606971783, -0.08248399292038826, -0.08955707330890068], "train_r2_score": [-5.3215408737193775, -0.3534775992502385, 0.2612026977254223, 0.4902293203751974, 0.6629716115915095], "val_source_regression_loss": [0.7791940901852861, 0.2847505353296859, 0.20139117840724655, 0.13331747875560687, 0.09271204547037053], "val_target_regression_loss": [0.7236893282660956, 0.29725311715391617, 0.2342913726085349, 0.16704242289820803, 0.11961549162110195], "val_source_r2_score": [-1.3842716219677729, 0.13200355246354703, 0.3860215107924687, 0.5924305768379741, 0.7167924904625651], "val_target_r2_score": [-1.1479454603945873, 0.11393842321645495, 0.3065694518697815, 0.5046008208207339, 0.6450814133102007], "val_source_mve_loss": [0.23364228519457805, -0.021520939201729584, -0.07125181426541714, -0.08930688601317285, -0.09590166014961049], "val_target_mve_loss": [0.20261395034156268, -0.019862271014223748, -0.05611975538202479, -0.06478368957774548, -0.0775539688294447], "val_source_nll_loss": [0.468348626471773, -0.0724605364795727, 296.3569799975221, 1460.9741126608244, 350.58524396298805], "val_target_nll_loss": [0.4783958362627633, -0.04268265239116323, 114.4749104722957, 5622.230435017166, 1858.299458033205], "da_weight": [1.4, 1.4, 1.4, 1.4, 1.4], "beta": [1.0, 0.998, 0.996, 0.994, 0.992], "epoch_no": 5}