{"train_DA_loss": [0.19508937598500653, 0.06547248312416852, 0.047338554482409895, 0.04304498840647816, 0.06393853902912118, 0.03689707133755551, 0.032299155417073795, 0.03200663637431165, 0.032139017936216846, 0.036168936330150864, 0.0371929566278863, 0.0403215190399118, 0.03597003496652112, 0.03434820042436149, 0.03413758596143186, 0.042421303900602315, 0.040864310358434755, 0.03793507675475133, 0.036303933829041894, 0.03847291635884009, 0.03559905375393152, 0.0346411054466989, 0.03395981777976974, 0.03335968849727615, 0.033722507128904025, 0.0322675685852875, 0.032623901833836295], "train_regression_loss": [0.7462842813412058, 0.11378272616694353, 0.049709790156408466, 0.05628881652514285, 0.12058706465134673, 0.07319523326684832, 0.038111658833267156, 0.02672953715878224, 0.013974241015094398, 0.026069589409554953, 0.015943753141467162, 0.04394024681602988, 0.03010994510748977, 0.032196974378399267, 0.024074713731869046, 0.06482754356927584, 0.030161001494791107, 0.035031431151972825, 0.025328808058890935, 0.020360097655144536, 0.012347534280168182, 0.0144978170904588, 0.014012814001427109, 0.010536848715552464, 0.007895807154183795, 0.011369514220327793, 0.018843060444488823], "train_mve_loss": [0.966157994142834, -0.023977104295215396, -0.04814114420584503, 0.3290574155429504, 0.5049388734742972, 0.1687653811416083, 0.04721441759320974, 0.03008976040264997, 0.032112019281269104, 0.18964175943802816, 0.06916780051327492, 0.1353215287725562, -0.1356992032327834, -0.02787078819361088, -0.18465218240807219, -0.05224820099565859, -0.16554329345271782, -0.0693240314992349, -0.20058678029959773, -0.19431790806543783, -0.1019495792850389, -0.13746652822308175, -0.1723778775332996, -0.10238210540911834, -0.07255150234731939, -0.1680834681830851, -0.19570019173774683], "train_r2_score": [-1.2781626114391604, 0.6564001090377818, 0.8496598439013314, 0.8293242236436948, 0.6355048582132036, 0.7784512739452757, 0.8846156416152399, 0.9191295163293514, 0.9577271284890585, 0.9213478535729931, 0.9516830381926235, 0.8675236947286261, 0.908319367346144, 0.9027605343414516, 0.927142081503762, 0.8042911700397407, 0.9087195785303948, 0.8939411216020564, 0.9233829567589233, 0.9382727684998903, 0.9625602798896601, 0.9561422918023379, 0.9575194445639338, 0.9680139832101247, 0.9760624846181698, 0.9655706335507237, 0.9430604129274237], "val_source_regression_loss": [0.2102346680586851, 0.06479931174765659, 0.0375537640309032, 0.08487622350265708, 0.09870421240412736, 0.05245032897101173, 0.03372554431516159, 0.016340817619539514, 0.010185980491481627, 0.011731555980123296, 0.010950656766897137, 0.029438475689178782, 0.023847344814787938, 0.02332376696971021, 0.02228281519646886, 0.028184992933197865, 0.045698130008163335, 0.025247375256841696, 0.03227710466879078, 0.015465939417481422, 0.010171443088380973, 0.015343507574989071, 0.014238691647077285, 0.009964235910933606, 0.007340652225656977, 0.010224867500129003, 0.013955554453349566], "val_target_regression_loss": [0.2603883286820182, 0.08691482972117918, 0.05541670793973947, 0.10890569679344757, 0.09406312526781348, 0.05202204139926766, 0.044711169244462175, 0.02196961002353626, 0.019127423238433614, 0.018246903107796288, 0.014093005846997228, 0.03419150819978382, 0.028133219343763363, 0.026609227391360683, 0.023771490830975243, 0.03297129396019103, 0.05302902975980239, 0.030291915458591678, 0.039300076356982884, 0.020277785361284696, 0.013183293946653227, 0.019835993246753003, 0.016126888155748573, 0.012401321502048758, 0.009979925760881433, 0.012490344493166555, 0.016294849435268325], "val_source_r2_score": [0.35864572580248255, 0.8022747815064624, 0.8852903406757134, 0.7394217232701116, 0.6977145004946399, 0.8400645911901778, 0.8965381518202691, 0.95013110679535, 0.96923708275982, 0.964354884290861, 0.9663988185846808, 0.9089094906735342, 0.9266374748859453, 0.9281382027566509, 0.9320554409582157, 0.9132753147907252, 0.8600990842265908, 0.9227883289548764, 0.901072034424208, 0.9514811519358984, 0.9688614742179248, 0.9529194582883584, 0.9561483429228951, 0.9696704968904125, 0.9772878715106401, 0.968551100445116, 0.9571777575306242], "val_target_r2_score": [0.2291877972305611, 0.7405617202618903, 0.8360849089674358, 0.6767709001045614, 0.7206691805834243, 0.8446926136443786, 0.867152435204279, 0.9348683771668858, 0.9432332687174648, 0.9456124661505828, 0.9580794985202076, 0.8976898935510347, 0.9164829062401574, 0.9209555792849895, 0.9291413797693685, 0.9024083780586305, 0.8416026536672954, 0.9099470126621244, 0.8830838485553185, 0.93987121692172, 0.9603592522281904, 0.9411011054363165, 0.9521032277271357, 0.963023760681271, 0.970153473624197, 0.9627484544667555, 0.9513343216038286], "val_source_mve_loss": [0.1394919666308391, -0.08938555263831646, 0.028020826775486334, 0.9934148946894875, 0.29018921942650516, 0.0035207533289360097, 0.027745500887755917, 0.08389139755428592, 0.07016349828483749, 0.14299197174325773, 0.05245166319080546, 0.05600092361999463, -0.2137247446594359, -0.08774182058965103, -0.18630331509475467, -0.17271395518055446, 0.0520127251555648, -0.17107533484320098, -0.200272634059568, -0.11721259242371668, -0.08340413849565047, -0.08181294020784052, -0.12039783163161218, -0.10736558765550203, -0.05729587569455557, -0.20125656376911116, -0.24732575631594356], "val_target_mve_loss": [0.1672792932655238, -0.07044061678874342, 0.25510502500530285, 1.0336392355870596, 0.3428090807003311, 0.01055874535224483, 0.06513011006379052, 0.1287160484662539, 0.15495354401631445, 0.2368390077277075, 0.06565300305668689, 0.06567137768562836, -0.21054706656480138, -0.08429775302168689, -0.1844812788635115, -0.16907989412923402, 0.060411080529418175, -0.16608764608449575, -0.19383911580979069, -0.11232208564311644, -0.08121572538644453, -0.07606522965280316, -0.11780358294520198, -0.1039732736122759, -0.052447902486671374, -0.19944130657594414, -0.24587029878851735], "val_source_nll_loss": [228.1527610258494, 624.3598270845375, 14619.938377670094, 0.48083253676378274, 0.12658639139012445, 5219.6628448872625, 4367.143052499506, 13499.626075454906, 11260.93321054193, 16159.934273635285, 11675.221432456487, 0.04569031470278396, 32.32104757729965, -0.11173697164918803, 2093.587843093314, -0.26159444111811964, 0.044795822870882254, -0.2533667174321187, -0.34258364386196377, 96.54904067214531, 29.17497600482989, 519.9369507673421, -0.3021906908554367, -1.70015532306478, 9.171383981463276, 12.042445228069644, 34.85373394700545], "val_target_nll_loss": [130.46695638768657, 582.3043945002594, 30942.935546875, 0.5001946665063689, 497.5039366607236, 5050.861252778693, 6236.789685213113, 17388.359560423258, 18478.032640674446, 23283.874171776108, 12801.975653926029, 0.05342572154123572, 16.382129860829703, -0.1076106002813653, 2119.2706024058257, -0.255987050789821, 0.05091940786076497, -0.24686011426810978, -0.33113011076480525, 109.48586138441593, 10.738884915279437, 358.0356258463256, 7.121147421341908, -1.6009522450121143, 0.3361941319477709, -1.1966511780702616, -0.7406716542907908], "da_weight": [1.4, 1.4, 1.4, 1.4, 1.4, 1.4, 1.4, 1.4, 1.4, 1.4, 1.4, 1.4, 1.4, 1.4, 1.4, 1.4, 1.4, 1.4, 1.4, 1.4, 1.4, 1.4, 1.4, 1.4, 1.4, 1.4, 1.4], "beta": [0.7, 0.7, 0.7, 0.7, 0.7, 0.7, 0.7, 0.7, 0.7, 0.7, 0.7, 0.7, 0.7, 0.7, 0.7, 0.7, 0.7, 0.7, 0.7, 0.7, 0.7, 0.7, 0.7, 0.7, 0.7, 0.7, 0.7], "epoch_no": 27}