{"train_DA_loss": [0.074045705692451, 0.03930873027108814, 0.03540397714653224, 0.027051034002093226, 0.018039567373910922, 0.017921314067403077, 0.017798688115426075, 0.019872512702423215, 0.02286352974939853, 0.01902650184486695, 0.021921510346765056, 0.029781210083017293, 0.03459399504420199, 0.03830306778169855, 0.041547407094777396, 0.04241959189815648, 0.04235764157701236, 0.04293590959100226, 0.041780782543408806, 0.04304447176251595, 0.04155815750959804, 0.04126241278087199, 0.04163046694365781, 0.04463974491674351, 0.04193432115944583, 0.04241988677837949, 0.04220387477843156, 0.041613076021809685, 0.0422479811088749, 0.042055782131591925, 0.04193172408727558, 0.04212994750255423, 0.04331874610410094, 0.042104729684495405, 0.04242451876483626, 0.04208615707264195, 0.04167871837805569, 0.042603172508274396, 0.04132448298553553, 0.04332558751119883, 0.0425905325472137, 0.041614000888122504, 0.041851718428202477, 0.041519936947134996, 0.042532491826297376, 0.04119809208202842, 0.041794244652883006, 0.04255815199704013, 0.04247929543338484, 0.04089790794460386, 0.042075127468766196, 0.04144348658730278, 0.0413703977469171, 0.042388133422030606, 0.042538357111991436, 0.042263690436725426, 0.041422938665807575, 0.04160106522959046, 0.04179281461473139, 0.042424205506741454, 0.04113593634211167, 0.04294773128557903, 0.04154085762921374, 0.041224933496695114, 0.041784076122277615, 0.04190122107660204, 0.04218798180126076], "train_regression_loss": [0.3390971788152426, 0.018209799403968305, 0.013946445384684276, 0.014198767006826303, 0.012644226030298463, 0.011436801892407306, 0.010585138982015456, 0.009959127610103249, 0.010260955428864665, 0.00869415259078976, 0.008313806761154936, 0.008463798418566176, 0.007379672943803412, 0.008759929483987976, 0.01007752703465317, 0.009521717606180464, 0.017037060711076534, 0.01830178025047511, 0.03418595196468112, 0.037871483722752744, 0.032419991784199555, 0.029995242599397898, 0.05420196077137695, 0.038185573967047706, 0.025306444494241007, 0.010385005637812658, 0.009945407305491689, 0.009770481540758496, 0.009752487015469474, 0.009560669279424047, 0.009621773680443901, 0.00969854079721533, 0.010296011362326973, 0.009851762518402482, 0.009621090636208952, 0.009800742679978746, 0.009780278259980232, 0.009714729920492748, 0.009746267967661622, 0.011497034718515778, 0.00993497588057105, 0.010849697477059946, 0.009898529069624174, 0.010166927034774254, 0.009844439012258973, 0.00990211564691659, 0.010147392553135999, 0.010176715884575624, 0.010183834216269703, 0.010075226452514883, 0.008160646729872748, 0.008072186394218335, 0.00811539222086206, 0.008108599078237085, 0.008041277515039637, 0.008059700243549602, 0.008047928138920387, 0.00804520574427283, 0.008024875317245612, 0.008004832943863963, 0.00797591519829778, 0.007996188515841525, 0.008006291795126972, 0.007990401064537779, 0.008009697000753182, 0.007967375068188095, 0.007948931488778843], "train_mve_loss": [0.6005080581431564, -0.12668590899216356, -0.16647876338893633, -0.14943660240215156, -0.16028476857207374, -0.15615616186770528, -0.13086536727076092, -0.11698148356004869, -0.08493164197117825, -0.09820279015919409, -0.1249698691237786, -0.11256592867851693, -0.13306109609177688, -0.1619013603206322, -0.15956809004543987, -0.1547912219168969, -0.08293393459954253, -0.16030652330033957, -0.07277100881577811, 0.04671070929889106, -0.14667081509732133, -0.13404199248094664, 0.05656307799676927, 0.26840263749157817, -0.1455861196974105, -0.07414022482373162, -0.07036560584690552, -0.07099419717985109, -0.071884650484211, -0.07247117893358308, -0.07317212303347845, -0.07411388447252826, -0.08702081737876402, -0.07824815116938497, -0.07406026957866478, -0.08128358387103955, -0.07514109429894815, -0.07999805162594376, -0.0756919707083935, -0.08904277668372852, -0.07879793891190318, -0.08971282397652253, -0.07650272910512125, -0.0779863171091293, -0.0760403648214636, -0.07973492017162238, -0.08069191712348073, -0.08235381600843705, -0.07775399032843995, -0.07765448191867191, -0.05954263912993985, -0.05927547902359169, -0.05958825512576365, -0.059551657104296045, -0.059174974491543915, -0.059273417844987006, -0.059200797434317345, -0.05937024558020902, -0.05904318604761329, -0.05920411465209407, -0.0590886166166017, -0.05900674866311511, -0.058934393800263864, -0.05898289110041623, -0.05892160063578834, -0.058716914662495394, -0.05878901895019864], "train_r2_score": [-0.04530006250976835, 0.9446485593856297, 0.9574518622622085, 0.9568315024106998, 0.9618152807734378, 0.9652017593493721, 0.96783988641834, 0.9697568193001149, 0.9689948410914466, 0.9734233694868306, 0.9747778988636145, 0.974366720071954, 0.9776025831302321, 0.9733116406276585, 0.9694172514701067, 0.9710108102510211, 0.9483965942326854, 0.9447445188040496, 0.8961859743161873, 0.8853586893969362, 0.9015034696297971, 0.910190833805681, 0.8363663483471184, 0.8856250251591992, 0.9239145636575188, 0.9685982552257936, 0.9699077537456412, 0.9704572098720652, 0.9705167625285326, 0.9710918397745152, 0.9709396307929495, 0.9706743209291255, 0.9688827914249208, 0.9701129171084294, 0.970947355636585, 0.9703700599408227, 0.9704094340399219, 0.9706138999373282, 0.9705438469744261, 0.9652260416661632, 0.969918967460639, 0.9672240424756442, 0.9700278942972189, 0.969318826091425, 0.9702055014919708, 0.9700978473734575, 0.9693050470307889, 0.9692294636025401, 0.9691283540804312, 0.9695451681543992, 0.9753096133143947, 0.9755704053417814, 0.975449313625647, 0.9754612969174795, 0.9756701762913388, 0.9756135867059592, 0.9756407235429615, 0.9756842468027271, 0.975743714820779, 0.9758089572764602, 0.9759018082679133, 0.9758364916933124, 0.9757954900875736, 0.9758158889221135, 0.9757578697522266, 0.9759037845196822, 0.975932178021744], "val_source_regression_loss": [0.016274939208656927, 0.012027408750845662, 0.011052786148613013, 0.022830985073896148, 0.03581412626972681, 0.009688264100894899, 0.03188005077970933, 0.045378657977415034, 0.005398560188639956, 0.005573129732326805, 0.014013795671347954, 0.021976208750488637, 0.005362725292061326, 0.005462822365822105, 0.006629355151583499, 0.00991552956166524, 0.009352574360710157, 0.010786547968046198, 0.025380035591182074, 0.014156922167520734, 0.01477262192653327, 0.028578223802054985, 0.014020697909254061, 0.01768020739708143, 0.012006568551487937, 0.010890608093453736, 0.010126859462478115, 0.01060831746015745, 0.0095744657660304, 0.008951952368539722, 0.010638450502264725, 0.008369430215864242, 0.00991712047871721, 0.010105482302606106, 0.009950518413576522, 0.00909853839209374, 0.010768181992152447, 0.01337973514123808, 0.01089487425228463, 0.010892255225843644, 0.00856387881632847, 0.011838220478377388, 0.010394857270949626, 0.013688268293213995, 0.010781882024264033, 0.007796069642505314, 0.008629063839870917, 0.009684465707668776, 0.008994658218248736, 0.010893768913855281, 0.008304648272268757, 0.00808863967798556, 0.007838309830927018, 0.008057033849432122, 0.008061948615491768, 0.008124702739753301, 0.007942022502280866, 0.00812572211946679, 0.008395473914857529, 0.008103627864790113, 0.007942085808638153, 0.00874793698091673, 0.007891836676369363, 0.008340188803127672, 0.008383574347377201, 0.00783788561349428, 0.007650692852897735],