{"train_DA_loss": [0.09121073628188378], "train_regression_loss": [0.1599154561328986], "train_mve_loss": [0.12612002446542628], "train_r2_score": [0.5117768553150788], "val_source_regression_loss": [0.031483241463009314], "val_target_regression_loss": [0.0394103838767432], "val_source_r2_score": [0.9037100738334453], "val_target_r2_score": [0.8827389539843247], "val_source_mve_loss": [-0.04996965905722184], "val_target_mve_loss": [-0.05573108881900582], "val_source_nll_loss": [24809.108732199365], "val_target_nll_loss": [27833.77107644383], "da_weight": [1.4], "beta": [1.0], "epoch_no": 1}