{"train_DA_loss": [0.05139490687569273, 0.04727344094712621, 0.047147774312924426, 0.04625066793719528, 0.046251879167322485, 0.04559155438483524, 0.04487177240960232, 0.045711425846439176, 0.045869705885294584, 0.04527938924729824, 0.04504758706980366, 0.04484917588150589, 0.04482206071929587, 0.0452688064126526, 0.04485002653145485, 0.045668897656570624, 0.04553768578474112, 0.04583959662146063, 0.0450892289504545, 0.04564553333047975], "train_regression_loss": [0.0702952210454294, 0.0028437756255636814, 0.001891548893247583, 0.0017120448927355886, 0.0016599243362706625, 0.001534813348888343, 0.0014902594178136934, 0.0014018967517411551, 0.0014351081015615361, 0.001421156566644554, 0.0012978649712244298, 0.00120694401801242, 0.0012963461135028838, 0.0012479488804069785, 0.0012580716290376685, 0.0012522462820991791, 0.0012154031769028596, 0.0012033314790391113, 0.0011468967544153278, 0.001159257310084229], "train_mve_loss": [4.424721462880235, 0.17890364559575017, 0.11896451376719057, 0.10766540467058065, 0.1043846092546117, 0.09650933788152892, 0.09370483334773855, 0.0881427322570541, 0.09023326315952829, 0.0893550655128642, 0.08159431833535487, 0.0758711820914388, 0.08149871181771567, 0.07845228552218983, 0.07908947535635566, 0.07872279126612534, 0.07640365470316554, 0.07564378601977333, 0.07209142998977815, 0.07286948128390573], "train_r2_score": [0.7859407567032861, 0.9913591695720594, 0.9942696509646584, 0.9948026944545377, 0.99496571983155, 0.9953328167884486, 0.9954816757843665, 0.9957500615880823, 0.9956510768185638, 0.9956814170883638, 0.9960599855729136, 0.99633108042126, 0.9960636217712562, 0.9962137811581966, 0.9961798796519276, 0.9961984993578519, 0.9963138900957731, 0.996345187810684, 0.9965174580502282, 0.9964721528860127], "val_source_regression_loss": [0.0034251197129252214, 0.002255825601412054, 0.0017376975023741775, 0.0033173571824084355, 0.0013073747417641968, 0.0012086204966365159, 0.0020206908097113426, 0.0010105496032246023, 0.0010816324627486683, 0.0009987272618373832, 0.0015199647912802765, 0.0010952079945680084, 0.0009058359347260262, 0.0014958326127144355, 0.0009206792551882659, 0.0012537115747168, 0.0011086999630272576, 0.0014247089886707785, 0.0009804781750316106, 0.0014655170888533886], "val_target_regression_loss": [0.003889522382612281, 0.003247919704623615, 0.0019404943148263647, 0.004427808631635919, 0.0016511768335476518, 0.0016117215206657974, 0.0022320008123458564, 0.0013298847450273512, 0.001670156210613779, 0.0013980839985033757, 0.002251848061215368, 0.0016584434440430206, 0.0012027802258211223, 0.0017093126499978235, 0.0013492498215276136, 0.0018400953171916212, 0.0013010525999331399, 0.0019512574919322624, 0.001294334705689144, 0.0017543924718953763], "val_source_r2_score": [0.9895310524150301, 0.9930668490117225, 0.9946635002290488, 0.9898548154239662, 0.9959915477432354, 0.9962888014854906, 0.9937981006015764, 0.9969090691562065, 0.9966806939217413, 0.9969279597896709, 0.995289177960122, 0.9966563412790954, 0.99723729080328, 0.99542926333358, 0.9971695218936348, 0.9961472486816209, 0.9965910854193484, 0.9956213348108011, 0.9969730426966877, 0.9954981378674231], "val_target_r2_score": [0.9884368139656975, 0.99034707901099, 0.9942113275599829, 0.9868144954478039, 0.9950979530721638, 0.9951632390969917, 0.9933350082023302, 0.9960421911343389, 0.9950421796963154, 0.9958171275706912, 0.9932574320733573, 0.9950646175694495, 0.9964191939103006, 0.994861625929263, 0.995984618998076, 0.9945068703830944, 0.9961143974631336, 0.9940751636449331, 0.9961304533126988, 0.9947665787860079], "val_source_mve_loss": [0.21549709518499013, 0.1418943769192394, 0.10928014099975175, 0.20871384649337094, 0.08219292283624033, 0.07597670944619782, 0.12709351808209962, 0.06350888349587404, 0.06798328520565093, 0.06276471111216123, 0.09557467642464215, 0.06883781464605392, 0.05691754728367057, 0.09405564573369449, 0.05785187909120246, 0.0788150259494027, 0.06968708421233334, 0.08957867682734623, 0.06161599950511244, 0.0921473958635632], "val_target_mve_loss": [0.24472951549517957, 0.204343015068694, 0.12204544684743579, 0.27861263876474357, 0.10383398642268361, 0.10135042035504233, 0.14039469538610191, 0.08360984350872945, 0.10502866749899296, 0.08790273266502574, 0.14164400779748265, 0.10429139190082308, 0.07560908695376373, 0.10749341981320441, 0.08482880376373665, 0.11572570287728612, 0.0817949677098401, 0.12272294846516621, 0.08137210010539127, 0.1103310265307185], "val_source_nll_loss": [17117.53930973101, 11271.068915644779, 8680.428506971915, 16578.726859177215, 6528.814629277096, 6035.04336431962, 10095.3950318928, 5044.688958662975, 5400.10327766515, 4985.577250420292, 7591.764926572389, 5467.980923036986, 4521.1205776552615, 7471.103979183149, 4595.33721692049, 6260.498862737341, 5535.440673828125, 7115.48593255538, 4894.331861278679, 7319.526379549051], "val_target_nll_loss": [19439.552808544304, 16231.539371538765, 9694.412486402294, 22130.984189576742, 8247.825114962421, 8050.548537628561, 11151.944978738133, 6641.364641020569, 8342.72203817247, 6982.360876928402, 11251.181232693829, 8284.158060967167, 6005.842028654074, 8538.50422146954, 6738.190052660206, 9192.417517553402, 6497.203977946993, 9748.22839819027, 6463.614446326147, 8763.90330795095], "da_weight": [1.4, 1.4, 1.4, 1.4, 1.4, 1.4, 1.4, 1.4, 1.4, 1.4, 1.4, 1.4, 1.4, 1.4, 1.4, 1.4, 1.4, 1.4, 1.4, 1.4], "beta": [0.7, 0.7, 0.7, 0.7, 0.7, 0.7, 0.7, 0.7, 0.7, 0.7, 0.7, 0.7, 0.7, 0.7, 0.7, 0.7, 0.7, 0.7, 0.7, 0.7], "epoch_no": 20}