{"train_DA_loss": [0.19992169386399075, 0.08758928741531027, 0.05153722208422324, 0.041192778568353905, 0.04000301457178767, 0.038377418868938355, 0.03711123157708039, 0.03777242647705283, 0.03786616916793792, 0.036850810953342715, 0.036766251841972034, 0.03652165753858835, 0.03693508278830505, 0.03621268896232793, 0.036752923168718706, 0.03627900106379493, 0.0357190839558077, 0.03605791037626414, 0.03571775859354619, 0.036426061968671555, 0.03581349746795742, 0.03582668817947726, 0.03612753847644577, 0.03647143731550935, 0.03704685618389241, 0.037061922562051514, 0.037582365543985065, 0.03685346442245805, 0.03797542476103772, 0.03814914138473475, 0.038310042856571004, 0.0383352096340665, 0.03931909522392414, 0.03941189833121609, 0.03982551159912642, 0.03955394823369749, 0.03922982989951723, 0.039855048060417175, 0.03959808298395146, 0.04074151038960085, 0.0406287676966332, 0.04023517503435477, 0.04057716690616808, 0.04018685466165516, 0.040780008540674366, 0.04086854796468449, 0.04133797405284218, 0.04222757791865352, 0.0423792088932104, 0.041900693273794934, 0.04260524279919795, 0.042177433914196774, 0.042292449565457906, 0.04366408347388835, 0.04355307621796236, 0.04348122154173511, 0.042978161493047284, 0.043237068801028636, 0.04418303270294745, 0.04424591114577689], "train_regression_loss": [0.754608963617895, 0.1360853211903158, 0.035298785887713076, 0.01602783262511712, 0.008257731528853967, 0.010088567824189772, 0.005094474416491754, 0.0037961843284357753, 0.00296251722815799, 0.002503653913540544, 0.0022024612199562778, 0.0021420304452356843, 0.001833322581514151, 0.0017129588305866738, 0.0015432351086649642, 0.0014791607609234913, 0.0013472443649552121, 0.0013071634800095023, 0.0012055212748662604, 0.0011194461507133635, 0.0011135703677411994, 0.0010301459130960461, 0.0009949758031253977, 0.0009458285849626556, 0.0008844076447236528, 0.0008934315481206991, 0.0008402432678343976, 0.000772514690121915, 0.0007931294788647328, 0.0008055794543767147, 0.0007568378937562631, 0.0007577492748863887, 0.000733278873840507, 0.0007049983644102899, 0.0006981435120344108, 0.0007026050183615584, 0.000654838431272843, 0.0006710483576703163, 0.0006457398203116462, 0.0006549619000968634, 0.0006506617515776953, 0.0006442927290711865, 0.0006635691339560398, 0.0006506737958813525, 0.0006734350189895214, 0.0006635940963699494, 0.0006554266739567705, 0.0006670130436330816, 0.0006722253401443649, 0.0007099833265921677, 0.0007519484729586098, 0.0007291965898921478, 0.0007411788836086656, 0.0007601339444288239, 0.000783923473279375, 0.0007665814854518785, 0.000791010421147856, 0.0007779844091622877, 0.0008085334343751432, 0.0007856575793661586], "train_mve_loss": [0.9881884281334538, 0.6478153463296416, 0.5216390409624336, 0.5688987144386528, 0.36998557393359094, 0.2666800036154674, 0.23073395507808578, 0.2119793831021738, 0.15861876849663978, 0.15132391301598366, 0.13559849182964462, 0.12907967102838172, 0.11173516727806881, 0.1068087880051877, 0.09648074781763924, 0.09267962182543396, 0.08443633232000106, 0.08202883319919027, 0.07571272016715742, 0.07033867040952119, 0.06994621010950104, 0.06472355425630234, 0.06252857101519321, 0.05943493629504383, 0.055562904700500654, 0.056136737289877656, 0.05278873282878011, 0.048525470909977525, 0.04982309480294776, 0.050606774826835454, 0.04753867476170634, 0.047596042819144084, 0.046055721929484136, 0.04427556886288322, 0.04384408152272322, 0.04412491674070167, 0.041118187662997234, 0.04213854209800852, 0.0405454637629186, 0.04112595955839541, 0.040855281286527295, 0.04045437479313375, 0.04166775280558649, 0.04085603946482787, 0.04228877357225967, 0.04166932400976609, 0.041155215356178866, 0.04188453424143072, 0.04221262891778562, 0.044589353810444175, 0.04723090363472319, 0.04579875706754611, 0.04655299806657504, 0.04774614882194037, 0.0492436112001729, 0.04815199756671349, 0.049689708127754265, 0.048869769223429387, 0.0507927167772484, 0.04935276667013683], "train_r2_score": [-1.3029693310564732, 0.5885899886440639, 0.8929619453755131, 0.9514237070765562, 0.9750173572930372, 0.9693443033477875, 0.9845216249868802, 0.9884672690660596, 0.9910063819844465, 0.9924073839159291, 0.9933020058603848, 0.9935011183876479, 0.9944440784951752, 0.9947999852689335, 0.9953207986977408, 0.9955132325611059, 0.9959092171823913, 0.9960315182259086, 0.9963399574037568, 0.996605484615834, 0.9966262083057629, 0.9968796930408483, 0.9969794322359197, 0.9971287907400856, 0.9973157678377027, 0.997291840989797, 0.9974511141944583, 0.9976598329786555, 0.9975974098006432, 0.9975563594698421, 0.9977064835613101, 0.9976984688927133, 0.997777061387399, 0.997862001073814, 0.9978831538305655, 0.9978660246039357, 0.9980139740451753, 0.9979636982096954, 0.9980438873191385, 0.9980111539999761, 0.9980227992393934, 0.9980453550898643, 0.9979834287555919, 0.9980295526659442, 0.9979553347011296, 0.9979902078580447, 0.9980100741245872, 0.9979744862011709, 0.9979591349797601, 0.9978472162772, 0.9977220815762395, 0.9977849457273166, 0.9977490957281373, 0.9976934097652747, 0.9976241728377048, 0.9976712605177551, 0.9976001898531105, 0.997639120081741, 0.9975438177197242, 0.9976197118731238], "val_source_regression_loss": [0.24588078826288634, 0.049338232254302956, 0.023359222455492504, 0.012013842764345906, 0.008712510890740006, 0.006677706743578745, 0.003904062617994562, 0.003085761264709261, 0.0027056565387410265, 0.0026651768682854652, 0.0022342427842955612, 0.0025600890755724114, 0.0016748963684268014, 0.0018933694780202983, 0.0016568184821406685, 0.001739966594673033, 0.0013073421941032703, 0.0011511155348153243, 0.0011184014942897838, 0.00105212768245064, 0.0010859275109995205, 0.001068771082194687, 0.0009919514133936809, 0.0008475784259506419, 0.0009426199772124049, 0.0011315093688148109, 0.0010617921973248544, 0.0010350545944905357, 0.000748713717050261, 0.0008432634574172523, 0.0012024839724048594, 0.0009515372523448512, 0.0007318208488500147, 0.0008956025902747731, 0.0007371601926404512, 0.0007457294283269705, 0.000582377274544273, 0.0007380997154955999, 0.0005878162057480857, 0.0008847388679079145, 0.0007030063940954831, 0.0007379025293077943, 0.0006020619906779803, 0.000558174280832887, 0.0006857551284328904, 0.0006492671470564519, 0.0007921133066610068, 0.0009022208919477519, 0.0007869259950180267, 0.0006400855745135841, 0.0009151699302918455, 0.0007415804971463365, 0.0007142742187273984, 0.0007355872886491161, 0.0008523295540657319, 0.001018983287636568, 0.0006808612382929489, 0.0008121850915824923, 0.0007327145678020684, 0.0007623519805183375], "val_target_regression_loss": [0.23599255122715915, 0.06330826685209817, 0.02857708610311339, 0.015288018362148654, 0.016536295119248614, 0.008364511742197637, 0.007406710393585359, 0.005926820950559046, 0.004240323756998287, 0.0053953052899222585, 0.004625639580543848, 0.002726131376716061, 0.002518424059889173, 0.0029171611818991886, 0.0025596455936143293, 0.002182138921645812, 0.002018355438780464, 0.0019885879702559567, 0.0024127143441074633, 0.0020535051928762395, 0.002083415162596333, 0.0015656320905737297, 0.0016156893630240915, 0.0016799065272642087, 0.0014957342402938801, 0.0014342662879808135, 0.001305304133905027, 0.001308945563173841, 0.0013602263260267297, 0.0019035368724549307, 0.0024764228028634305, 0.0012800044091300497, 0.0011146004515098808, 0.0012693015093726543, 0.001423932817511119, 0.0013292493575688782, 0.0012310734807065677, 0.0011914724482612424, 0.0011025497953619666, 0.0019433829355749149, 0.0014977419455653599, 0.0015062688535987104, 0.0014583302169590246, 0.0011963505464417366, 0.001612041814582823, 0.001110556735833989, 0.0011043732807547136, 0.0012734529357462461, 0.0017069016945772345, 0.0012629042457659506, 0.001559104823472002, 0.0016646720203747855, 0.0012224684602026887, 0.0014309349920765698, 0.001563508004610297, 0.0015395161588204719, 0.0013917556881338736, 0.0012898297473505327, 0.0015518414401861874, 0.0017057123853341687],