{"train_DA_loss": [0.46571406569515766, 0.31524483177136675, 0.20090199436250072, 0.1354222757234434, 0.09655981790785162, 0.07816643409526326, 0.0666690041299167, 0.058765049261029066, 0.05320972561754518, 0.047585752378924456, 0.043975457920262105, 0.04166697590208359, 0.03937506923618875, 0.03741818179854854, 0.03624252468974107, 0.035012274388040006, 0.03363952753380949, 0.03286103938639818, 0.0330179759745624, 0.032883038362947856, 0.03216860154592577, 0.03146441342135452, 0.031052447928684394, 0.031143500072919036, 0.032135072203397314, 0.03020427314397731, 0.031015982326985058, 0.02966108474151744, 0.030327828015308058, 0.02965678154427892, 0.029471138883824757, 0.028254973768534128, 0.029028096280556165, 0.029600652195240832, 0.029196389564321506, 0.029706656987314034, 0.02894793871034216, 0.02932034549856698, 0.028132362703246216, 0.028759423050845563, 0.028971746119532658, 0.028143633087208218, 0.028631304048505737, 0.02809760149847546, 0.027684855739666076, 0.028995631865380667, 0.028472361747359336, 0.02839151034523244, 0.028066103431775867, 0.027835036510468838], "train_regression_loss": [2.074006853199528, 0.44723179339817715, 0.2440413552348313, 0.1677097990645787, 0.11000633732819252, 0.081031293528226, 0.06561230994093571, 0.054264149095665605, 0.04535753877537233, 0.03814993659800542, 0.03279622186867476, 0.02864052615787364, 0.0255657307772984, 0.02408861831150663, 0.022775117144451715, 0.021128965017319378, 0.02000832073969368, 0.01922730711957872, 0.018762137635289205, 0.018268212638591064, 0.018019082091094915, 0.01752863838669369, 0.017265712617601948, 0.01711442105308638, 0.016928017343746896, 0.01681632961281039, 0.016818191003142916, 0.016690576617594065, 0.01686263992238306, 0.017064562911879428, 0.016738487954099938, 0.016513196385416186, 0.016341941170666837, 0.015934465768009807, 0.015547250591599854, 0.015208951326962254, 0.014899658815598139, 0.01460900452921007, 0.015413203155809173, 0.015715963171430654, 0.015197016038273, 0.01487997195034729, 0.01457651549272607, 0.014456427622062088, 0.014288339447196048, 0.013952806580920706, 0.01382105838221377, 0.013593863311072154, 0.013437520611309319, 0.01304432851904271], "train_mve_loss": [0.883496187804386, 0.06461710892183539, -0.048246119938828255, -0.08409426073923407, -0.08826075588953997, -0.10100600432938261, -0.07419128317583414, -0.07930758623389265, -0.06763679275401549, -0.07631618159753313, -0.06734932056020339, -0.08335952733862989, -0.08462496281650864, -0.11756428109117574, -0.08319403978926172, -0.09204986051297057, -0.07226886513082811, -0.07662307093740599, -0.14386893467640527, -0.1767636048564963, -0.17954752587422157, -0.15083905350301122, -0.16468315119335813, -0.1442908275824796, -0.14740470739616118, -0.17105090044697635, -0.19360976357019796, -0.19424180087158405, -0.17968969360348075, -0.18600869764466607, -0.15296690566448232, -0.18024124680478568, -0.1737662368135653, -0.15281594693115905, -0.14968693403482872, -0.18144767550271435, -0.18042304409051507, -0.19201933555781733, -0.1954692326881114, -0.23728460231472412, -0.2375080686818529, -0.2074245229036542, -0.17842380554709836, -0.1271087459596708, -0.1771117891619149, -0.23087318814351093, -0.18850348499251132, -0.14433438829069709, -0.09418741648189274, -0.10163189540744863], "train_r2_score": [-5.3215408737193775, -0.35185231039682385, 0.26293767090744047, 0.4935064365413204, 0.6681412595398236, 0.7550559527723335, 0.8014569785944272, 0.8359539956009447, 0.8628797800251206, 0.8846508386503799, 0.9005881737934662, 0.9132466247576868, 0.9225362302567017, 0.9270988254635796, 0.9310600273539175, 0.9359646453878939, 0.939373951467832, 0.9416716098356699, 0.9431373772430028, 0.9446834037287908, 0.9454427755566457, 0.9468894351037717, 0.9476389533894243, 0.9481091806246824, 0.9486709782216992, 0.9490534030722163, 0.9490250797147358, 0.9494679281162859, 0.9488975697010392, 0.9482175723870386, 0.9493150305328669, 0.949989329464402, 0.9504977882959138, 0.9516177202369069, 0.9529089357648342, 0.9539119052108136, 0.95484833218916, 0.9556748995013902, 0.9533275868250619, 0.9523694915555018, 0.9538910416222325, 0.9548981099870808, 0.9557360419293961, 0.9562565923421079, 0.9567319225765286, 0.9577670548788577, 0.9581104156147223, 0.9588119845192905, 0.9592170731835387, 0.9605160700475113], "val_source_regression_loss": [0.7791940901852861, 0.2843762824806986, 0.20054373126241226, 0.13199358254293853, 0.0906361303280426, 0.07245942855937572, 0.058792869312853754, 0.048976885319887836, 0.04168899399758894, 0.035706768000993545, 0.030232690133248703, 0.02689919840025751, 0.024231829751235775, 0.02372815592002265, 0.021646690106938912, 0.02034321857639883, 0.01968868382133638, 0.019222222539725938, 0.01847417335485733, 0.018618997245366815, 0.018376403688629972, 0.017309502238714244, 0.016991579716530026, 0.017041083448861218, 0.017104071517816826, 0.01692978226685826, 0.016840852101486694, 0.01752764274236522, 0.017045189426103724, 0.016695130852204334, 0.0163821677052522, 0.016263129130666014, 0.016202182379327242, 0.015784824231663084, 0.015820094808653186, 0.014861658916961921, 0.014817972832559785, 0.015045219985178755, 0.0164099486686195, 0.01585762464453148, 0.015177737497076203, 0.015196326283054262, 0.014646586242921745, 0.014320409255503099, 0.014249235049738913, 0.01391933074433215, 0.013661845646138433, 0.013971079058379313, 0.013136404248166688, 0.012507335388962227], "val_target_regression_loss": [0.7236893282660956, 0.29697243360024467, 0.23351183458219602, 0.16552331109967414, 0.11826574764674223, 0.09490254917476751, 0.07733544235742545, 0.0641694105218483, 0.052867642874959146, 0.044239756757322744, 0.0382271719318402, 0.03426201544890675, 0.031079047135537184, 0.029950259371271618, 0.02737442444113991, 0.02674300098626674, 0.02554417474643339, 0.024278956147122988, 0.024602413814090476, 0.02411083417319799, 0.024024017555992816, 0.02315981278219555, 0.02348755710298502, 0.023340037823477877, 0.022786449853189384, 0.022968956304690504, 0.02260023177471719, 0.02298570419602756, 0.023737741822871982, 0.023175379956919182, 0.02238580827377265, 0.023231020704194714, 0.02284617938950092, 0.021682793533877483, 0.022164379977444304, 0.021104822442218472, 0.020863372879692272, 0.021092557489777668, 0.02202054418481981, 0.021696012408201452, 0.020476860206432735, 0.020375182863937902, 0.020946898898463462, 0.01975258912513905, 0.01884222687281008, 0.0194431670552379, 0.019066755105800266, 0.018980203703328778, 0.018401877648091015, 0.017992685006672067], "val_source_r2_score": [-1.3842716219677729, 0.13314669769694806, 0.3886063998706908, 0.5964853517118636, 0.7231215512478864, 0.7791280436387921, 0.8201389328431146, 0.8502355884864328, 0.8733892682176444, 0.8910095679018866, 0.9070629618905257, 0.9166711896872474, 0.9255274610339169, 0.9268424996088264, 0.934008790966729, 0.9376059634841092, 0.9397083538570175, 0.9412180243534197, 0.9431931175817868, 0.9419498719576409, 0.943668977805775, 0.9469277152035075, 0.9477068243371868, 0.9480841284432421, 0.9471395566357782, 0.9480237599377084, 0.9482923564575104, 0.9464762721462096, 0.9477908957399357, 0.9486720337065496, 0.9497612096189229, 0.950514478538176, 0.9502627781031024, 0.9513567314364219, 0.9511920364035225, 0.9541729958461326, 0.9542526863689706, 0.9543515874405154, 0.9495945314608785, 0.9517514638954225, 0.9535585142547359, 0.9533647505848972, 0.9545494949509962, 0.955973504844659, 0.9562124081596767, 0.9573247189983806, 0.9580622205154861, 0.9573140499083476, 0.9597901159248534, 0.9617762342846401],