{"train_DA_loss": [0.3399237218828807, 0.27496877181900486, 0.2523475745505563, 0.22181984923875311, 0.21138255467035652, 0.20515169754924026, 0.19249176624924, 0.18444019545489407, 0.18245793921597153, 0.1821258192374567, 0.18307154212943816, 0.18352307199451126, 0.18325074642242853, 0.18356336801358833, 0.18335094748293024, 0.1853982394755268, 0.1867963693715918, 0.18735984842236778, 0.1841784582202624, 0.18611560326743823], "train_regression_loss": [0.038879910213136415, 0.0018458264888448546, 0.001372603283691415, 0.0011160946057933183, 0.0009694985852261704, 0.0008078718861655232, 0.0007322085776754805, 0.0006719196848732515, 0.000623161253787835, 0.000590968204556483, 0.0005457794991800931, 0.0005449805904279414, 0.000500977474910299, 0.00048438410428956014, 0.0004582890348486714, 0.0004550642246699739, 0.0004484245739741548, 0.00042367601401309423, 0.0004088195418174207, 0.00040379097690990736], "train_mve_loss": [7738.8639662706, 367.09750779411695, 272.9007435211098, 221.84177538856073, 192.66131500090717, 160.48894374157, 145.42789247920788, 133.4271727671789, 123.721633689713, 117.31349251170045, 108.31851915467591, 108.15949355793174, 99.4005163809935, 96.09754675005647, 90.90323033759974, 90.26132001824527, 88.93967403223571, 84.01338492363855, 81.0561511695276, 80.05519716831186], "train_r2_score": [0.876476601110707, 0.9941331643703151, 0.9956344704124025, 0.9964693449841772, 0.9969274556431265, 0.99742983371706, 0.9976655303486245, 0.9978634498728811, 0.998026991570039, 0.9981239821927489, 0.99827504629028, 0.9982675454645846, 0.9984134612925425, 0.9984632164588728, 0.9985464414766259, 0.9985597970982604, 0.9985791912121575, 0.9986547847420273, 0.9986983055508997, 0.998716058407263], "val_source_regression_loss": [0.001969838824187117, 0.0017797887643662314, 0.0011860031652050063, 0.0012329261085708824, 0.0007887937178940902, 0.0009534340808368898, 0.0010771732795023963, 0.0006469794523105555, 0.0007041170152637679, 0.0006068982697202089, 0.0006119821748968523, 0.0005194909716085992, 0.0006002781513041427, 0.000600007312917582, 0.0007374582530636067, 0.0006332349946377234, 0.0004319142740009317, 0.0004121758982992193, 0.000403751909640579, 0.0004171779946540854], "val_target_regression_loss": [0.009925186497563966, 0.005658919130788206, 0.00370092883508224, 0.0024713070273917085, 0.003130102813535462, 0.0021983663156887475, 0.0028358825873702575, 0.001677008576694126, 0.0014653915441565264, 0.0011938082759258167, 0.0014617897795339207, 0.0014918633059192354, 0.001449258049046948, 0.0012020256457524524, 0.0015227991392830025, 0.0014465181551242884, 0.001347215375033603, 0.0015097236657439293, 0.0012497790588308483, 0.0014569723437288806], "val_source_r2_score": [0.9937171433165845, 0.9942553234390065, 0.9961771671136725, 0.9960609980785468, 0.997496877731059, 0.9969097869727345, 0.9965268206277873, 0.9979188389037199, 0.9977209642900864, 0.9980482709255206, 0.998025659406441, 0.9983343599782214, 0.9980793305553289, 0.9980900860076191, 0.9976444268457645, 0.9979569629307965, 0.9986065569251226, 0.998691362363145, 0.998706986460916, 0.9986452766766916], "val_target_r2_score": [0.9693206510702785, 0.9824478990695689, 0.9885174692452194, 0.9923165299435357, 0.9904389334025606, 0.9931045933593925, 0.9912346166586834, 0.9947681101822701, 0.9954742717618225, 0.9963107869131264, 0.9954574129560364, 0.9951766568487155, 0.9954826655669375, 0.9961925223081397, 0.9952706302951861, 0.9954824273180671, 0.9958246033950523, 0.995341579562604, 0.9961441704712956, 0.9954698064100644], "val_source_mve_loss": [391.7826038884659, 353.95246541081144, 235.75732456000088, 245.0975026139817, 156.69136657958595, 189.4636185131134, 214.094346482152, 128.46273063927794, 139.83616645496113, 120.48442790607294, 121.4963975364027, 103.08569405406428, 119.16667047323891, 119.11275952616438, 146.4728589042688, 125.72684735916674, 85.65323983823149, 81.72424589406948, 80.04742094046011, 82.71993036239672], "val_target_mve_loss": [1975.3228958666134, 1126.1071868018983, 736.3622443835956, 491.6016388914456, 622.7372874299558, 437.27181572959825, 564.1717067145692, 333.49370779701695, 291.37057807117986, 237.310958594179, 290.65363119204585, 296.6398732487005, 288.15914497741113, 238.94665688219163, 302.79776142351926, 287.6137601224759, 267.84718956505526, 300.1950448861899, 248.45214118591895, 289.6947032453153], "val_source_nll_loss": [9841.135017565644, 8890.884767965006, 5921.956805049421, 6156.571472362969, 3935.9095474584415, 4759.11135152506, 5377.807341066793, 3226.838201845797, 3512.5260009765625, 3026.4322817866414, 3051.851806640625, 2589.3958026532546, 2993.3316927291335, 2991.977523852461, 3679.232212834465, 3158.115917266748, 2151.512310771516, 2052.820432035306, 2010.7004997082793, 2077.8309020021093], "val_target_nll_loss": [49617.872438473445, 28286.53614529253, 18496.584984337558, 12348.476024298623, 15642.454904964557, 10983.772451577475, 14171.35379330571, 8376.983851618661, 7318.898652000549, 5960.982358694839, 7300.889818087934, 7451.257506739217, 7238.231158271765, 6002.069200607153, 7605.936541377546, 7224.5316439010085, 6728.017797695562, 7540.559234911641, 6240.836210500699, 7276.802557314547], "da_weight": [1.4, 1.4, 1.4, 1.4, 1.4, 1.4, 1.4, 1.4, 1.4, 1.4, 1.4, 1.4, 1.4, 1.4, 1.4, 1.4, 1.4, 1.4, 1.4, 1.4], "beta": [0.2, 0.2, 0.2, 0.2, 0.2, 0.2, 0.2, 0.2, 0.2, 0.2, 0.2, 0.2, 0.2, 0.2, 0.2, 0.2, 0.2, 0.2, 0.2, 0.2], "epoch_no": 20}