{"train_DA_loss": [0.15801217875543852, 0.04732153424056727, 0.09372447634718536, 0.05942718342110052, 0.052319267883869584, 0.04284708842403601, 0.0376127236054519, 0.036541052097948425, 0.03581200573777259, 0.03068103453985516, 0.033992769400941605, 0.05434574115292681, 0.040217214609603556, 0.03691051446813988, 0.03393733763634832, 0.030338291484024886, 0.028117126957181385, 0.029726733780471127, 0.028920094727775188, 0.02805229440038612, 0.03500621378340059, 0.03171795237829851, 0.028588485595867227, 0.026468136305265278, 0.02571347874965539, 0.023291717426446173, 0.021954423899488214, 0.019460254566747374, 0.01952797759637591, 0.01764827110281919, 0.016737914312174595, 0.015049528740039963, 0.014048610372942152, 0.013641292671119654, 0.012979231155911628, 0.012451484043430367, 0.01104489269017683, 0.010152937308076421, 0.009734943441423491], "train_regression_loss": [0.371552767208224, 0.05308580185734485, 0.06330983871611097, 0.043279391599366175, 0.021197339800787474, 0.015495732126134351, 0.012505998467205865, 0.009983201913018004, 0.007799032700147609, 0.007889938178102757, 0.01715710314613864, 0.02745782829807489, 0.01258475940769889, 0.024921938544564915, 0.014514645421962633, 0.014141503384360666, 0.013249685325518496, 0.016905674671709975, 0.02466567500342889, 0.04115413864853177, 0.0314542860936857, 0.02479174466875179, 0.018447739385422556, 0.016658039865725872, 0.014956391590155348, 0.012165687116751723, 0.013899641392422224, 0.013536018683784514, 0.011015878187516327, 0.009545166020739612, 0.013715879022870792, 0.015442182529561045, 0.01864701581495717, 0.01585619486153289, 0.014690047877430371, 0.013780914082735013, 0.012130920335963722, 0.0102901152008208, 0.011919642137142215], "train_mve_loss": [0.32988883547188624, -0.060666851604432276, 0.23330660874170459, 0.42613639968568273, 0.017674265394687066, -0.001622094201320745, -0.037482604541061566, -0.038076481254093714, -0.04919790940114912, -0.03511538278116543, -0.03030225449395783, -0.09589858018917456, -0.11408469276894327, -0.16388039261620266, -0.1407138029116817, -0.1476631417489139, -0.11946525443787985, -0.16693008004583867, -0.14846346068316885, 0.27295657390323375, -0.015160065278805914, -0.1488592531225581, -0.1273385818904671, -0.11723021085508563, -0.11363490884766064, -0.08505851078703591, -0.12221127168924106, -0.1107681520433051, -0.08587488886888328, -0.06730148966476948, -0.12289422516876208, -0.12000121994853237, -0.1485783088632214, -0.12816971682788467, -0.07691096282228692, -0.07908177330844798, -0.08999411577198797, -0.07067324631120431, -0.11706773858088353], "train_r2_score": [-0.139072305063846, 0.8393892460962445, 0.8083908555560751, 0.8689568159059009, 0.9358877057837233, 0.9530638766848665, 0.9621121431996014, 0.9697565830002881, 0.9763908769670635, 0.9761344226446406, 0.9480168455037478, 0.9168729508663628, 0.9618354775480378, 0.9243183586309013, 0.9559232284373815, 0.957058633286681, 0.9597870809569046, 0.9487457099759579, 0.9253786321251409, 0.8756868482924867, 0.9047268097277393, 0.9249617104306923, 0.9440172428902592, 0.9494545510435232, 0.9546232281197283, 0.9631077551114805, 0.9578715917678984, 0.9589553362444533, 0.9665612715005665, 0.9710678372667757, 0.958329386526661, 0.953250444752682, 0.9435537874405578, 0.9519225957456581, 0.9556548547921604, 0.9582365908077993, 0.963179075755046, 0.9687616271364086, 0.9639472385284228], "val_source_regression_loss": [0.06213647707165042, 0.03987041309098654, 0.07438985432816457, 0.028201973183622844, 0.016493586717244192, 0.013965219660084459, 0.010487134981004499, 0.010495475328326979, 0.008162730924572937, 0.007501952473922998, 0.0742958951505679, 0.013556317096175273, 0.01711817161191868, 0.017941281812477717, 0.013261355931245828, 0.010644184425473213, 0.010228842337721889, 0.016132922854887533, 0.03853672594303572, 0.05794190511673312, 0.02471943829161457, 0.020329173430328883, 0.015861017028270644, 0.01349940991524277, 0.012607648237785207, 0.011160805326285241, 0.014175028056849408, 0.01859264616866278, 0.010304000682515812, 0.009363583542548026, 0.019142975181907038, 0.013910443156580382, 0.02213713870961455, 0.012745605934929998, 0.023835304558654374, 0.01036806138161617, 0.011719857112657798, 0.00876362631215325, 0.013637923600175713], "val_target_regression_loss": [0.08408236060338685, 0.05895239939983887, 0.10939407376926157, 0.05289521898272671, 0.03466686505022683, 0.02611498271787091, 0.018807617770625822, 0.01921601032343092, 0.01607333108358368, 0.011672459855156987, 0.129272683228873, 0.019341989102054247, 0.025821661718095405, 0.020221948199257066, 0.014802030582405343, 0.011937973897055358, 0.012202061783475212, 0.01785212125676342, 0.041744400098731246, 0.058806551596786404, 0.025785807119328763, 0.02442817422973959, 0.02076265219410386, 0.018315326670019685, 0.018170093363033064, 0.014746033468672747, 0.016437285237863093, 0.022253674584664877, 0.01328796430054722, 0.012784339181041415, 0.02214982694227107, 0.019744737521757053, 0.023407369969954975, 0.016298206629160837, 0.0273634439593629, 0.016300486648290216, 0.016107885685713984, 0.013332516485471515, 0.0184879307576184], "val_source_r2_score": [0.810561768476218, 0.8780464204031015, 0.7726139382669309, 0.9132991669311534, 0.9495772923488514, 0.9572621177510354, 0.9678021247427144, 0.9678605234117418, 0.9753692855313324, 0.9771071842208231, 0.7712959039144456, 0.9583514137794056, 0.9474308235114128, 0.9444924553895558, 0.9594301101732876, 0.9672186214637395, 0.9686428138294547, 0.9505130955762213, 0.8819511023500555, 0.8152781286728004, 0.9240864670058714, 0.9375600903419509, 0.9511800911006094, 0.9591355503535971, 0.9608677411669432, 0.9657045416372483, 0.956587784179908, 0.9430310504319251, 0.9683517626931586, 0.9712858974251759, 0.9414490448051138, 0.9575748948835453, 0.9322919376290921, 0.9605585789257508, 0.9266921276173913, 0.9679984380002158, 0.963869811628029, 0.9733033036388357, 0.9581076653206755], "val_target_r2_score": [0.7506999875965604, 0.8234314239443319, 0.6758247702408364, 0.8415226936221587, 0.8964631931542015, 0.9216693135789709, 0.9442575083284412, 0.942718827887428, 0.9523569444440808, 0.96485683768391, 0.6123029002417352, 0.9419728317410768, 0.923500717234346, 0.9398769073674431, 0.9557990992619593, 0.9645492756434156, 0.9630048055098775, 0.9468796369108856, 0.8759099182382235, 0.8252347347599935, 0.9228435389991908, 0.9274383988988132, 0.9383838538010383, 0.9453924567271262, 0.945349059460862, 0.9558745863300906, 0.9508982992621138, 0.9327294872377765, 0.9603463563059237, 0.9619635411520185, 0.9340343054204864, 0.9401075107240068, 0.9303870862499761, 0.9513012794907502, 0.9190357757270832, 0.9510291571272802, 0.9513457818923863, 0.9603503195053635, 0.945179732562456], "val_source_mve_loss": [-0.0798476983239002, -0.13372280627866334, 0.8781852065762387, 0.10795373997733562, 0.01681985988729645, -0.0792332138111697, -0.012838529505401472, -0.09960933161687248, 0.012525440075823778, -0.10662198698596109, 0.2861228937966914, -0.051702487765799596, -0.15945154466206515, -0.17822981748399855, -0.10458872816230677, -0.07842763065348697, -0.05991853834896148, -0.12508617992265314, -0.082456115774716, 0.6439840091934687, -0.14365912106218218, -0.1554806807750388, -0.11574109351333184, -0.08353951969478704, -0.09084159277285202, -0.06954142168352875, -0.12500281273564207, -0.11845644657747655, -0.06602445117469076, -0.05875248042277143, -0.1160163488003272, -0.1567544199620621, -0.21474048438705975, -0.07563386593438402, -0.16174124520790728, -0.05072328410571134, -0.11494456486234182, -0.05250326591201975, -0.2190986552947684],