{"train_DA_loss": [0.46571406569515766, 0.31524318015335684, 0.200901298884173, 0.13539440544420883, 0.09645384121720273, 0.07504389242999514, 0.06196511976107601, 0.05425460566468605, 0.049119230135049416, 0.04428384724452792, 0.04136856944322368, 0.039890109879770055, 0.0379409893284768, 0.03636096226531583, 0.035185493770612225, 0.033938794166966595, 0.03300590891139054, 0.03239694136574565, 0.03312811595634634, 0.0325840952920249, 0.0317471580242762, 0.031046797347747103, 0.030343075592745048, 0.030695158843516323, 0.031712775561325186, 0.029758532614986902, 0.03041225287491214, 0.029098484748582846, 0.030082591118076492, 0.029378317625106908, 0.029292496062570016, 0.028254166323780142, 0.02868367958868389, 0.02930561706621261, 0.028745697598420834, 0.029348249445027473, 0.02831930300421754, 0.028678972915945476, 0.027744200169168398, 0.02806620621607661, 0.028031868643895255, 0.027383818946628946, 0.027216645689779922, 0.026676358944537217, 0.02641942067381669], "train_regression_loss": [2.074006853199528, 0.4474099902555319, 0.24423303129577115, 0.1681732968640066, 0.11076789989495409, 0.08144509197098682, 0.06548767320307779, 0.05374645447559396, 0.04463947111812218, 0.03875384841052989, 0.034056585867781965, 0.029270132959324874, 0.026347965548594757, 0.02374389994773721, 0.02212879231958982, 0.02176863179666414, 0.021903562691518986, 0.023302393609579565, 0.022436199454382962, 0.021178055815126277, 0.020530764343833358, 0.019766769029704048, 0.020724597278049376, 0.020348212737896543, 0.019574491896239235, 0.019030998110212725, 0.018823368694476605, 0.0189276543502071, 0.018809436864715062, 0.018667012870216392, 0.01860312043844128, 0.018775841558328277, 0.018674287442764916, 0.018706438359778914, 0.0185352660225231, 0.018322754542341616, 0.01829635453711807, 0.018147153536392412, 0.01804670876903388, 0.018030215042832236, 0.01765278489984422, 0.01745973265741763, 0.017000528816916934, 0.016911406866811092, 0.016941018283394397], "train_mve_loss": [0.883496187804386, 0.06464185014812333, -0.047949348383121725, -0.08325861160127511, -0.08227771923109425, -0.07912506714422371, -0.06761301830547166, -0.06543948405321817, -0.08189839913324203, -0.10556683545656352, -0.059969142855739246, -0.08001220500747072, -0.06188059855640697, -0.05866621345472292, -0.10322140019993133, -0.14625573359852082, -0.1309831114775302, -0.14567209201331985, -0.10285102247755967, -0.08348917195631338, -0.10333205747266574, -0.10373604053825522, -0.1738248381225675, -0.12460243112153938, -0.09371012449264526, -0.1634985179499037, -0.1082359555243792, -0.1458840199645738, -0.18402933769295812, -0.18427142045942477, -0.1795449973623757, -0.1656310109104927, -0.1552956379282627, -0.17310671278120612, -0.17093033045257902, -0.12962398048783133, -0.169356942585443, -0.1735337835070856, -0.14336511243468447, -0.14152582028584462, -0.11044406002111583, -0.11438792621822418, -0.12150531052398943, -0.13550619911777037, -0.1660223431354031], "train_r2_score": [-5.3215408737193775, -0.35239321366407456, 0.26235735918000347, 0.49210562491672, 0.6658435821307667, 0.7537762554543553, 0.801818702156549, 0.837514060190858, 0.8650465858087252, 0.8828200200771918, 0.8967846960534146, 0.9113562281666109, 0.9201833499008927, 0.9281246001556025, 0.9330067894939603, 0.9340059956535639, 0.9336163687298834, 0.9293118480815882, 0.9319974794852708, 0.9358889428708279, 0.9378310778379364, 0.9401048333290395, 0.9371673099494915, 0.9383324806708361, 0.9406500995891277, 0.9423400452035996, 0.9429446956342478, 0.9427228940395964, 0.9429821225775517, 0.9433339804321146, 0.9436296630806675, 0.9430933673919519, 0.9433940835113297, 0.9431901584992496, 0.9438720175886454, 0.9444483765075804, 0.9445772845823024, 0.944944346009174, 0.9453384212897203, 0.9453218195623719, 0.9464048014500591, 0.947098813958111, 0.9484194948783593, 0.9488205679825815, 0.9487122028495276], "val_source_regression_loss": [0.7791940901852861, 0.2845006696408308, 0.20082720152184932, 0.1326449564363383, 0.09139307267680953, 0.072419567198693, 0.058561037660022325, 0.04794499461975279, 0.041049530234517934, 0.03697806078044674, 0.03122448543959026, 0.027670132562140876, 0.024722016345756718, 0.022743611348957957, 0.021758390036470527, 0.021706837429841863, 0.02196059280511322, 0.023153153118453448, 0.021315428616974174, 0.02079412461364571, 0.020268158704231057, 0.019574619558510146, 0.01999140600379132, 0.019652639503909063, 0.01915645584039673, 0.018625736083316653, 0.018684958473225183, 0.01970863947055385, 0.01854569150158499, 0.01839649922485593, 0.01893786895029907, 0.018370814550715157, 0.018690772861525227, 0.018614425830825974, 0.018426316495560393, 0.01807640386816067, 0.01823756960515357, 0.01809953025813344, 0.017823191288905808, 0.018045074164961712, 0.01754697295542382, 0.017203402941268455, 0.016615781414357923, 0.016831640955768053, 0.0172186066997768], "val_target_regression_loss": [0.7236893282660956, 0.2970659397070921, 0.23377345200580887, 0.1662023369270035, 0.11894007989122898, 0.09369233373222471, 0.07584830364094505, 0.06203506500283374, 0.05108795376329482, 0.04529345620282089, 0.03920149760721605, 0.03533854667993286, 0.031249917619213273, 0.028959557225432576, 0.02702057698765133, 0.028016373774484744, 0.028825542924902105, 0.029034144091832487, 0.028397878172182586, 0.027808557889318165, 0.027058593186113655, 0.02721006654297249, 0.027810944338576702, 0.027300993098488338, 0.026815975910123392, 0.026516298280109332, 0.026106914057384564, 0.026018239675632007, 0.025950377017165287, 0.02589400223444534, 0.025153904021540774, 0.02627440612716011, 0.02601111298309097, 0.025217750262987764, 0.024899796924636335, 0.024503706459286092, 0.024454047714796246, 0.023942142383112937, 0.02413198783333543, 0.02420061946952645, 0.023749169752096073, 0.023891453088933153, 0.024649326724908018, 0.023576410086471822, 0.022731892894246156], "val_source_r2_score": [-1.3842716219677729, 0.13276675556586823, 0.38774170775049777, 0.5944884714822399, 0.7208100896844728, 0.7792257471458276, 0.8207740272081885, 0.8534124185933174, 0.8752993945192841, 0.8871703810068096, 0.9040350931263555, 0.9144495611520607, 0.9240065669767061, 0.929869324669173, 0.9336377616463116, 0.9333127758919225, 0.9326723533893019, 0.9291974555310055, 0.9345734856414698, 0.935174005318263, 0.9378132913277608, 0.9400241116355239, 0.9384919587516749, 0.9402035128017476, 0.9408994896395751, 0.9429247316064863, 0.9426250146483026, 0.9396526727972971, 0.9432379807750054, 0.9435150537687224, 0.9419252764668824, 0.9440189853429432, 0.9425576823966375, 0.9426101716286338, 0.9431856885076583, 0.9442836400234614, 0.9436014831454879, 0.9448228082062563, 0.9452463390761654, 0.9452275131829679, 0.9462925675947226, 0.9472566307296824, 0.9485773150215928, 0.948228071150535, 0.94706476584454], "val_target_r2_score": [-1.1479454603945873, 0.11449762112252368, 0.3081033750836812, 0.5070746427216158, 0.6470777426047095, 0.7205496956048111, 0.7749674319054917, 0.816001783845134, 0.8482861095533257, 0.8649698694838159, 0.8830960868839641, 0.8938517502878177, 0.9073546917222048, 0.913914781144755, 0.9193182138274776, 0.916910817111048, 0.9131474251815623, 0.9136742478960589, 0.9153369972643948, 0.9175517026320067, 0.9189807270244983, 0.9191849815782637, 0.9174017361864816, 0.9187011579582505, 0.9197719810652504, 0.9206946600379919, 0.9221134207342665, 0.922390017770344, 0.9226722670437305, 0.9229810404145127, 0.9249623219640982, 0.9215383326493437, 0.9221542087830574, 0.9248309428330164, 0.9259690645099312, 0.9270586885090341, 0.9270539097414084, 0.9286824263165893, 0.9283073683353406, 0.9278398337368982, 0.929599504754462, 0.9290688885743124, 0.9257160484545628, 0.9299100703650646, 0.9323657632365618],