{"train_DA_loss": [0.10771485916602765, 0.0514352697286571, 0.04778905447157035, 0.04552389219934478, 0.04446382205286344, 0.044124246661770936, 0.042773653604975564, 0.043237132491915055, 0.0426464831963917, 0.04230602844950268, 0.04206265428425298, 0.041819572363600434, 0.04163118616985991, 0.041656615944678, 0.04098635909898408, 0.04202780283143032, 0.042024563262460436, 0.042653234484835344, 0.0421735154263934, 0.043023355788733446, 0.04289945239163731, 0.04309360283193684, 0.043570041537312094, 0.04506714993464663, 0.04431681587638323, 0.045141514533725474, 0.04471542533670962, 0.045477624730610546, 0.045182204636757074], "train_regression_loss": [0.1031565801921544, 0.0029313108112094363, 0.0019975903640216865, 0.001570026365460375, 0.001340053562169394, 0.0011608179922980109, 0.0010621827866173804, 0.0010405734016039022, 0.0009529510230103498, 0.0008924511781960924, 0.0008120942264186623, 0.0008110561948891055, 0.0007584094975681693, 0.0007331798626624994, 0.0007227182701052127, 0.0007298814809699824, 0.0007136407765003102, 0.0006655255020587575, 0.0007936417911979804, 0.0006683268835444609, 0.000699638741223271, 0.0007181299670613873, 0.0007684752492998579, 0.0007661217282516831, 0.0008697224290036108, 0.0008578927474738298, 0.0008576170407691919, 0.0008302061070779158, 0.0008481253156973938], "train_mve_loss": [6.493221853616251, 0.18441365961618789, 0.12563943000718053, 0.09872586622670756, 0.08424993269349801, 0.07296771977021882, 0.06675900071450735, 0.06539877040321909, 0.05988326733438145, 0.05607502711034453, 0.05101685550479283, 0.05095151522736554, 0.047637601435811035, 0.04604948956648763, 0.045390971192249, 0.045841868769316174, 0.04481957664873308, 0.04179089909021009, 0.049855343370921436, 0.04196723561114214, 0.04393820070629255, 0.04510215482584301, 0.04827120278704864, 0.048123057652435096, 0.05464433634166744, 0.05389970193329306, 0.05388234767184288, 0.052156931136682, 0.05328487860927634], "train_r2_score": [0.6842573975998365, 0.9910868974753246, 0.9939370380413752, 0.995241664694615, 0.9959318016300263, 0.9964680001773872, 0.9967743490565293, 0.9968410745187668, 0.9971101956238893, 0.9972920327563608, 0.9975334659266514, 0.9975408275015932, 0.9976987355925921, 0.9977713659918894, 0.9978097602802868, 0.9977877138392022, 0.9978404097890854, 0.9979771313663489, 0.9975900648493112, 0.9979681381792184, 0.9978771839560642, 0.9978230193009987, 0.9976647286983895, 0.9976772470226064, 0.9973640781854223, 0.9973954063279471, 0.997401638610875, 0.9974846408185428, 0.9974283809873158], "val_source_regression_loss": [0.003751753151558245, 0.0021043914603069425, 0.001986958815928407, 0.0013554377283877398, 0.0012446640743107736, 0.0013326110069262736, 0.0011699953988854644, 0.00113880821677585, 0.0008449018498163529, 0.0007975342686441315, 0.0008020871226776014, 0.0007169057100810865, 0.0006885955425545196, 0.0006746529248584345, 0.000859402283684268, 0.000897207693049472, 0.0006780859158091436, 0.0007813160788102807, 0.0011378547251872906, 0.0005847262432268244, 0.0006470867735481102, 0.0007496910299398476, 0.0007973637297761308, 0.0007189041363882914, 0.0007523262049543046, 0.0013429589342632438, 0.0007067600215779311, 0.0008272976036879081, 0.0009862264666906735], "val_target_regression_loss": [0.009360756341933826, 0.004731733297422245, 0.003836263967324284, 0.0030235604521570893, 0.0026291728231914438, 0.002622876357570102, 0.0023702883921988024, 0.0022444105449226934, 0.0016136838379610754, 0.001543912609974276, 0.0014962268303608216, 0.0013639574253023897, 0.0012943986095959627, 0.0010890601087903864, 0.0014142498603868711, 0.0014513672979348162, 0.001053361540448062, 0.0013571461446029193, 0.0017143789608078668, 0.0010102721331994744, 0.0010136439674239182, 0.001191996978861103, 0.0012604814638749143, 0.0012249599882884871, 0.0012830024182831844, 0.0017464066350160615, 0.001210290614421232, 0.001339176305734753, 0.0015013900871353248], "val_source_r2_score": [0.9885990861351386, 0.9935455779136847, 0.9938817786179575, 0.9958654835929893, 0.9961818084537537, 0.9959050339707588, 0.9964156854369313, 0.9965142558099285, 0.9974003420528895, 0.9975409162291277, 0.9975408259510572, 0.9978123633971556, 0.997903247406067, 0.9979401163765954, 0.9973539815257667, 0.997248135702381, 0.9979179536755265, 0.9976085795863471, 0.9964935156582743, 0.9982012803319542, 0.9980209661132875, 0.9976962180445932, 0.9975567209329135, 0.9978030195284051, 0.9976970038421974, 0.9958640740945218, 0.9978286937392651, 0.9974919417100117, 0.9969560583809995], "val_target_r2_score": [0.9721544595393532, 0.9860014808879705, 0.9885875201900179, 0.9909983676966903, 0.9921828133940411, 0.9920063045751489, 0.9929584813052635, 0.9933413922260511, 0.9952121236862747, 0.9953688374956496, 0.9955385135853027, 0.9959339747655859, 0.9961552228276992, 0.9967420055689232, 0.9957774327553895, 0.9956709971985104, 0.9968596700944288, 0.9959187175865896, 0.9948843530871928, 0.9969867992480481, 0.9969745812393409, 0.9964387119078166, 0.9962262877412458, 0.9963303598625344, 0.9961725023255547, 0.9947702508291189, 0.9963736157499399, 0.9960244626128777, 0.9955325632899062], "val_source_mve_loss": [0.23605745502665074, 0.13236216276506835, 0.12497021512517446, 0.08521830870569506, 0.07824551993155782, 0.08378145230721824, 0.07354540453304219, 0.07158228613530533, 0.05308197283103496, 0.050100360395787635, 0.05038694572882562, 0.04502509237278866, 0.043243071936731096, 0.042365436218207396, 0.05399472134400018, 0.05637443197678916, 0.04258153045290633, 0.04907948519044285, 0.07152226770037337, 0.03670488590303855, 0.04063024975453751, 0.047088806246277655, 0.05008962566528139, 0.045150885429186154, 0.047254680549796625, 0.08443281639225875, 0.04438645885432068, 0.051973850949655606, 0.06197783228340028], "val_target_mve_loss": [0.5891233497782599, 0.2977435562429549, 0.2413771003484726, 0.1902204329454446, 0.16539519846062117, 0.16499885812967638, 0.14909938392759878, 0.1411758417947383, 0.1014739410786689, 0.0970821026948434, 0.09408045956228353, 0.08575459192448025, 0.08137612294735788, 0.06845082814180398, 0.08892031480805783, 0.09125671879966048, 0.06620373520292813, 0.0853258480282524, 0.1078123255055162, 0.06349141815606552, 0.0637036633642414, 0.07493032100079935, 0.07924116483028931, 0.07700521994052054, 0.08065877482295036, 0.10982834877847117, 0.07608183661970912, 0.08419471144487586, 0.09440546713863747], "val_source_nll_loss": [18750.706339003165, 10513.898214992088, 9926.735054885285, 6769.129518146757, 6215.261344813093, 6654.996025761471, 5841.91796875, 5685.982060299644, 4216.450176770174, 3979.6123263202135, 4002.37653746786, 3576.469491693038, 3434.91865481606, 3365.205538592761, 4288.952340041535, 4477.979424198971, 3382.3705251186707, 3898.5213174940664, 5681.214525440071, 2915.572168277789, 3227.374820757516, 3740.3960857149923, 3978.7596265575553, 3586.461595752571, 3753.5719720381726, 6706.735676053204, 3525.7410378757913, 4128.428930355024, 4923.0732390971125], "val_target_nll_loss": [46795.72193928006, 23650.606890328323, 19173.260828718354, 15109.743139339398, 13137.805027442642, 13106.322698279273, 11843.382732149921, 11213.993544180183, 8060.360122873813, 7711.503881526899, 7473.075084058544, 6811.7279995302615, 6463.933998590784, 5437.241430355024, 7063.190290620056, 7248.777467365507, 5258.748603144779, 6777.671714299841, 8563.835813884494, 5043.301702185522, 5060.160814502571, 5951.925710171084, 6294.34823724288, 6116.740855542919, 6406.953023017208, 8723.974145816852, 6043.393959528284, 6687.822367607792, 7498.8913852353635], "da_weight": [1.4, 1.4, 1.4, 1.4, 1.4, 1.4, 1.4, 1.4, 1.4, 1.4, 1.4, 1.4, 1.4, 1.4, 1.4, 1.4, 1.4, 1.4, 1.4, 1.4, 1.4, 1.4, 1.4, 1.4, 1.4, 1.4, 1.4, 1.4, 1.4], "beta": [0.7, 0.7, 0.7, 0.7, 0.7, 0.7, 0.7, 0.7, 0.7, 0.7, 0.7, 0.7, 0.7, 0.7, 0.7, 0.7, 0.7, 0.7, 0.7, 0.7, 0.7, 0.7, 0.7, 0.7, 0.7, 0.7, 0.7, 0.7, 0.7], "epoch_no": 29}