{"train_DA_loss": [0.04001658555831917, 0.01253861741041952, 0.01353532483484562, 0.022048458510625025, 0.011520644411499147, 0.01019136099803723, 0.03347146926703991, 0.04046437762344811, 0.041232691131322774, 0.04095032124080349, 0.041100666521566576, 0.04025122519902599, 0.041015623467659384, 0.040229988935653806, 0.04114831799821727, 0.04154144454972182, 0.040857030858559844, 0.04231932426767059, 0.04064156127824589, 0.04214673101011548, 0.03977301219613181, 0.04135725880775965, 0.04238505979192867, 0.04275913726899371, 0.042119415814033154, 0.04294983747754062, 0.042346901374390615, 0.04162748881242829, 0.042214590875632806, 0.04193404412588319, 0.04186300012254083, 0.0421745048757554, 0.04383400478613115, 0.041981197587151416, 0.04293397796328369, 0.04192826258771162, 0.04150622945544489, 0.0429152754872656, 0.041498955615014654, 0.04344203544804449], "train_regression_loss": [0.12320442893925435, 0.016791992453888904, 0.01202084911541104, 0.010307587559336636, 0.010379557732758291, 0.01138018954960694, 0.04331655475571479, 0.060469080966435905, 0.03818458654633442, 0.04960583734038325, 0.053573818489146406, 0.04861120531808796, 0.0480983430788711, 0.04853462253167708, 0.05222882110782145, 0.047218661968148494, 0.04504115389527198, 0.0448900166800215, 0.05153807609510596, 0.047587297046369784, 0.06825974870003229, 0.049631887173426543, 0.04023656786046582, 0.04075418123073018, 0.049825244506572455, 0.06016727200653098, 0.05626324339815751, 0.06145155193348853, 0.040600126353816095, 0.09707007693191497, 0.04461978630109995, 0.03981960939423911, 0.032650995034200075, 0.03164515465368573, 0.03032043781574182, 0.04786049650549562, 0.041180936124182596, 0.06175996894033888, 0.10218225306468647, 0.027779994338369456], "train_mve_loss": [0.005547905238847533, -0.06776200362361569, -0.06315532039309948, -0.051659228271248, -0.0472636054445763, -0.045579800505269406, -0.06440281721216778, -0.041196276972213355, -0.0175988556411955, -0.07151867770734609, -0.0744115691942757, -0.07352074960389701, -0.07344621599445858, -0.07792722815911625, -0.07398279099444258, -0.07582637318452544, -0.07402534470246454, -0.07361621600260763, -0.07727122386633138, -0.05352008187103935, -0.07566001446269814, -0.07712628330628454, -0.06981923362287869, -0.07409744743782162, -0.0713967635233289, -0.07711503129753401, -0.08037617375224597, -0.07492203065543222, -0.0654135456494306, -0.03981132575453785, -0.07078022656832877, -0.0717510920123519, -0.06695041350528284, -0.07218983144392098, -0.0681363522433514, -0.07068858352290565, -0.06264736050556004, -0.07527971886340154, -0.03818638129474789, -0.064250962771271], "train_r2_score": [0.6234951747477255, 0.9490847110040163, 0.9634606502675853, 0.9687377186758678, 0.9684845091595817, 0.965547425827285, 0.8681145564473757, 0.8168155660752022, 0.88446121022382, 0.8500359617855421, 0.8376401589083962, 0.853015832593702, 0.8547058793952697, 0.8529274436173848, 0.8416773554114457, 0.8571484409817558, 0.8637340871594478, 0.8637133931058809, 0.8437380208122692, 0.8556793838154366, 0.7937567067919963, 0.849612652149375, 0.8779162586451698, 0.8767264787896538, 0.8489237423202634, 0.8175681816880395, 0.8295061737885008, 0.8140969457546477, 0.8770383947831394, 0.7006571459894118, 0.8647230713869778, 0.8794244860118372, 0.9011497297903612, 0.9042806920813424, 0.9084523346306621, 0.8549678875593014, 0.8749283607755213, 0.8132705074762969, 0.6982249685552172, 0.9159545415427344], "val_source_regression_loss": [0.01674761715097518, 0.01604682304955359, 0.008888639922289155, 0.009370279569131664, 0.012608750133857698, 0.013390131660183019, 0.04918458289172076, 0.03493990164391602, 0.04695926333152795, 0.024164182970984074, 0.06806341596419298, 0.10649043406489529, 0.07428680864881866, 0.043979513352807566, 0.052595846779361556, 0.035933195271446734, 0.04794551323674902, 0.05917346604828593, 0.03699206237834465, 0.046262850536953046, 0.1012637169112133, 0.09642134786029405, 0.031415832052125205, 0.06488954040068615, 0.05263493757081937, 0.03528083113458338, 0.034024134561230865, 0.08593759629168088, 0.04762097641448431, 0.027339364861762975, 0.04007920222003249, 0.023051353360090076, 0.04174077536769306, 0.02422133262587499, 0.01899974804984618, 0.05432181805372238, 0.060346629046186616, 1.8514792964428286, 0.024157442924672666, 0.014165755620674242], "val_target_regression_loss": [0.025656898505985737, 0.02062260522212409, 0.010631390841371274, 0.03132421083606874, 0.020215138569002665, 0.020571933010050766, 0.05166005586049979, 0.03739841496925565, 0.050713468248708336, 0.02542998469611512, 0.0710366425352006, 0.1117940497926519, 0.07890589648409735, 0.04736695386752297, 0.05551393165052691, 0.040521329457435425, 0.053387524866605106, 0.059798994396306294, 0.04128141592763647, 0.04909532257839094, 0.10552286488723152, 0.10046257965172394, 0.035210626883597315, 0.06985539815659765, 0.05671569912493983, 0.04002805961932562, 0.03748588622370853, 0.08947956901562365, 0.049776801108559476, 0.029464258729845663, 0.04362962503410593, 0.026350338719313658, 0.04394815036956268, 0.026912890610438358, 0.020428701009176955, 0.057654244424421575, 0.06481596884093707, 1.8557600824138787, 0.02761034016745, 0.015622991632340075], "val_source_r2_score": [0.948577886231746, 0.9508932635153398, 0.9728259055488492, 0.9712425019192262, 0.961106991831532, 0.9588687295318608, 0.848484988607258, 0.8932931873811655, 0.8560670695296774, 0.9260716777496835, 0.7913914203101061, 0.6736993208130923, 0.7724406783488279, 0.8645500057735311, 0.8394732055043795, 0.8892213729691956, 0.8532943043649904, 0.8182972411085564, 0.8868924417590791, 0.8578159979285275, 0.6904047267435541, 0.7053761921831581, 0.9041505714878602, 0.8021164394058946, 0.8373384869609114, 0.8922549445034252, 0.895871491081139, 0.7366550772955992, 0.854634658747181, 0.9163746624595848, 0.8772689829137928, 0.9296141467197783, 0.8723891283537473, 0.925407165803336, 0.9416866841570307, 0.8325193313196195, 0.8144319077830494, -4.660788191429107, 0.9261946201968583, 0.9566786446838881], "val_target_r2_score": [0.9236174802481217, 0.938219706655907, 0.9687811856311641, 0.9055208555769688, 0.9396065460602225, 0.9388870398882084, 0.846618009636258, 0.8887228532576953, 0.8493129361877897, 0.9240250819618372, 0.7884533056415582, 0.6669969087806193, 0.7665595113498632, 0.8594174248709668, 0.8342540526296988, 0.8798553371564226, 0.8406462230519504, 0.8217401355256859, 0.8777082707043065, 0.8547229436734659, 0.6834292679603812, 0.7023244055310378, 0.8956660650362706, 0.7921676687863405, 0.8306483268885376, 0.8811381291642939, 0.8882531964779808, 0.7326573594880165, 0.8520093202753228, 0.9126511493994343, 0.8706007205100365, 0.921670458530099, 0.8691510885019162, 0.9200289941786691, 0.939317148769964, 0.827575429514247, 0.8072902675090788, -4.516592123083601, 0.9182722279780485, 0.9536301023133187], "val_source_mve_loss": [-0.04045120322534555, -0.09973087623904023, -0.056199442217998864, -0.036297354988659485, -0.02798787716634666, -0.07994182813393919, -0.08452460245241093, 0.08755316231635553, -0.044167707709571985, -0.06292214735022074, -0.07560598100476627, -0.04053332293524018, -0.034421914021331296, -0.06368521086965935, -0.05307750512338892, -0.10814638963983028, -0.05966322920933555, -0.10189807811115362, -0.0512546353230748, -0.08562840474180028, -0.09516498347437835, -0.051021243645986425, -0.10772998442378225, -0.06342191032216518, -0.02223705857567772, -0.04298900520499749, -0.059981680699164354, -0.08919864100745961, -0.08818516738807099, -0.0659742973556247, -0.09583595593141604, -0.09335366400736797, -0.08780226865901222, -0.06606397023306618, -0.14286814912965026, -0.06034633550274221, -0.06437067687511444, 0.8067509516885009, -0.12190253287553787, -0.13304855099207238],