{"train_DA_loss": [0.10771485916602765, 0.0514352697286571, 0.04778905447157035, 0.04552389219934478, 0.04446382205286344, 0.044124246661770936, 0.042773653604975564, 0.043237132491915055, 0.0426464831963917, 0.04230602844950268, 0.04206265428425298, 0.041819572363600434, 0.04163118616985991, 0.041656615944678, 0.04098635909898408, 0.04202780283143032, 0.042024563262460436, 0.042653234484835344, 0.0421735154263934, 0.043023355788733446], "train_regression_loss": [0.1031565801921544, 0.0029313108112094363, 0.0019975903640216865, 0.001570026365460375, 0.001340053562169394, 0.0011608179922980109, 0.0010621827866173804, 0.0010405734016039022, 0.0009529510230103498, 0.0008924511781960924, 0.0008120942264186623, 0.0008110561948891055, 0.0007584094975681693, 0.0007331798626624994, 0.0007227182701052127, 0.0007298814809699824, 0.0007136407765003102, 0.0006655255020587575, 0.0007936417911979804, 0.0006683268835444609], "train_mve_loss": [6.493221853616251, 0.18441365961618789, 0.12563943000718053, 0.09872586622670756, 0.08424993269349801, 0.07296771977021882, 0.06675900071450735, 0.06539877040321909, 0.05988326733438145, 0.05607502711034453, 0.05101685550479283, 0.05095151522736554, 0.047637601435811035, 0.04604948956648763, 0.045390971192249, 0.045841868769316174, 0.04481957664873308, 0.04179089909021009, 0.049855343370921436, 0.04196723561114214], "train_r2_score": [0.6842573975998365, 0.9910868974753246, 0.9939370380413752, 0.995241664694615, 0.9959318016300263, 0.9964680001773872, 0.9967743490565293, 0.9968410745187668, 0.9971101956238893, 0.9972920327563608, 0.9975334659266514, 0.9975408275015932, 0.9976987355925921, 0.9977713659918894, 0.9978097602802868, 0.9977877138392022, 0.9978404097890854, 0.9979771313663489, 0.9975900648493112, 0.9979681381792184], "val_source_regression_loss": [0.003751753151558245, 0.0021043914603069425, 0.001986958815928407, 0.0013554377283877398, 0.0012446640743107736, 0.0013326110069262736, 0.0011699953988854644, 0.00113880821677585, 0.0008449018498163529, 0.0007975342686441315, 0.0008020871226776014, 0.0007169057100810865, 0.0006885955425545196, 0.0006746529248584345, 0.000859402283684268, 0.000897207693049472, 0.0006780859158091436, 0.0007813160788102807, 0.0011378547251872906, 0.0005847262432268244], "val_target_regression_loss": [0.009360756341933826, 0.004731733297422245, 0.003836263967324284, 0.0030235604521570893, 0.0026291728231914438, 0.002622876357570102, 0.0023702883921988024, 0.0022444105449226934, 0.0016136838379610754, 0.001543912609974276, 0.0014962268303608216, 0.0013639574253023897, 0.0012943986095959627, 0.0010890601087903864, 0.0014142498603868711, 0.0014513672979348162, 0.001053361540448062, 0.0013571461446029193, 0.0017143789608078668, 0.0010102721331994744], "val_source_r2_score": [0.9885990861351386, 0.9935455779136847, 0.9938817786179575, 0.9958654835929893, 0.9961818084537537, 0.9959050339707588, 0.9964156854369313, 0.9965142558099285, 0.9974003420528895, 0.9975409162291277, 0.9975408259510572, 0.9978123633971556, 0.997903247406067, 0.9979401163765954, 0.9973539815257667, 0.997248135702381, 0.9979179536755265, 0.9976085795863471, 0.9964935156582743, 0.9982012803319542], "val_target_r2_score": [0.9721544595393532, 0.9860014808879705, 0.9885875201900179, 0.9909983676966903, 0.9921828133940411, 0.9920063045751489, 0.9929584813052635, 0.9933413922260511, 0.9952121236862747, 0.9953688374956496, 0.9955385135853027, 0.9959339747655859, 0.9961552228276992, 0.9967420055689232, 0.9957774327553895, 0.9956709971985104, 0.9968596700944288, 0.9959187175865896, 0.9948843530871928, 0.9969867992480481], "val_source_mve_loss": [0.23605745502665074, 0.13236216276506835, 0.12497021512517446, 0.08521830870569506, 0.07824551993155782, 0.08378145230721824, 0.07354540453304219, 0.07158228613530533, 0.05308197283103496, 0.050100360395787635, 0.05038694572882562, 0.04502509237278866, 0.043243071936731096, 0.042365436218207396, 0.05399472134400018, 0.05637443197678916, 0.04258153045290633, 0.04907948519044285, 0.07152226770037337, 0.03670488590303855], "val_target_mve_loss": [0.5891233497782599, 0.2977435562429549, 0.2413771003484726, 0.1902204329454446, 0.16539519846062117, 0.16499885812967638, 0.14909938392759878, 0.1411758417947383, 0.1014739410786689, 0.0970821026948434, 0.09408045956228353, 0.08575459192448025, 0.08137612294735788, 0.06845082814180398, 0.08892031480805783, 0.09125671879966048, 0.06620373520292813, 0.0853258480282524, 0.1078123255055162, 0.06349141815606552], "val_source_nll_loss": [18750.706339003165, 10513.898214992088, 9926.735054885285, 6769.129518146757, 6215.261344813093, 6654.996025761471, 5841.91796875, 5685.982060299644, 4216.450176770174, 3979.6123263202135, 4002.37653746786, 3576.469491693038, 3434.91865481606, 3365.205538592761, 4288.952340041535, 4477.979424198971, 3382.3705251186707, 3898.5213174940664, 5681.214525440071, 2915.572168277789], "val_target_nll_loss": [46795.72193928006, 23650.606890328323, 19173.260828718354, 15109.743139339398, 13137.805027442642, 13106.322698279273, 11843.382732149921, 11213.993544180183, 8060.360122873813, 7711.503881526899, 7473.075084058544, 6811.7279995302615, 6463.933998590784, 5437.241430355024, 7063.190290620056, 7248.777467365507, 5258.748603144779, 6777.671714299841, 8563.835813884494, 5043.301702185522], "da_weight": [1.4, 1.4, 1.4, 1.4, 1.4, 1.4, 1.4, 1.4, 1.4, 1.4, 1.4, 1.4, 1.4, 1.4, 1.4, 1.4, 1.4, 1.4, 1.4, 1.4], "beta": [0.7, 0.7, 0.7, 0.7, 0.7, 0.7, 0.7, 0.7, 0.7, 0.7, 0.7, 0.7, 0.7, 0.7, 0.7, 0.7, 0.7, 0.7, 0.7, 0.7], "epoch_no": 20}