{"train_DA_loss": [0.19652156970400697, 0.183619254668817, 0.18268577892748702, 0.1817563533224506, 0.18050727998017174, 0.18215231181648467, 0.18267600868966505, 0.18302387483690405, 0.18253203290063458, 0.18235817830158327, 0.181952607152231, 0.1824907705194608, 0.18138663997870258, 0.18156890225148942, 0.18067773460824268, 0.1821098721584465, 0.1828159853727497, 0.1836398284460062, 0.18116628288391848, 0.18200235665729866, 0.18284480425936103, 0.18060151155241227, 0.1819441457920907, 0.18271670109461277, 0.18112991326633276, 0.1824213334136188, 0.1815420881022701, 0.18185221039480656, 0.1817582375259297, 0.18268937257951096, 0.18270472261775456, 0.1824775419216705, 0.1814508186091398, 0.18202931234371292, 0.18055463340508002, 0.18157237466131856, 0.18094218072483156, 0.18209118191391174, 0.18325274107701928, 0.18060698723539684, 0.17883658223875698, 0.18051416287964833, 0.1818852677968564, 0.18027598001880119, 0.18101715332602017, 0.18024909798348734, 0.1804359685459346, 0.18075319287287142, 0.1812449982951666, 0.18131232917499499, 0.18025303369139403, 0.18303612207268558, 0.18044237857871778, 0.18069499244120046, 0.18082496170737736, 0.18163490217431044, 0.1805553973211449, 0.18098390551532537, 0.18016759875882588, 0.18192446681328622], "train_regression_loss": [0.01784700370482867, 0.0032709276801819267, 0.0022520484283247875, 0.0019135478247182445, 0.0017108855727484102, 0.0015707849980493918, 0.0013439771976861766, 0.001268239735382904, 0.0011349113209169251, 0.0010758913693353351, 0.0010565604173810408, 0.0009725444576894767, 0.0008794460060030019, 0.0008681804427952196, 0.0007869715649629598, 0.0007656113986833931, 0.0007163607081697068, 0.0007162933563659269, 0.0006676291088872442, 0.0006471148123256492, 0.0006410288169019782, 0.0006209333646579937, 0.0006015540194516563, 0.000587682337364745, 0.0005807320326087574, 0.0005711153919113799, 0.000545681991006094, 0.0005418214706705723, 0.0005494789177727925, 0.000525927757650392, 0.0005122567212813103, 0.000509747209118951, 0.0005130395372779155, 0.0005010670950284362, 0.0004934897868696858, 0.0004956817849210353, 0.0004745187121456752, 0.0004787572066608107, 0.000455988334439494, 0.0004614105438642775, 0.0004601448261256392, 0.0004713998946491173, 0.00044779725668764477, 0.00045230743572279985, 0.0004380597041632141, 0.00044244557748292977, 0.0004367994827986812, 0.000434601664164137, 0.00042929456082776155, 0.0004176999624657136, 0.00041526981137778696, 0.00042140477147887965, 0.0004171169873323452, 0.0004099445105854348, 0.0004182092452405184, 0.0003943792100631529, 0.000403741956325996, 0.00039705669119537184, 0.00039275618460132264, 0.00039217820988977697], "train_mve_loss": [28.216041317206198, 5.169242093915042, 3.5582526112605275, 3.0230361824443177, 2.702599054716623, 2.481080595192787, 2.1224659830876633, 2.002714546945566, 1.7919038136845533, 1.6985850818387116, 1.6680201668789443, 1.5351792721305948, 1.3879776983036638, 1.3701652783553169, 1.2417075437863088, 1.2079077294637777, 1.1298854273813734, 1.1299802036428146, 1.0530067204039755, 1.0204361728996965, 1.0109683685072814, 0.9792333302076164, 0.948591898568315, 0.9266588385651054, 0.9156613584601029, 0.9004555115411552, 0.8602504625684927, 0.8540531092508946, 0.8662442701376661, 0.8287914886566686, 0.8071478514487718, 0.8033332900915438, 0.8082233637544093, 0.7896333921367006, 0.7768356198244055, 0.7802157105036911, 0.7467992764300032, 0.7536454647302736, 0.7176230596123055, 0.7263075384350538, 0.722719414707893, 0.7397170992162916, 0.7037132512675888, 0.711084909886939, 0.6900846889239125, 0.6966233502194912, 0.687903942169121, 0.6839929046058241, 0.6752544166264848, 0.6575689323900278, 0.6514301710716114, 0.6635939086731217, 0.6555286838487472, 0.6445883706797738, 0.658243857909818, 0.620952050009201, 0.6329079838895275, 0.624805156774887, 0.6184535382053316, 0.6175396798597393], "train_r2_score": [0.9421484843537855, 0.9895867450388661, 0.9928253203135717, 0.9939300142579859, 0.9945604319713098, 0.9949906260693464, 0.9957228458531201, 0.9959565018573873, 0.9963961604639413, 0.9965759929582414, 0.9966515232569404, 0.996905313236287, 0.9972144603633343, 0.997244340115946, 0.9975084548473837, 0.9975802045960253, 0.9977279175384747, 0.9977259767053441, 0.9978770907409953, 0.9979448872477458, 0.9979702005786023, 0.9980388508207386, 0.9980935419682049, 0.9981346497525014, 0.9981556863704312, 0.9981867088466707, 0.9982667273078574, 0.9982908939511762, 0.9982552834945949, 0.9983379152710227, 0.9983746767420231, 0.9983821711888649, 0.9983679170325859, 0.9984119932138349, 0.9984340079218423, 0.9984319869409246, 0.9984962631384144, 0.9984880339692537, 0.9985544409637822, 0.9985350382943345, 0.9985459341789082, 0.9985038643416604, 0.9985769958899813, 0.9985674895538411, 0.9986137730551885, 0.9985996911391799, 0.9986159604733102, 0.9986262929710251, 0.9986433359636316, 0.9986780578391814, 0.998683830336228, 0.99866328699373, 0.9986790423192986, 0.9987022409234376, 0.9986745841114252, 0.9987500447209736, 0.9987214718103814, 0.9987406730783516, 0.9987560772265855, 0.9987601475245348], "val_source_regression_loss": [0.005784512600882318, 0.002826596805513405, 0.0012560758818559849, 0.0011021967232673646, 0.0012910807855425778, 0.0015218230459047631, 0.0011557796203825897, 0.0020775452826005485, 0.0009458967296335216, 0.0023016961296639456, 0.000530130569047604, 0.0009963594817968544, 0.0010476243838789864, 0.0006670914916265845, 0.0009149268199615299, 0.0005927284439440263, 0.0006907095839924063, 0.0011302610048830818, 0.0004343017409931267, 0.0007173709021643185, 0.0005721704040009814, 0.0005859912494190049, 0.00043255602001783825, 0.0004793865492841907, 0.0007222294886470044, 0.0011341701795052463, 0.000637589129587686, 0.00038830246024570926, 0.0008022762489499161, 0.0005704258262111356, 0.0008203216313091389, 0.00046444927986053684, 0.00069560682119879, 0.0005340044214293515, 0.00046239332730187095, 0.0004034667712775395, 0.00042388206093048396, 0.0005359825038536341, 0.0010410623685174142, 0.000519031490840482, 0.0005560774634984254, 0.0004642458485488515, 0.0005591612697144547, 0.0003793859961178576, 0.0009231584964129633, 0.000637189665334686, 0.0004531080179870837, 0.000469555293022768, 0.0003688477026968123, 0.00035274847434887946, 0.00038541547568015066, 0.0005039442283177254, 0.00035925802501169936, 0.0004843337070449782, 0.0005741498276655274, 0.0005835266396092375, 0.0006438819484185642, 0.0008947301591663196, 0.0004445812233482687, 0.0009068123543056281], "val_target_regression_loss": [0.009254812638605602, 0.0031452560745262965, 0.001914037560587362, 0.0017975503976751393, 0.0017268169230927294, 0.0018882870996971956, 0.0016096668043054832, 0.0023628620415205915, 0.0013700896909775826, 0.003117524730130887, 0.0012447705387119978, 0.0014033246850118802, 0.0015887024415546832, 0.0012465968419174357, 0.0014962859663959092, 0.001274370325497908, 0.0013662103991085193, 0.0017823523868949482, 0.0011713244570471263, 0.0015284269998860232, 0.0012380129012566346, 0.00124287000111938, 0.0011955730939885011, 0.0013399826100143715, 0.0015658008374687367, 0.0016638288403096528, 0.0014623111436000695, 0.0012282008777920025, 0.0016416813399026784, 0.001262813197306027, 0.0014943495028676055, 0.0012843826301797581, 0.0013679584690790695, 0.0013500800858007762, 0.0012800551652640533, 0.0011734852219370904, 0.00123287082077733, 0.0012549984495909795, 0.001763051687799299, 0.0011034172529298157, 0.0011574345261093598, 0.0011923440696542172, 0.0012625433310617905, 0.0010483029130928087, 0.0019230394740960897, 0.0015724586204256708, 0.0012085728393607259, 0.0012740065166451477, 0.0011191806908824836, 0.0010911774180551318, 0.0011349649282176785, 0.0012158409304791889, 0.0011626785552611176, 0.0011127228485442663, 0.0014066502148584543, 0.0012199966871654228, 0.0013801822098144614, 0.001517508700679684, 0.0011618624081665549, 0.0016244835104605856],