{"train_DA_loss": [0.049919948380242975, 0.03589874293512139, 0.036734256556281444, 0.038069595799013506, 0.039330898302265015, 0.03880299721083432, 0.03930675690922157, 0.039392022044828646, 0.03994003955063698, 0.04036545340428078, 0.04198065507387439, 0.0460765467108767, 0.043092848763714324, 0.042183822650850585, 0.042319638988299386, 0.042420439701357095, 0.043109678801224044, 0.04238299878698925, 0.04310058573536725, 0.04263673667920246, 0.04325678464113794, 0.043054812218333294, 0.042253541407708275, 0.042704869947060804, 0.04290062697498737, 0.04214471438303726, 0.04303062385394216, 0.0429627500964802, 0.04177831996647706, 0.04231187074668229, 0.04333150501906109, 0.041265405939255165, 0.04319943507053843, 0.04176057883669406, 0.041457097568775664, 0.04231747121327102, 0.04289323138498737, 0.042605727492155715, 0.042070294061243206, 0.04276250183950068, 0.04289186227950906, 0.04355837074082883, 0.041985695235008946, 0.0431706181180815, 0.04152864648516152, 0.042978803874070076, 0.04232850225414175, 0.043320119523969386, 0.04262677373422456, 0.04244253597472551, 0.04244221097209118, 0.042110217261848326, 0.043505673581083905, 0.04245188295623284, 0.042287846659420834, 0.04273967245011378, 0.042926319576867975, 0.0427004454497391, 0.04479751946367119, 0.04433849689566021], "train_regression_loss": [0.08972089925110067, 0.01803618137957954, 0.028086109870918762, 0.017036588937452767, 0.04048221275317644, 0.01403985135265757, 0.022308023052266247, 0.018536536753862087, 0.017550094633310406, 0.020371794121738326, 0.026138406660632524, 0.02118865006400691, 0.010342692805222582, 0.016631542369587114, 0.02798919064134114, 0.031969283346488554, 0.032846117155520854, 0.033810572782991086, 0.04604346334246384, 0.029179707864193855, 0.03728131558133163, 0.028094661228828664, 0.03818861485443587, 0.026953799229530683, 0.028004981533980074, 0.04012642944507451, 0.05794333073717475, 0.05048567663037118, 0.03691708566910388, 0.0249941127759556, 0.03374011844389781, 0.05849601676214275, 0.031080738266749508, 0.050219112637723495, 0.02641593637217306, 0.03003753869329499, 0.028127035689650876, 0.029064787515154757, 0.02640949019828515, 0.03462970135835641, 0.03150711961471947, 0.028314374054405816, 0.026387487023122186, 0.04913956431290595, 0.033744712041816935, 0.055684102755346396, 0.04715799037333054, 0.03978443964532623, 0.04145655430720564, 0.031427453235438746, 0.018260945661344192, 0.016103593419753766, 0.01569361666428569, 0.014690365707859315, 0.016898798542625017, 0.021514152835584645, 0.013015923520185775, 0.014996483423994, 0.025666940661906598, 0.02552206063867841], "train_mve_loss": [0.19576390351763018, -0.158692681866526, -0.16115842186769222, -0.12549201892671843, -0.15361534772607646, -0.14251883250577768, -0.14129861978000163, -0.14606081963545717, -0.07609106653320588, -0.14788937912930408, 0.017466835177910447, 1.1075452888355517, -0.14099588420351036, -0.1608237718620169, -0.18669634915282185, -0.05399204751432378, 0.0026740491470250505, 0.15323421961272057, 0.3276812014709715, -0.11234415587977638, -0.009184764344006831, -0.15541422326914572, -0.0430345216279056, 0.22722604397132692, -0.16279033526192527, -0.10095687744154899, 0.08050387832838395, 0.06171083420436741, 0.00600976358343195, 0.0006956865966755904, -0.11188636652502135, -0.12580451904753498, -0.03298282674879816, 0.05505272388795367, 0.0570033636281243, 0.06598614074861872, -0.08686235475215986, -0.06459870947255894, 0.03158862163505127, 0.10474314016564128, -0.0010993994007966526, -0.059499383074873326, -0.06435387365782201, 0.4376463673236717, 0.038244983435044885, 0.12703933231566625, 0.0771736728558036, -0.04714889205665322, 0.017793051731624595, -0.04100033283230237, -0.0668949131007686, -0.12433192431688363, -0.12113864346827896, -0.128331285230543, -0.0868177624803268, -0.03634470032946883, -0.09430271847313185, -0.06081012969877455, 1.3931222714592704, 1.6064173636423387], "train_r2_score": [0.7233782441174561, 0.9449864762201757, 0.9137066530651262, 0.9481582288193686, 0.8748484809070259, 0.9573682573113791, 0.9332218768072301, 0.943652386188724, 0.9468109741293304, 0.937858206480423, 0.920263389169105, 0.9355761120282229, 0.9687325324893601, 0.9491147521946721, 0.9155466512780427, 0.9029740833724657, 0.9004271101021082, 0.8969725975634731, 0.8589835593456873, 0.9114121817797434, 0.8862037266876959, 0.9146105800982903, 0.8836728357291486, 0.9187185675588233, 0.9152240334033649, 0.8786064761115989, 0.8251517060694281, 0.8469660949168378, 0.8884826514570567, 0.9239078160109362, 0.8974959545114847, 0.8216508175526519, 0.9056053368130121, 0.8486392692967533, 0.9195701328290934, 0.9093390552546006, 0.9145951125706363, 0.9112892193365277, 0.920011555836669, 0.8951078859274637, 0.9042168707539924, 0.9147213384658701, 0.920040038399, 0.8491572303304996, 0.898461205665041, 0.8305619074555978, 0.8563443276658322, 0.8796757249413675, 0.875511107487182, 0.9049243985801079, 0.9446139476318351, 0.9515443422318117, 0.952425597150629, 0.9554264716626754, 0.9485917976452487, 0.9348126700667837, 0.9606679511185214, 0.9547824575006051, 0.9223272157659866, 0.9222241706107746], "val_source_regression_loss": [0.0134250567872313, 0.009789304171181932, 0.010304954828387952, 0.024015803951062734, 0.08483963709654688, 0.007545938738916493, 0.10831729096325138, 0.007108485361537601, 0.00798574654102514, 0.008783384002273596, 0.05090708870299255, 0.005061295039692446, 0.006232563370862339, 0.009295201200190225, 0.013121005766612442, 0.059886712392296974, 0.010805707831595894, 0.01405102500244032, 0.011168809902347341, 0.027139872100345696, 0.013245386566636683, 0.024788196988498108, 0.017803485564227346, 0.0158120393281496, 0.009919066194303428, 0.11302525220038015, 0.012941204188273677, 0.02774228610664229, 0.009139685178340613, 0.00899352286529692, 0.1879659921308107, 0.012687598414058927, 0.010139361866808768, 0.038502658163256286, 0.02816717479896696, 0.03246791168009933, 0.02128450074999393, 0.01119807728601596, 0.009696452966832284, 0.013933936346180831, 0.009746386675470614, 0.01785195881760196, 0.049307479652800135, 0.01832017705693275, 0.05460863904673842, 0.06583577087974246, 0.012850336618485707, 0.011667533925015338, 0.010344557110455972, 0.013061430611753766, 0.05976674399232563, 0.01004773620044506, 0.01318954020927224, 0.02282150726340994, 0.010944545192384645, 0.024184578534545777, 0.012965032783678816, 0.010606193384509298, 0.012381738358283345, 0.02465544497193415], "val_target_regression_loss": [0.014674626396898227, 0.010617816213612692, 0.011287472806163604, 0.025757926810957208, 0.08862923462934132, 0.00832583571937454, 0.11056566106367714, 0.0077239513880561425, 0.00856215376524797, 0.009401766836784686, 0.051338805475189715, 0.005709320583816947, 0.0073455012922139865, 0.010154558887964562, 0.014453245680543441, 0.06224954604536672, 0.012532309027789514, 0.015968276600388787, 0.012654701088661258, 0.02919634393876112, 0.014332830622980866, 0.027550496986206575, 0.020322560273771044, 0.01745434257472995, 0.010719116069848024, 0.11392422510853296, 0.014465220968085753, 0.028792781330928018, 0.009980182646761966, 0.009953343341881526, 0.18993699267695222, 0.013070784968948817, 0.011202048775563134, 0.04097570780711838, 0.03064737898073619, 0.035466844781855994, 0.020864685537600066, 0.012759809676982179, 0.011074003274257801, 0.01593206083708549, 0.010355192702263594, 0.02038440374728245, 0.05090778971774668, 0.01917604981815513, 0.05962344174143634, 0.06994726244784609, 0.014897674675795097, 0.013450788970612273, 0.011874151292339534, 0.014080542180970122, 0.06322673462991472, 0.012042610139786443, 0.014176580595159078, 0.02410584855588931, 0.013167503201461669, 0.026574107287805293, 0.014421468977875348, 0.012349588543035184, 0.012701640872261192, 0.025162506990040405],