{"train_DA_loss": [0.46571406569515766, 0.3153731017296885], "train_regression_loss": [2.074006853199528, 0.44764770744487614], "train_mve_loss": [0.883496187804386, 0.06467499223838252], "train_r2_score": [-5.3215408737193775, -0.3531146736588559], "val_source_regression_loss": [0.7791940901852861, 0.2846752190137211], "val_target_regression_loss": [0.7236893282660956, 0.2971612575310695], "val_source_r2_score": [-1.3842716219677729, 0.1322331960875101], "val_target_r2_score": [-1.1479454603945873, 0.1142132657171934], "val_source_mve_loss": [0.23364228519457805, -0.021597291749630924], "val_target_mve_loss": [0.20261395034156268, -0.0199265312344496], "val_source_nll_loss": [0.468348626471773, -0.07253648394930966], "val_target_nll_loss": [0.4783958362627633, -0.042803198284811425], "da_weight": [1.4, 1.3973333333333333], "beta": [1.0, 0.9966666666666667], "epoch_no": 2}