{"train_DA_loss": [0.074045705692451, 0.03930873027108814, 0.03540397714653224, 0.027051034002093226, 0.018039567373910922, 0.017921314067403077, 0.017798688115426075, 0.019872512702423215, 0.02286352974939853, 0.01902650184486695, 0.021921510346765056, 0.029781210083017293, 0.03459399504420199, 0.03830306778169855, 0.041547407094777396, 0.04241959189815648, 0.04235764157701236, 0.04293590959100226, 0.041780782543408806, 0.04304447176251595, 0.04155815750959804, 0.04126241278087199, 0.04163046694365781, 0.04463974491674351, 0.04193432115944583, 0.042612193877616354, 0.04177060786300974, 0.04080152949846096, 0.0417766792553271, 0.041394713333036605, 0.04190679544232227, 0.04264732957281295, 0.04375689884331043, 0.0430843654672668, 0.04347288217293388, 0.0429419421435928, 0.04261594180569352, 0.04319251888521847, 0.04217405423821653, 0.0439699475314652, 0.043291229935162025, 0.04205884066643619, 0.0425263743922523, 0.04170765139680131, 0.043447986347311375, 0.04186795687667304, 0.04323217141658231, 0.04310443841084375, 0.04299754020119498, 0.04121091751078692, 0.04223691974809118, 0.041852703130713764, 0.04159096007999816, 0.04350901305866198, 0.042854198743291265, 0.04278458308231024, 0.04132850564185401, 0.042053620366743975, 0.04228061670522585, 0.04299970826226026, 0.0414045032256809, 0.04351231308698218, 0.042200462565752224, 0.041465179422628506, 0.04216756480294782, 0.04263565223153265, 0.04262839214130555, 0.042701338126683364, 0.04176695931913975, 0.042401316008739975, 0.04203751774154045, 0.04162576390426926, 0.042285708121451424, 0.042513361731901685], "train_regression_loss": [0.3390971788152426, 0.018209799403968305, 0.013946445384684276, 0.014198767006826303, 0.012644226030298463, 0.011436801892407306, 0.010585138982015456, 0.009959127610103249, 0.010260955428864665, 0.00869415259078976, 0.008313806761154936, 0.008463798418566176, 0.007379672943803412, 0.008759929483987976, 0.01007752703465317, 0.009521717606180464, 0.017037060711076534, 0.01830178025047511, 0.03418595196468112, 0.037871483722752744, 0.032419991784199555, 0.029995242599397898, 0.05420196077137695, 0.038185573967047706, 0.025306444494241007, 0.04156066499092025, 0.025576546143781277, 0.030828506371663573, 0.02824339074452137, 0.027354820683373776, 0.07143218896881263, 0.04747870672405638, 0.02965562762879857, 0.03425937659112256, 0.03370689478033721, 0.032623287682784156, 0.04485248431897087, 0.023757079718345044, 0.02915135872681409, 0.03258965059713047, 0.031139069811442707, 0.02666778999365444, 0.03190240201964239, 0.031126539985661207, 0.028568792433547745, 0.05787034671995414, 0.06214223929784742, 0.02787158375016841, 0.02576445869614508, 0.026286719717643816, 0.01186911879325289, 0.013195558137837559, 0.011268689765354833, 0.016013616022621528, 0.013863465650827782, 0.015060547213163737, 0.01646103863936374, 0.015858390935487243, 0.014813454940036566, 0.015249663133044784, 0.015288393185141972, 0.013282247172018183, 0.02527461148767819, 0.017647237043616648, 0.0147544502483262, 0.02111907088379946, 0.014646329172125846, 0.01590647069410416, 0.01506074720149148, 0.027623396850373235, 0.01819311301998617, 0.02367746618693827, 0.02374640598695664, 0.02409291182009595], "train_mve_loss": [0.6005080581431564, -0.12668590899216356, -0.16647876338893633, -0.14943660240215156, -0.16028476857207374, -0.15615616186770528, -0.13086536727076092, -0.11698148356004869, -0.08493164197117825, -0.09820279015919409, -0.1249698691237786, -0.11256592867851693, -0.13306109609177688, -0.1619013603206322, -0.15956809004543987, -0.1547912219168969, -0.08293393459954253, -0.16030652330033957, -0.07277100881577811, 0.04671070929889106, -0.14667081509732133, -0.13404199248094664, 0.05656307799676927, 0.26840263749157817, -0.1455861196974105, 0.06594938185139197, -0.12979376962803427, -0.128466267755061, -0.1283600759799754, -0.1282797367524839, -0.08045086261545609, 0.19639534661222854, -0.13266543457812377, -0.0692905996674144, -0.1397553656600974, -0.1280364801211647, -0.036211166590438576, -0.13944146976724497, -0.13037185406676702, -0.13346243268977068, -0.1242725900689334, -0.13541126008429846, -0.057004586786671904, -0.12505659872114358, 0.5646459874015989, 0.13659884776559128, 0.013882478889353723, -0.040852503321121635, -0.12675434119413714, -0.12555355041213775, -0.10498295699065752, -0.10859120661142525, -0.10946398396113073, -0.08859369829569481, -0.08688649953593257, -0.08851236332943442, -0.13341844532727323, 0.06952732994512295, -0.07259992392132675, -0.1013142235434088, 0.1468733527018285, -0.1148021743893351, -0.09902481264494346, -0.10536046642418508, -0.10856467726686374, -0.11177652947846425, -0.11875741584209464, 0.06898041756336715, -0.11956748827249901, -0.10276789976355417, -0.13437412225707712, -0.04573787244673566, -0.10739768893667369, -0.09019323595641164], "train_r2_score": [-0.04530006250976835, 0.9446485593856297, 0.9574518622622085, 0.9568315024106998, 0.9618152807734378, 0.9652017593493721, 0.96783988641834, 0.9697568193001149, 0.9689948410914466, 0.9734233694868306, 0.9747778988636145, 0.974366720071954, 0.9776025831302321, 0.9733116406276585, 0.9694172514701067, 0.9710108102510211, 0.9483965942326854, 0.9447445188040496, 0.8961859743161873, 0.8853586893969362, 0.9015034696297971, 0.910190833805681, 0.8363663483471184, 0.8856250251591992, 0.9239145636575188, 0.8739987320580018, 0.9234589383918024, 0.9063192446785651, 0.9147891090505618, 0.917450213274598, 0.785375931981844, 0.8562669182132742, 0.9100556967991819, 0.8964542691893603, 0.8978404040859129, 0.9014722085758481, 0.8646710343183747, 0.9277470617767439, 0.9122310098189923, 0.9018950639224521, 0.9045944136524771, 0.9194888130476012, 0.903086194240849, 0.9051444620672288, 0.9128160669133518, 0.8254789393993128, 0.8130574200963617, 0.9156570099533957, 0.9213573086899494, 0.9206609290234452, 0.9640840510528327, 0.9597880836416388, 0.9659717622340012, 0.951022285366385, 0.9580155869564001, 0.9534801415805382, 0.9499408705525713, 0.9523945984504312, 0.9547240776226075, 0.9538215762479904, 0.953887764925934, 0.9597280252545028, 0.9236979509439663, 0.9466028034508007, 0.9551902499565207, 0.936125523335651, 0.9558325293640493, 0.9516491534866551, 0.9549334919655207, 0.9164908440808647, 0.9447487080937149, 0.9282642470710858, 0.9276766447223818, 0.926939785436041], "val_source_regression_loss": [0.016274939208656927, 0.012027408750845662, 0.011052786148613013, 0.022830985073896148, 0.03581412626972681, 0.009688264100894899, 0.03188005077970933, 0.045378657977415034, 0.005398560188639956, 0.005573129732326805, 0.014013795671347954, 0.021976208750488637, 0.005362725292061326, 0.005462822365822105, 0.006629355151583499, 0.00991552956166524, 0.009352574360710157, 0.010786547968046198, 0.025380035591182074, 0.014156922167520734, 0.01477262192653327, 0.028578223802054985, 0.014020697909254061, 0.01768020739708143, 0.012006568551487937, 0.018216886522271967, 0.04044109547534321, 0.011212218611772302, 0.010463244588220422, 0.023427725144768062, 0.05779256152955792, 0.01316051723883499, 0.02712467171346085, 0.16428581691240962, 0.07248314267283754, 0.013956742868110349, 0.01114058241106664, 0.010938409845568712, 0.017418024059432217, 0.009144040190060682, 0.010473867359606526, 0.010411503488975989, 0.011562843901352792, 0.026624051500347596, 0.008447093859645007, 0.011349683886841882, 0.021522054118634778, 0.02245005641038282, 0.013593157953759538, 0.02628284567802013, 0.013215473864840555, 0.017234134016252015, 0.008888484880658267, 0.008026889896704048, 0.009470347350439693, 0.02046120232796367, 0.01093902171271134, 0.02106756337364263, 0.008948641110070144, 0.011742592447354823, 0.007602337405934364, 0.01377414689175313, 0.022574424955852424, 0.008059564700845298, 0.0119666823221347, 0.007629647939406996, 0.008489099396039037, 0.012357976028247725, 0.0076712917218197, 0.16501755804955204, 0.008488763990234348, 0.011712082331599314, 0.009307639060329788, 0.006483611338359269],