{"train_DA_loss": [0.1973350404998393, 0.07012501997120638, 0.04819655818847677, 0.08557847923372737, 0.14127826228928522, 0.09597219726993571, 0.07415019564834548, 0.05933613419342085, 0.055478300599609474, 0.04793456905407378, 0.04351666024537038, 0.04131002169463382, 0.03872883338923864, 0.036691793705416774, 0.03667757297156062, 0.034775838565755585, 0.034284868030732246, 0.03385658304069116, 0.03177128418755651, 0.02947243428882722], "train_regression_loss": [0.7459225611560305, 0.1307853197294136, 0.05498326530295273, 0.09816447488446013, 0.05807963050084641, 0.028336600557146714, 0.026824186867617165, 0.021326833532295673, 0.012977878317080261, 0.011379240603412636, 0.0073402213120843255, 0.017657448335463892, 0.017381581758749987, 0.009253328490723094, 0.0169914242227509, 0.029563366106014965, 0.01742408436534065, 0.01828420995453703, 0.01357685026356872, 0.013525290991872604], "train_mve_loss": [0.9692729605562727, 0.07058847069372534, 0.01990444253248178, 0.5156743679454437, 1.3926019614640712, 0.30762074695358654, 0.5974888083417739, 0.6311800945720464, 0.17492733775915567, 0.07271429058760269, 0.021040806362926417, -0.012493780044535724, -0.07412374839935813, -0.053209093367847765, -0.041576001922543786, 0.050708708583191715, -0.1722916173501795, -0.20301985520855872, -0.17392349723808237, -0.17489788671734127], "train_r2_score": [-1.2768572789548374, 0.6050398241779544, 0.8338964903908255, 0.7032114670357328, 0.8246466931836903, 0.9139349310873951, 0.9182282377792808, 0.9353975668031765, 0.9607492009532391, 0.9656286587201524, 0.9777559641603165, 0.946640799865767, 0.9475188667402592, 0.9720292538597535, 0.9486792500714767, 0.9108046568344957, 0.9472919747171423, 0.9445512619679309, 0.9588807828835666, 0.9590042677841795], "val_source_regression_loss": [0.21135706784604472, 0.09567353218982491, 0.031821801881246926, 0.10803978626109377, 0.04729644822168954, 0.014526098129587084, 0.02961163076607487, 0.017929508126800574, 0.009390479083396967, 0.008072688462377726, 0.009297274766324819, 0.02099890740517574, 0.012225375145296508, 0.007614304134740105, 0.0068918390175964255, 0.023930311792447596, 0.01685424361236488, 0.013921619121786914, 0.016860055972975265, 0.015611035867205149], "val_target_regression_loss": [0.27183398698704153, 0.10533074317853662, 0.04512538027631331, 0.18212630816652806, 0.0806303951842121, 0.058893953556124166, 0.05677527392023726, 0.03450888989469673, 0.021365800011855892, 0.020516838748715346, 0.01545380430791197, 0.03017025875941485, 0.017456107772886753, 0.012770570973759587, 0.01048835645771668, 0.02560713684445695, 0.01842733665923529, 0.016960056144979935, 0.019884776772011684, 0.01897905346100466], "val_source_r2_score": [0.35595022661356945, 0.7080481125284984, 0.9027842902217321, 0.6679678945769572, 0.8551342115475868, 0.9554942110088124, 0.9092702696840811, 0.9451094001472287, 0.9716082254498292, 0.9754099619813787, 0.9713634056720325, 0.9354665846333432, 0.962435943486235, 0.9765805176732142, 0.9789885426920196, 0.9263555620609027, 0.9483457311699214, 0.9574126329038741, 0.9482246133911091, 0.9513893459843793], "val_target_r2_score": [0.19542577938801756, 0.6855899608024338, 0.866856833014877, 0.457812876045108, 0.7598395608407833, 0.8237065329373446, 0.8307559900888896, 0.8974963464197944, 0.9367702283697954, 0.9385606940328891, 0.9538753948088827, 0.9102774240041164, 0.9483470782693395, 0.9619996077422207, 0.9687795702696494, 0.9240880057142202, 0.9448221107558573, 0.9494233188437959, 0.9407437138109211, 0.9437360076452657], "val_source_mve_loss": [0.24941269015964074, -0.07912566133220739, 0.33209766805926455, 2.0686833134180382, 0.3730799985837333, 0.15352434450406818, 1.2221641208552108, 0.23619521946846683, 0.17359872322671022, 0.06044957440205013, 0.061699754977009344, -0.065400764758734, 0.008586767356536245, -0.019643897918654205, 0.11734677235819871, -0.04357747601557382, -0.21496479618775693, -0.10002114397438266, -0.24428242086609708, -0.08707072675416741], "val_target_mve_loss": [0.4122150944003576, 0.345107223036923, 1.0940510958810397, 2.4946645000312904, 0.9615389108657837, 1.9740267433697665, 1.1851810330077062, 0.3933396858127811, 0.5836828981019273, 0.2211367696335044, 0.28210464044462275, -0.0340664061611589, 0.08355774520012209, 0.07481256417953704, 0.19965543579074402, -0.03864973264781735, -0.20676028587018389, -0.09006800988241087, -0.2415571378756173, -0.0810359330447037], "val_source_nll_loss": [216.90580260027437, 1818.7737603097964, 32241.177190466773, 27539.01229974288, 16853.607100474685, 21335.12425212619, 8023.8176547666135, 12829.634110462817, 18657.21363231804, 12015.593546034415, 11513.279661540744, 5120.464933371242, 7344.656605394581, 4527.659306393394, 12726.673593255538, -0.07006453468075281, 800.3516263712811, 2262.1239241587964, -0.6921251657642896, 1230.3200804576088], "val_target_nll_loss": [9133.897997119098, 33777.785589994506, 91175.36773140823, 95226.6212420886, 59634.035502373416, 160422.14453125, 11261.754292548458, 28351.86759543117, 49879.37717563291, 23462.463755933546, 27837.687982100473, 6688.092671454708, 12195.43046627769, 10918.998365184929, 19050.714361649527, -0.06550172940368139, 1337.2492168481592, 2796.426411423502, -0.6835019339489031, 1373.7744870532918], "da_weight": [1.4, 1.4, 1.4, 1.4, 1.4, 1.4, 1.4, 1.4, 1.4, 1.4, 1.4, 1.4, 1.4, 1.4, 1.4, 1.4, 1.4, 1.4, 1.4, 1.4], "beta": [0.7, 0.7, 0.7, 0.7, 0.7, 0.7, 0.7, 0.7, 0.7, 0.7, 0.7, 0.7, 0.7, 0.7, 0.7, 0.7, 0.7, 0.7, 0.7, 0.7], "epoch_no": 20}