{"train_DA_loss": [0.04001658555831917, 0.01253861741041952, 0.01353532483484562], "train_regression_loss": [0.12320442893925435, 0.016791992453888904, 0.01202084911541104], "train_mve_loss": [0.005547905238847533, -0.06776200362361569, -0.06315532039309948], "train_r2_score": [0.6234951747477255, 0.9490847110040163, 0.9634606502675853], "val_source_regression_loss": [0.01674761715097518, 0.01604682304955359, 0.008888639922289155], "val_target_regression_loss": [0.025656898505985737, 0.02062260522212409, 0.010631390841371274], "val_source_r2_score": [0.948577886231746, 0.9508932635153398, 0.9728259055488492], "val_target_r2_score": [0.9236174802481217, 0.938219706655907, 0.9687811856311641], "val_source_mve_loss": [-0.04045120322534555, -0.09973087623904023, -0.056199442217998864], "val_target_mve_loss": [-0.029736865123238743, -0.09793728571149367, -0.05509441258692289], "val_source_nll_loss": [32379.44825454905, -1.291775362401069, -1.6966736693925495], "val_target_nll_loss": [40542.21219837816, -1.2534019645256331, 309.6123655581776], "da_weight": [1.4, 1.4, 1.4], "beta": [0.9, 0.9, 0.9], "epoch_no": 3}