{"train_DA_loss": [0.09121073628188378, 0.028753968701447603], "train_regression_loss": [0.1599154561328986, 0.026167770561641268], "train_mve_loss": [0.12612002446542628, -0.0578294726641137], "train_r2_score": [0.5117768553150788, 0.9206302763512761], "val_source_regression_loss": [0.031483241463009314, 0.02334308877728785], "val_target_regression_loss": [0.0394103838767432, 0.029139157172433938], "val_source_r2_score": [0.9037100738334453, 0.9285184874395774], "val_target_r2_score": [0.8827389539843247, 0.9123122560582123], "val_source_mve_loss": [-0.04996965905722184, -0.04912958164475387], "val_target_mve_loss": [-0.05573108881900582, -0.041361844839080224], "val_source_nll_loss": [24809.108732199365, 45790.15113231804], "val_target_nll_loss": [27833.77107644383, 60178.473546281646], "da_weight": [1.4, 1.4], "beta": [1.0, 0.998], "epoch_no": 2}