{"train_DA_loss": [0.1962670124590506, 0.07015135846827758, 0.047634596199178605, 0.03745802621981997, 0.04071742818917282, 0.03618610759267423, 0.043459007169172795, 0.0446900884285433, 0.03394886406080651, 0.08027591021864298, 0.047294416626612275, 0.03336323418874137, 0.030666197946387082, 0.02935537296965364, 0.030831509755015155, 0.03002551130242169, 0.030347584012957115, 0.03248806275134494, 0.03131018406192226, 0.02937264103183635, 0.026289439925300792, 0.02522720927900381, 0.024431207157685073, 0.02272568864090678, 0.021017518771345806, 0.01829281675082783, 0.018196758537483444, 0.01880807403757678, 0.01590339022039877, 0.014013245714559362, 0.013848735161731785, 0.013951921714657077, 0.01262088251339316, 0.012645227694117772, 0.010954154895404031, 0.011868007010329086, 0.01203053543843002, 0.00846685520781909, 0.0083291172952318, 0.009125264072909924, 0.007861414159796246, 0.007004595645984305, 0.007790674715961791, 0.007420951077013091, 0.007143576183378479, 0.010928199570319552, 0.008662107042198698, 0.007999035016032552, 0.007645123033789438, 0.00943699848439742, 0.00822193813518752, 0.00813672874442947, 0.007216012890244642, 0.007482588579333379, 0.006983238692485627, 0.006645530564421056, 0.006354424259259316, 0.005966855994965438, 0.006186281743338519, 0.005920285004884059, 0.008119365009283426], "train_regression_loss": [0.7446490535189072, 0.09886503005076806, 0.04498867031997257, 0.03461184619263605, 0.048582501491528325, 0.05054282792035143, 0.07251950676197108, 0.10386580389531047, 0.05800379901593194, 0.08241404813988444, 0.06752649681060362, 0.05513746089130041, 0.04523698072301622, 0.034038846777714585, 0.03151634431544562, 0.02939778231629179, 0.02146701269376158, 0.033185970348048904, 0.03109570389521569, 0.026203295181912303, 0.02157653264966972, 0.022083492758913713, 0.021097466545400824, 0.018955578697228997, 0.015893846894980457, 0.013744261988372265, 0.01650958446789213, 0.014439608108327201, 0.013146231299984717, 0.011276888051555514, 0.011966087130942063, 0.011692463616130556, 0.009825633064940763, 0.008505011092312975, 0.008624469887778517, 0.012253183319865022, 0.01142800633558898, 0.006741476133278481, 0.009313020438476852, 0.008779624830744138, 0.007142495730435527, 0.00643516374178149, 0.00721924893738501, 0.007166674762446658, 0.01243379771099911, 0.012870096435542244, 0.009575459718367109, 0.016124048090235106, 0.01125046209869753, 0.012838874694974701, 0.01245663370988187, 0.010320373297493626, 0.007618500484184275, 0.007746953218817793, 0.006899682174554228, 0.0060970058134319416, 0.006418825862707887, 0.00604595080736541, 0.005707434993628855, 0.007686506408152649, 0.0051930804723717095], "train_mve_loss": [0.9583398011160617, 0.00020671808765264707, -0.04605843740646511, -0.043543732299859306, 0.16828632002127727, 0.37107505301401783, 1.2061735114024805, 1.0922895695544248, 0.1505999391578424, 0.6650997982105032, 0.9981348657302926, 0.6215565282531369, 0.33893212706014053, 0.03039969762164071, -0.17639394513104908, -0.1775615099388459, -0.19316787711622183, -0.14928413311554156, -0.18543035673893565, -0.20483542465259214, -0.17762376982344133, -0.20546398453509787, -0.16904143446297054, -0.20580618707990952, -0.181269037195054, -0.14855338162802145, -0.15605948037268694, -0.11222258734583201, -0.13990582271702112, -0.09458710891884195, -0.14883691816841008, -0.11824236091709878, -0.07484635339208778, -0.08326721430877036, -0.12680660349774894, -0.14782190545831536, -0.09979501236877124, -0.09348683028228214, -0.13153410034843294, -0.0951755766704052, -0.09638712320721946, -0.06118410732597113, -0.14905879941770647, -0.21374712630738615, -0.1619548805439385, -0.23595168656742768, -0.11824739597788016, -0.12464988885117079, -0.09387051174842788, -0.0902920338149409, -0.14246873306944777, -0.12861309952053226, -0.062467771636788655, -0.06787384499095966, -0.06106197485322273, -0.06704010012248017, -0.07813937524827351, -0.10873100464615351, -0.056700659670630364, -0.14159428306993171, -0.030957455268398718], "train_r2_score": [-1.2730711482719221, 0.7014606953809447, 0.8638101412565542, 0.895234561544102, 0.8529137527887044, 0.8468613196078041, 0.780202201348158, 0.6845877961287635, 0.8247118967581524, 0.7485611546612931, 0.7948624737171567, 0.8328708005758447, 0.8630228732497724, 0.8967430340674277, 0.9044555702646225, 0.9109047186431836, 0.9348656920345558, 0.8990916785353339, 0.9058245635426048, 0.9205264688987427, 0.9346021173916805, 0.9330902579495925, 0.9359103154388425, 0.9425190943881444, 0.9517465221609448, 0.9582998274479879, 0.9500145003705313, 0.9562136482712495, 0.9601745670312557, 0.9657841992481068, 0.9637050734351679, 0.9644905896948814, 0.9701662452425392, 0.9741900567930444, 0.9738272788442432, 0.9628196152410768, 0.9653079956562847, 0.9795304700907088, 0.9717615354482079, 0.973357320625359, 0.9783346221397787, 0.9804196514337026, 0.9780585684104215, 0.9783092184301687, 0.9622019636379807, 0.9609371988439825, 0.9708730334231491, 0.9510616554822269, 0.9657883956605287, 0.9611079633640227, 0.9622725430578011, 0.9687451831260087, 0.9768721826043808, 0.9764452354803488, 0.9789807069585882, 0.981512038018771, 0.9805683293317721, 0.9816556111154706, 0.9826432356638429, 0.9767363022918649, 0.9842808226221406], "val_source_regression_loss": [0.2063381977473633, 0.05263795312258262, 0.045051698466833635, 0.027111523584285868, 0.02189955888669702, 0.11678452497418923, 0.030028281756971455, 0.09041938270571866, 0.037889127371997774, 0.08408099328038059, 0.057532764594011666, 0.0533607787912405, 0.03918962140532234, 0.031241896409022658, 0.025762268625011173, 0.02543735270730302, 0.018872028476075282, 0.03394139037007773, 0.030577129012421718, 0.02869969113623794, 0.019601027375157877, 0.021023128830085072, 0.016779855577440203, 0.01745775710979972, 0.01409712333609409, 0.015766027218461792, 0.021782655787618854, 0.01266406776524986, 0.011807962674411792, 0.01055885936852686, 0.01298196487647446, 0.01098301442033505, 0.010143807039985174, 0.008759938451591173, 0.01872539633437048, 0.012387898644503159, 0.008145779730822844, 0.008149812864493343, 0.010023785584099307, 0.008609024076899396, 0.005750310792929575, 0.005510237448129661, 0.009235614492216064, 0.00937907803284971, 0.019410685494636433, 0.016722875788713558, 0.006888867792072175, 0.016054649790159508, 0.009885845717655706, 0.009294278253624333, 0.014898621606864507, 0.00843980296550295, 0.007923278957605362, 0.007732596389855011, 0.006227844506737929, 0.0076340948190257146, 0.037248760249607174, 0.00513176937717237, 0.006120117325217852, 0.006306210774456775, 0.005434589884892295], "val_target_regression_loss": [0.25398451127583466, 0.07753675652644303, 0.05901655965024912, 0.0368420472250709, 0.03525422687960576, 0.13092148360572284, 0.03499687887445281, 0.09904524551916725, 0.042547304984889456, 0.119405190448595, 0.08183416714773903, 0.06842533885678158, 0.05061213540125497, 0.04668984955907622, 0.035493816755994965, 0.03230397617798063, 0.022774875765265542, 0.048419683087098445, 0.03904508440932141, 0.03369847192322906, 0.024406953938776933, 0.027797437732732747, 0.02403762224542944, 0.022397917636399027, 0.018117891377003134, 0.01774410414214753, 0.024233410547522805, 0.016161353244811674, 0.014818783201088634, 0.014063509652697587, 0.014574802822515935, 0.014515351209365115, 0.013271564228719548, 0.011121667703448595, 0.016586841756029973, 0.016043478646610355, 0.009958437755939704, 0.010016978170156857, 0.01052615471490765, 0.010063050727395318, 0.008423232526483037, 0.006420364691816931, 0.012022663385289001, 0.027549350805156216, 0.019772892134099065, 0.019490823314725597, 0.009008672436156983, 0.019894601965818225, 0.014212060460372817, 0.013103894853988026, 0.015712528742991293, 0.010405043328676042, 0.011265519923895975, 0.011218154272418233, 0.009972906241169836, 0.012122450732402031, 0.04002347489512419, 0.007144029756206312, 0.008261144173013258, 0.009308382945394591, 0.007215248585879048],