{"train_DA_loss": [0.19992169386399075, 0.08758928741531027], "train_regression_loss": [0.754608963617895, 0.1360853211903158], "train_mve_loss": [0.9881884281334538, 0.6478153463296416], "train_r2_score": [-1.3029693310564732, 0.5885899886440639], "val_source_regression_loss": [0.24588078826288634, 0.049338232254302956], "val_target_regression_loss": [0.23599255122715915, 0.06330826685209817], "val_source_r2_score": [0.2500245416352919, 0.8491466539866186], "val_target_r2_score": [0.30102200568211185, 0.8110218767883862], "val_source_mve_loss": [0.2443271206479661, 0.5577594939666458], "val_target_mve_loss": [0.2329516075079954, 0.625658421199533], "val_source_nll_loss": [14652.090232380337, 0.25744160160988194], "val_target_nll_loss": [14699.043939483317, 45.48188470219132], "da_weight": [1.4, 1.4], "beta": [0.7, 0.7], "epoch_no": 2}