{"train_DA_loss": [0.46571406569515766], "train_regression_loss": [2.074006853199528], "train_mve_loss": [0.883496187804386], "train_r2_score": [-5.3215408737193775], "val_source_regression_loss": [0.7791940901852861], "val_target_regression_loss": [0.7236893282660956], "val_source_r2_score": [-1.3842716219677729], "val_target_r2_score": [-1.1479454603945873], "val_source_mve_loss": [0.23364228519457805], "val_target_mve_loss": [0.20261395034156268], "val_source_nll_loss": [0.468348626471773], "val_target_nll_loss": [0.4783958362627633], "da_weight": [1.4], "beta": [1.0], "epoch_no": 1}