{"train_DA_loss": [0.19508937598500653, 0.06547248312416852, 0.047338554482409895, 0.04304498840647816, 0.06393853902912118, 0.03689707133755551, 0.032299155417073795, 0.03200663637431165, 0.032139017936216846, 0.036168936330150864, 0.0371929566278863, 0.0403215190399118, 0.03597003496652112, 0.03434820042436149, 0.03413758596143186, 0.042421303900602315, 0.040864310358434755, 0.03793507675475133, 0.036303933829041894, 0.03847291635884009, 0.03559905375393152, 0.0346411054466989, 0.03395981777976974, 0.03335968849727615, 0.033722507128904025, 0.03242917889065128, 0.03322114742665774, 0.031744331938693034, 0.03252738995147253, 0.032171586659520704, 0.031765724959658966, 0.030669208190368124, 0.03175336886810265, 0.031222106114206956, 0.031350686310209895, 0.031404715981436605, 0.03135024313176463, 0.03180012107065707, 0.030410690612791336, 0.031393803979595354], "train_regression_loss": [0.7462842813412058, 0.11378272616694353, 0.049709790156408466, 0.05628881652514285, 0.12058706465134673, 0.07319523326684832, 0.038111658833267156, 0.02672953715878224, 0.013974241015094398, 0.026069589409554953, 0.015943753141467162, 0.04394024681602988, 0.03010994510748977, 0.032196974378399267, 0.024074713731869046, 0.06482754356927584, 0.030161001494791107, 0.035031431151972825, 0.025328808058890935, 0.020360097655144536, 0.012347534280168182, 0.0144978170904588, 0.014012814001427109, 0.010536848715552464, 0.007895807154183795, 0.006633563951710051, 0.0064357023126866255, 0.006211120119808715, 0.0060014793946419655, 0.005719751683174474, 0.005492079752740847, 0.005226654604577904, 0.0050450431142969425, 0.0047937817160734805, 0.004562409032796811, 0.005543496092812072, 0.0048156659475526, 0.004362274969670874, 0.004182243846540749, 0.004060073516040468], "train_mve_loss": [0.966157994142834, -0.023977104295215396, -0.04814114420584503, 0.3290574155429504, 0.5049388734742972, 0.1687653811416083, 0.04721441759320974, 0.03008976040264997, 0.032112019281269104, 0.18964175943802816, 0.06916780051327492, 0.1353215287725562, -0.1356992032327834, -0.02787078819361088, -0.18465218240807219, -0.05224820099565859, -0.16554329345271782, -0.0693240314992349, -0.20058678029959773, -0.19431790806543783, -0.1019495792850389, -0.13746652822308175, -0.1723778775332996, -0.10238210540911834, -0.07255150234731939, -0.06213147540523976, -0.06070534677893414, -0.074633360862514, -0.062323799884624415, -0.05666424777406443, -0.05637428686840007, -0.05326176541678648, -0.0652420491565843, -0.05135603978467162, -0.05190629001291404, -0.15672426412675455, -0.14805433385659833, -0.05599115464761444, -0.0481098926604012, -0.04783379815695926], "train_r2_score": [-1.2781626114391604, 0.6564001090377818, 0.8496598439013314, 0.8293242236436948, 0.6355048582132036, 0.7784512739452757, 0.8846156416152399, 0.9191295163293514, 0.9577271284890585, 0.9213478535729931, 0.9516830381926235, 0.8675236947286261, 0.908319367346144, 0.9027605343414516, 0.927142081503762, 0.8042911700397407, 0.9087195785303948, 0.8939411216020564, 0.9233829567589233, 0.9382727684998903, 0.9625602798896601, 0.9561422918023379, 0.9575194445639338, 0.9680139832101247, 0.9760624846181698, 0.9799227618855534, 0.980499918670573, 0.98118750749662, 0.9818002919442708, 0.9826816617891113, 0.9833594364498867, 0.9841542382913635, 0.9847311707729064, 0.985452746810185, 0.9861821024057057, 0.983190632120448, 0.9854174268486375, 0.9867800360098633, 0.987326610788464, 0.9876835112773279], "val_source_regression_loss": [0.2102346680586851, 0.06479931174765659, 0.0375537640309032, 0.08487622350265708, 0.09870421240412736, 0.05245032897101173, 0.03372554431516159, 0.016340817619539514, 0.010185980491481627, 0.011731555980123296, 0.010950656766897137, 0.029438475689178782, 0.023847344814787938, 0.02332376696971021, 0.02228281519646886, 0.028184992933197865, 0.045698130008163335, 0.025247375256841696, 0.03227710466879078, 0.015465939417481422, 0.010171443088380973, 0.015343507574989071, 0.014238691647077285, 0.009964235910933606, 0.007340652225656977, 0.006691622801266516, 0.006469275943840606, 0.006629738947848165, 0.006076548664087925, 0.005775089965119392, 0.005528328969744565, 0.005193016276683045, 0.005320114118954803, 0.004851935811553009, 0.004602704978182535, 0.005196704750267576, 0.004694293880882331, 0.004416030949523932, 0.004314349274610794, 0.004085747920023867], "val_target_regression_loss": [0.2603883286820182, 0.08691482972117918, 0.05541670793973947, 0.10890569679344757, 0.09406312526781348, 0.05202204139926766, 0.044711169244462175, 0.02196961002353626, 0.019127423238433614, 0.018246903107796288, 0.014093005846997228, 0.03419150819978382, 0.028133219343763363, 0.026609227391360683, 0.023771490830975243, 0.03297129396019103, 0.05302902975980239, 0.030291915458591678, 0.039300076356982884, 0.020277785361284696, 0.013183293946653227, 0.019835993246753003, 0.016126888155748573, 0.012401321502048758, 0.009979925760881433, 0.008659207503771103, 0.008216369649560391, 0.008168799667088668, 0.007828425627814817, 0.007694012862689133, 0.007051725117371807, 0.006810753573840366, 0.006691012186693806, 0.0061617654901516584, 0.00603528973304584, 0.00685309206689649, 0.006139328891906558, 0.005980456890420446, 0.005577216770712145, 0.00552747128943948], "val_source_r2_score": [0.35864572580248255, 0.8022747815064624, 0.8852903406757134, 0.7394217232701116, 0.6977145004946399, 0.8400645911901778, 0.8965381518202691, 0.95013110679535, 0.96923708275982, 0.964354884290861, 0.9663988185846808, 0.9089094906735342, 0.9266374748859453, 0.9281382027566509, 0.9320554409582157, 0.9132753147907252, 0.8600990842265908, 0.9227883289548764, 0.901072034424208, 0.9514811519358984, 0.9688614742179248, 0.9529194582883584, 0.9561483429228951, 0.9696704968904125, 0.9772878715106401, 0.9794419334369329, 0.9801732765079274, 0.9796643968770719, 0.9813815446202094, 0.9823276075802979, 0.9830341313136519, 0.9841643629381565, 0.9836779088138962, 0.9850784156582268, 0.9858639651113127, 0.9839569978314257, 0.9855418820734226, 0.986602320807091, 0.9867318522582031, 0.987555195991545], "val_target_r2_score": [0.2291877972305611, 0.7405617202618903, 0.8360849089674358, 0.6767709001045614, 0.7206691805834243, 0.8446926136443786, 0.867152435204279, 0.9348683771668858, 0.9432332687174648, 0.9456124661505828, 0.9580794985202076, 0.8976898935510347, 0.9164829062401574, 0.9209555792849895, 0.9291413797693685, 0.9024083780586305, 0.8416026536672954, 0.9099470126621244, 0.8830838485553185, 0.93987121692172, 0.9603592522281904, 0.9411011054363165, 0.9521032277271357, 0.963023760681271, 0.970153473624197, 0.9741556430081343, 0.9754863633050241, 0.9756106983735824, 0.9766335692913805, 0.9770853161462594, 0.978993941284715, 0.9796990966016356, 0.9800850797912477, 0.9816500521834272, 0.9821261173510515, 0.9795186770121103, 0.9816610772859664, 0.9821984970051723, 0.9834509442919434, 0.9835367594213321], "val_source_mve_loss": [0.1394919666308391, -0.08938555263831646, 0.028020826775486334, 0.9934148946894875, 0.29018921942650516, 0.0035207533289360097, 0.027745500887755917, 0.08389139755428592, 0.07016349828483749, 0.14299197174325773, 0.05245166319080546, 0.05600092361999463, -0.2137247446594359, -0.08774182058965103, -0.18630331509475467, -0.17271395518055446, 0.0520127251555648, -0.17107533484320098, -0.200272634059568, -0.11721259242371668, -0.08340413849565047, -0.08181294020784052, -0.12039783163161218, -0.10736558765550203, -0.05729587569455557, -0.0569097750549075, -0.06026369479449489, -0.10977963160110425, -0.057119769056009344, -0.054516376573828206, -0.05382906725700898, -0.05533917111497891, -0.04810228533571279, -0.052445472890063176, -0.045431100916636144, -0.2101242589422419, -0.05865503328887722, -0.04804557000723066, -0.04583644617018821, -0.043733914583166944],