{"train_DA_loss": [0.12523270030276104, 0.036784476694230406, 0.024353008407425183, 0.020194461536840614, 0.030026485482860743, 0.0182247484150518, 0.014697053043216031, 0.022582458306641965, 0.015572548676214064, 0.01906613631929923, 0.02076879062330592, 0.017734582101759353, 0.015184632523778751, 0.014670194116449988, 0.01334584111490813, 0.011406619806639455, 0.011328357625991051, 0.00949210770618872, 0.009642632006900811, 0.009469536500020971, 0.008126073900841762, 0.006756896579593856, 0.008551995473414986, 0.00790917634039477, 0.00665907240455708, 0.005854576303822821, 0.004868556572536391, 0.005108667108301802, 0.00378870577538655], "train_regression_loss": [0.20948831394478215, 0.07221155494138244, 0.028531656905300438, 0.02585118341938996, 0.021397117404454477, 0.019642233475702226, 0.015273283819720776, 0.019568800692952203, 0.011518736111963853, 0.022527423269290758, 0.016564143894808928, 0.012347614255578851, 0.017464820628430716, 0.013715173133139854, 0.010303648072933366, 0.009907505769534565, 0.008519502370269251, 0.007442772893279355, 0.007745569505451257, 0.007036946728396514, 0.006621297428442312, 0.005958130265632048, 0.008530984107418567, 0.011063449118810771, 0.007753364674975139, 0.006839519707993408, 0.0064838067926398365, 0.006355698824855048, 0.0057109612643793635], "train_mve_loss": [0.13817937763780697, 0.04303048287945675, -0.052865612531298775, -0.07968174406434571, -0.041394768026316885, -0.04829094884448925, -0.056378803244226665, 0.06950585791092856, -0.05803457023654647, -0.011620436734187892, -0.14268412771319777, -0.04920576978304595, -0.02505136693111013, -0.05385238921756718, -0.04310264710466321, -0.07575731919618695, -0.03537685515689348, -0.03237606447625912, -0.02753674037587681, -0.031723992971633606, -0.049892854276223884, -0.036968836985644245, -0.05630226820161212, -0.04748344501579211, -0.034178547996183146, -0.034698265007061975, -0.037879390584158505, -0.033614303699611145, -0.01924512422961988], "train_r2_score": [0.358157419037639, 0.7813857154251523, 0.9135766511089831, 0.9215825440111284, 0.9352082923666716, 0.9405233055213289, 0.9536942983918134, 0.9405137799910366, 0.9650862624952936, 0.9316543521948509, 0.9496711679875915, 0.9625794939923301, 0.9471910091798584, 0.9583446830669978, 0.968738447549309, 0.9699266487467251, 0.9741344962499203, 0.9773907659158858, 0.9765010927162702, 0.9786462039800893, 0.9798432518366503, 0.9819225268682141, 0.9741155934879916, 0.9664637631111361, 0.976439920323853, 0.9792859282526569, 0.980300963699557, 0.980799180392461, 0.9827014774258479], "val_source_regression_loss": [0.05226129057663906, 0.038893827343288855, 0.02448924240667986, 0.022877392241188996, 0.01715732858622376, 0.01622289474581993, 0.06800401262656043, 0.01188400355933965, 0.012932585929579373, 0.018090687680376482, 0.015201766857335085, 0.01069869088669178, 0.021623614491729795, 0.011065463511909865, 0.009050567033170144, 0.010022542150573263, 0.008918556202014413, 0.006983843201747801, 0.007429513408319105, 0.006627362138957162, 0.007437010283900212, 0.005237938414763989, 0.016211821261463286, 0.007890241273643472, 0.007701355138722854, 0.005743842760596095, 0.005724187129872698, 0.00523124640524576, 0.00504596677278699], "val_target_regression_loss": [0.06813696479495568, 0.04806899477409411, 0.03258597954541822, 0.033224699948030186, 0.06998444457031504, 0.0407079621866534, 0.09261835979509957, 0.02148457578843153, 0.017556509285976615, 0.026210110351631913, 0.021682667557763147, 0.012594669986563393, 0.02278059439238491, 0.013666074840894228, 0.011282156551657598, 0.01586031877211755, 0.01402537217599493, 0.011713809905502992, 0.009667085200736794, 0.007832343884614072, 0.008090549160408068, 0.006740302174599676, 0.018763964429874963, 0.009915483514247815, 0.00799880940702897, 0.0069529452314010904, 0.006835614095288742, 0.006959019228816032, 0.006290159409252714], "val_source_r2_score": [0.8398981743843045, 0.8810262271486548, 0.9250824657374838, 0.9296697756621827, 0.9473200950530363, 0.9503400719472372, 0.7908461202632939, 0.9635846012262143, 0.9607455999300982, 0.9445471482473486, 0.9530351540406317, 0.9666850751916682, 0.9328093880072054, 0.9658446475630745, 0.9723650150824222, 0.9684596101909542, 0.9726759498612181, 0.9786182026602339, 0.9770984852137145, 0.9792699198414034, 0.9771490592577324, 0.9840063313907047, 0.9500219402219362, 0.9760239445116027, 0.9755975892223545, 0.9823074000759274, 0.982579947947972, 0.9839267597188943, 0.9845521020945799], "val_target_r2_score": [0.7972117831080887, 0.8556481714507164, 0.90366239807439, 0.9006841664028009, 0.7893621325395597, 0.8773982914920305, 0.7244918318311748, 0.9363779042772881, 0.9482060967053108, 0.9213986826788113, 0.9323969497134096, 0.9623157371337601, 0.9323810387623898, 0.9593683668549834, 0.9661760736782662, 0.9535747726890579, 0.9556280730618094, 0.9646790750431637, 0.9711835891268144, 0.9767105083039681, 0.9755251695278649, 0.9799244862068882, 0.9440987794125617, 0.9704048025640835, 0.97591217450883, 0.9792166800557379, 0.9795863385326865, 0.979389142409114, 0.981190034670639], "val_source_mve_loss": [0.05700314101539081, -0.039915338618374326, -0.029915154781899874, -0.06017932951261726, -0.07513773827990398, -0.00575646015526609, 0.46846517694147327, -0.019949238290538705, -0.17720389215252066, -0.03664215399494654, -0.06853525373566, -0.03501792426539373, -0.09748739815210994, -0.04178173028970066, -0.035550415963877605, -0.03164413719897783, -0.021602491980795807, -0.026304214296838904, -0.02147805994918829, -0.02249224186886715, -0.020552203106352047, -0.0185322134955963, -0.190865121121648, -0.02508112741044805, -0.021941059162910982, -0.020032798470575597, -0.013104424387499501, -0.02468790833048428, -0.017744178636164606], "val_target_mve_loss": [0.06002488560220109, -0.029621002665143226, -0.02617413312479665, -0.05063680768060156, 0.009216585774210435, 0.0399596948409453, 0.4727364472950561, -0.0022798695460056204, -0.1704933078417295, -0.031982120173641396, -0.06369902849008766, -0.034500667400941064, -0.093575807406178, -0.04154357606474357, -0.03497279409460629, -0.02885825512341306, -0.01884204897251499, -0.023961453238808657, -0.02082724277448805, -0.022820257947226114, -0.020382143486338326, -0.018275529393761217, -0.18943641004683096, -0.024761203087017507, -0.022813387781004363, -0.019642203881204884, -0.013231165306288985, -0.023972030021721803, -0.01733330373145357], "val_source_nll_loss": [0.013793741526742336, 32743.30587420886, 39945.76495747627, 16539.185002966773, 17840.828186807754, 33291.068272844146, 11161.214642874802, 27732.47144481804, 592.3466245977185, -0.044784265935798234, 393.12529001658476, 523.7408305964892, -1.0093354560151886, 69.92274731774873, -1.8417633198484589, -1.7403788400601736, 316.1460608198673, -2.03452562984032, 16.69073959694633, -2.0942068477220173, 337.7791944523401, -2.2152073662492295, -0.6381411484525173, 319.4121829520298, 167.14458543514903, 79.1983148372626, 1211.0778806798066, 1.8541576771796504, 5.192993403990058], "val_target_nll_loss": [0.5092463506020228, 58349.3691159019, 50334.04544106012, 34376.921170391615, 165100.55231408228, 110013.25890031646, 26241.500933297073, 73542.88884493671, 11522.47168598107, -0.04043552152152303, 411.3378378556499, 2093.8960195900518, -0.989137057262131, 79.7945341143427, 24.374978251095058, 3.40573658822458, 161.72460799277584, -1.8789412235911889, 61.56701705727396, 5.614453344405452, 376.144595441939, -2.1212648409831374, -0.6333785705928561, 180.08849498893642, 111.44398335565495, 94.1299215766448, 21.27211798444579, -2.126682619505291, 23.603829094126255], "da_weight": [1.4, 1.4, 1.4, 1.4, 1.4, 1.4, 1.4, 1.4, 1.4, 1.4, 1.4, 1.4, 1.4, 1.4, 1.4, 1.4, 1.4, 1.4, 1.4, 1.4, 1.4, 1.4, 1.4, 1.4, 1.4, 1.4, 1.4, 1.4, 1.4], "beta": [0.9, 0.9, 0.9, 0.9, 0.9, 0.9, 0.9, 0.9, 0.9, 0.9, 0.9, 0.9, 0.9, 0.9, 0.9, 0.9, 0.9, 0.9, 0.9, 0.9, 0.9, 0.9, 0.9, 0.9, 0.9, 0.9, 0.9, 0.9, 0.9], "epoch_no": 29}