{"train_DA_loss": [0.03653736191016828, 0.009209594170442039, 0.008412315479140913, 0.009203154746088892, 0.006024985959612078, 0.0056532106676838705, 0.006534498758695788, 0.022205395878154708, 0.03836785415417329, 0.03771251207111161, 0.037981328982655535, 0.03746434031531106, 0.03856098821337319, 0.03806620930773555, 0.03810763355409233, 0.027749712111588425, 0.038038719611044915, 0.03729180102583474, 0.033705989916496475, 0.03931600843761389, 0.0379413358741176, 0.03818542229341959, 0.039124450215582876, 0.03175666149000346, 0.03892484508898327, 0.03929244945510214, 0.038662145714491766, 0.03787612985526731, 0.03825600413506394, 0.03803831216635717, 0.037798556388514135, 0.03720441601840163, 0.0388119010462458, 0.03696939512645448, 0.037389719545487074, 0.03703025312348519, 0.027937303363197438, 0.037837956969028634, 0.036295058301069404, 0.025014414598652838, 0.03753691545510546, 0.036717515074438545, 0.037107380342004066, 0.036666057350103774, 0.03769863207553815, 0.0374367830140935, 0.037957777656100596, 0.03764322657185782, 0.03742889131690074], "train_regression_loss": [0.09115431567916214, 0.022056718865984974, 0.01355030337243019, 0.010890578657858604, 0.009858368014000779, 0.009439886605513488, 0.01127664484994544, 0.04355768529081911, 0.08507770187539854, 0.07782838742165286, 0.07698602136394768, 0.07942250060424944, 0.07437046219882516, 0.08146325307447035, 0.07570870184225509, 0.07055511650964753, 0.07269760811364302, 0.06531812236142061, 0.0711837906196332, 0.07087844389557185, 0.06777054207293927, 0.06738288167326062, 0.05577155301207762, 0.054221419966566826, 0.06155842385328012, 0.05656282112880915, 0.06119381335191088, 0.061612311297758626, 0.05696553073762158, 0.052315543090730526, 0.08681855016682549, 0.04681554058876563, 0.04727312753579734, 0.05038036085951263, 0.04918798490153316, 0.0500274351925693, 0.04887854706809279, 0.04826513552524054, 0.0507279989961705, 0.046294756950487057, 0.048913380650418656, 0.046051559862518986, 0.04701001739888784, 0.04968669055918507, 0.04829575127702363, 0.08196280329527378, 0.061727827544267914, 0.044735188721943056, 0.04250230621614611], "train_mve_loss": [-0.04071601315348714, -0.06744314662308111, -0.049106680622575054, -0.043538947914040886, -0.033562449378336454, -0.03216860702425629, -0.0372920610476498, -0.048937023434510465, -0.0651026385912069, -0.06465548505156149, -0.06403490023302694, -0.06484256049880326, -0.02346182642785502, -0.06542053376303192, -0.06584533118945929, -0.05844514884518194, -0.06503424889934156, -0.059081750514983475, -0.0658543641075417, -0.0663748184177289, -0.06807849558421038, -0.0667793292218523, -0.06618828677327135, -0.06800400840596958, -0.06899293249139266, -0.06649259965968109, -0.06834214101930726, -0.06918383482673378, -0.06884283900398835, -0.06722793424198953, -0.06115585621284624, -0.06565181310101321, -0.06675672201717262, -0.07086119577041751, -0.06837781068572682, -0.0691060872438408, -0.0744239305634685, -0.07546313246073613, -0.0698514824736969, -0.06776024646788045, -0.07247055648746041, -0.07589685160818235, -0.07273496590300176, -0.07205463772743065, -0.07660346202625956, -0.06337181193765995, -0.07195455480751733, -0.0719728594427925, -0.08327884280882177], "train_r2_score": [0.7215040729566949, 0.9330135334890204, 0.958897544328718, 0.9669684188245184, 0.9701378855539777, 0.9713211873260987, 0.9656707914919378, 0.8671945849915043, 0.7417780473280446, 0.76435549912191, 0.7670490830136277, 0.7589851286125614, 0.7755832993237128, 0.7529054028762503, 0.7708243168114575, 0.7853010358928375, 0.7801839058658923, 0.8015757058711481, 0.7848017813924837, 0.7856303847632345, 0.7948216033553932, 0.7962257445373208, 0.8305483859890573, 0.8358478535604588, 0.8136196620101469, 0.8289472161534069, 0.814933658243076, 0.8129487227238209, 0.8273776845940068, 0.8420303450197419, 0.7378321801580482, 0.8580988634005932, 0.8573073744048607, 0.8474286548441501, 0.8514787953354871, 0.848737754180286, 0.8517244452941757, 0.8538237201497143, 0.8461684259439258, 0.8592710212161785, 0.8520763295950798, 0.8605717075154139, 0.8578460249516318, 0.8493105394507384, 0.8540324929774089, 0.7492203182858165, 0.8148154113026717, 0.8651718543147535, 0.8710643730291704], "val_source_regression_loss": [0.023013218058438242, 0.011273557662115068, 0.010030133549501247, 0.00945810545707428, 0.009733813007279664, 0.007520511864295489, 0.009032603883762149, 0.14971518733456166, 0.10905682371009755, 0.08809478430053856, 0.05626803513946412, 0.11689607056352912, 0.050151870031900046, 0.049088187091335465, 0.09256747256540045, 0.05519676387687273, 0.07152299498078189, 0.08239578281210948, 0.06688708392313764, 0.08826043942495237, 0.15653535761410678, 0.15159253257362149, 0.031074929534445836, 0.06681877270906786, 0.03426588946788371, 0.112414818304249, 0.04710044834432723, 0.05653931695637824, 0.019955592430373537, 0.028505709093016914, 0.0731642081201831, 0.06990769873314266, 0.06142219118302381, 0.06975752063378503, 0.06770866510422924, 0.06683954398466062, 0.05823008928306495, 0.04183617198863362, 0.03259313377681412, 0.056787853423930425, 0.08472534415276745, 0.08362499237815037, 0.05118508264422417, 0.08565818084568917, 0.10097080686047108, 0.04984827584858182, 0.0183264284005648, 0.02571425103594231, 0.02743284156711041], "val_target_regression_loss": [0.024169046643979942, 0.014844986209292201, 0.011166967710928071, 0.01331605393250909, 0.013446559740489797, 0.01528558267657704, 0.011537837766440986, 0.15244269795432874, 0.11180575625805915, 0.08839018275088902, 0.05859583121123193, 0.12213714147293114, 0.053690446847224536, 0.052679615260302265, 0.09676500570170488, 0.05657874830538714, 0.07473259216433839, 0.08102329721367812, 0.07067240505844732, 0.09224343139536773, 0.16017876574887505, 0.15738396629502502, 0.0349689015199112, 0.07156972695566431, 0.03792213367982001, 0.11667352245201039, 0.051565011609581456, 0.060293012027499045, 0.02074787300080061, 0.02849027919995634, 0.0738880342414862, 0.07435893281539784, 0.06258232613341717, 0.07323950288605087, 0.07162474836163883, 0.07128959724420234, 0.06068746646559691, 0.045402713450072685, 0.03435073175196406, 0.05772191559589362, 0.08808549474689024, 0.08761349183660519, 0.05460765316516538, 0.0890610843330999, 0.10458137604254711, 0.05543061807940278, 0.02005017239930509, 0.029007508443031883, 0.0298691252364388], "val_source_r2_score": [0.929253850919334, 0.9654931242740555, 0.9694526109549062, 0.970826303800743, 0.9698994223521453, 0.9769153634642795, 0.9723159034684047, 0.5408993055367824, 0.6655601856288359, 0.7300646307126122, 0.8271794325019098, 0.6419011806409209, 0.8462456406803515, 0.848757127243142, 0.7170889867682966, 0.829737902893603, 0.7810083264272507, 0.7468212094741877, 0.7953389500457602, 0.7284478033447137, 0.5218480973424694, 0.5365335908143265, 0.9051203917681194, 0.7977708070740741, 0.8949770597090517, 0.6550704991206732, 0.8563496816404811, 0.827882494775903, 0.9387136221528346, 0.9127185696327369, 0.77578831685977, 0.7876030935809131, 0.8119861655597891, 0.7854695620135509, 0.7919321479077318, 0.7941001622543892, 0.8212862011145594, 0.8728164742486719, 0.8999894325597313, 0.8263798122357963, 0.7415600327723432, 0.7426425964951885, 0.8425305328790555, 0.7363115501640808, 0.69118345733745, 0.8480954315964371, 0.9439721009666505, 0.9214983013521255, 0.9158468701686865],