{"train_DA_loss": [0.19992169386399075, 0.08758928741531027, 0.05153722208422324, 0.041192778568353905, 0.04000301457178767, 0.038377418868938355, 0.03711123157708039, 0.03777242647705283, 0.03786616916793792, 0.036850810953342715, 0.036766251841972034, 0.03652165753858835, 0.03693508278830505, 0.03621268896232793, 0.036752923168718706, 0.03627900106379493, 0.0357190839558077, 0.03605791037626414, 0.03571775859354619, 0.036426061968671555, 0.03581349746795742, 0.03582668817947726, 0.03612753847644577, 0.03647143731550935, 0.03704685618389241, 0.037061922562051514, 0.037582365543985065, 0.03685346442245805, 0.03797542476103772, 0.03814914138473475, 0.038310042856571004, 0.0383352096340665, 0.03931909522392414, 0.03941189833121609, 0.03982551159912642, 0.03955394823369749, 0.03922982989951723, 0.039855048060417175, 0.03959808298395146], "train_regression_loss": [0.754608963617895, 0.1360853211903158, 0.035298785887713076, 0.01602783262511712, 0.008257731528853967, 0.010088567824189772, 0.005094474416491754, 0.0037961843284357753, 0.00296251722815799, 0.002503653913540544, 0.0022024612199562778, 0.0021420304452356843, 0.001833322581514151, 0.0017129588305866738, 0.0015432351086649642, 0.0014791607609234913, 0.0013472443649552121, 0.0013071634800095023, 0.0012055212748662604, 0.0011194461507133635, 0.0011135703677411994, 0.0010301459130960461, 0.0009949758031253977, 0.0009458285849626556, 0.0008844076447236528, 0.0008934315481206991, 0.0008402432678343976, 0.000772514690121915, 0.0007931294788647328, 0.0008055794543767147, 0.0007568378937562631, 0.0007577492748863887, 0.000733278873840507, 0.0007049983644102899, 0.0006981435120344108, 0.0007026050183615584, 0.000654838431272843, 0.0006710483576703163, 0.0006457398203116462], "train_mve_loss": [0.9881884281334538, 0.6478153463296416, 0.5216390409624336, 0.5688987144386528, 0.36998557393359094, 0.2666800036154674, 0.23073395507808578, 0.2119793831021738, 0.15861876849663978, 0.15132391301598366, 0.13559849182964462, 0.12907967102838172, 0.11173516727806881, 0.1068087880051877, 0.09648074781763924, 0.09267962182543396, 0.08443633232000106, 0.08202883319919027, 0.07571272016715742, 0.07033867040952119, 0.06994621010950104, 0.06472355425630234, 0.06252857101519321, 0.05943493629504383, 0.055562904700500654, 0.056136737289877656, 0.05278873282878011, 0.048525470909977525, 0.04982309480294776, 0.050606774826835454, 0.04753867476170634, 0.047596042819144084, 0.046055721929484136, 0.04427556886288322, 0.04384408152272322, 0.04412491674070167, 0.041118187662997234, 0.04213854209800852, 0.0405454637629186], "train_r2_score": [-1.3029693310564732, 0.5885899886440639, 0.8929619453755131, 0.9514237070765562, 0.9750173572930372, 0.9693443033477875, 0.9845216249868802, 0.9884672690660596, 0.9910063819844465, 0.9924073839159291, 0.9933020058603848, 0.9935011183876479, 0.9944440784951752, 0.9947999852689335, 0.9953207986977408, 0.9955132325611059, 0.9959092171823913, 0.9960315182259086, 0.9963399574037568, 0.996605484615834, 0.9966262083057629, 0.9968796930408483, 0.9969794322359197, 0.9971287907400856, 0.9973157678377027, 0.997291840989797, 0.9974511141944583, 0.9976598329786555, 0.9975974098006432, 0.9975563594698421, 0.9977064835613101, 0.9976984688927133, 0.997777061387399, 0.997862001073814, 0.9978831538305655, 0.9978660246039357, 0.9980139740451753, 0.9979636982096954, 0.9980438873191385], "val_source_regression_loss": [0.24588078826288634, 0.049338232254302956, 0.023359222455492504, 0.012013842764345906, 0.008712510890740006, 0.006677706743578745, 0.003904062617994562, 0.003085761264709261, 0.0027056565387410265, 0.0026651768682854652, 0.0022342427842955612, 0.0025600890755724114, 0.0016748963684268014, 0.0018933694780202983, 0.0016568184821406685, 0.001739966594673033, 0.0013073421941032703, 0.0011511155348153243, 0.0011184014942897838, 0.00105212768245064, 0.0010859275109995205, 0.001068771082194687, 0.0009919514133936809, 0.0008475784259506419, 0.0009426199772124049, 0.0011315093688148109, 0.0010617921973248544, 0.0010350545944905357, 0.000748713717050261, 0.0008432634574172523, 0.0012024839724048594, 0.0009515372523448512, 0.0007318208488500147, 0.0008956025902747731, 0.0007371601926404512, 0.0007457294283269705, 0.000582377274544273, 0.0007380997154955999, 0.0005878162057480857], "val_target_regression_loss": [0.23599255122715915, 0.06330826685209817, 0.02857708610311339, 0.015288018362148654, 0.016536295119248614, 0.008364511742197637, 0.007406710393585359, 0.005926820950559046, 0.004240323756998287, 0.0053953052899222585, 0.004625639580543848, 0.002726131376716061, 0.002518424059889173, 0.0029171611818991886, 0.0025596455936143293, 0.002182138921645812, 0.002018355438780464, 0.0019885879702559567, 0.0024127143441074633, 0.0020535051928762395, 0.002083415162596333, 0.0015656320905737297, 0.0016156893630240915, 0.0016799065272642087, 0.0014957342402938801, 0.0014342662879808135, 0.001305304133905027, 0.001308945563173841, 0.0013602263260267297, 0.0019035368724549307, 0.0024764228028634305, 0.0012800044091300497, 0.0011146004515098808, 0.0012693015093726543, 0.001423932817511119, 0.0013292493575688782, 0.0012310734807065677, 0.0011914724482612424, 0.0011025497953619666], "val_source_r2_score": [0.2500245416352919, 0.8491466539866186, 0.9285605480492617, 0.9629531511988506, 0.9733384496095643, 0.9795228566657294, 0.9880313374703827, 0.9905356333432013, 0.991825808923273, 0.9918497975221046, 0.9931159881015408, 0.9919741814520132, 0.9948447877987977, 0.9941619130188925, 0.9949345530562463, 0.9946614759826476, 0.995970399775241, 0.9964763157948638, 0.9965644965517337, 0.9967313331280409, 0.9966712217030821, 0.9967227981331168, 0.9969289029941427, 0.9974199245115819, 0.9970930519290468, 0.996520754182315, 0.9967495688566697, 0.9968283923735274, 0.9977051925620503, 0.9974282418675473, 0.9963003861626354, 0.9971022207356856, 0.9977578418711571, 0.9972354663256023, 0.9977381465826062, 0.9977015315216986, 0.9982020987348167, 0.9977453182670637, 0.9981924972427236], "val_target_r2_score": [0.30102200568211185, 0.8110218767883862, 0.9150972614287869, 0.9544697634270595, 0.9505334508566291, 0.9750273292537431, 0.9779244072973381, 0.9824051405981635, 0.9873820138605909, 0.9838571005713421, 0.9861250800143866, 0.9918454164104006, 0.9925291491006217, 0.9913301531510063, 0.9923571839246694, 0.9935009212200112, 0.9939198728534494, 0.9940747092165217, 0.9928039337184934, 0.9938996971351219, 0.9937106845350515, 0.9953454097346501, 0.9952119004822392, 0.9949912835658694, 0.9955256822449706, 0.9957127132354927, 0.9961038605037182, 0.9960950911876256, 0.9959448573041927, 0.9943585798720886, 0.9925953332922195, 0.9961799943172887, 0.9966897360437587, 0.9962076921000657, 0.9957637462038225, 0.9960263994754313, 0.9963404760556164, 0.9964459172218963, 0.9967183195275842], "val_source_mve_loss": [0.2443271206479661, 0.5577594939666458, 0.6299392433860634, 0.5301576173758205, 0.3419483136149901, 0.24352073424224613, 0.2069334617898434, 0.17274818899510783, 0.1437665109251496, 0.16190095972033997, 0.1370166606163677, 0.12844686662848992, 0.10414886069071444, 0.11872849962379359, 0.10396264036056362, 0.10906180569642707, 0.08177205896641634, 0.0721490179907672, 0.07020052927958814, 0.0661260696434522, 0.06825364310341546, 0.06717370945630194, 0.062338196684288076, 0.05325045375318467, 0.059232966149155096, 0.07112285075119779, 0.06673441407612607, 0.06505138158232351, 0.04702728798117819, 0.05297884189441234, 0.07559043876355208, 0.0597942757738542, 0.04596394474936437, 0.05627339625660377, 0.04630003626682336, 0.04683943800156629, 0.03655702698551401, 0.04635917626415627, 0.03689938750636729],