{"train_DA_loss": [0.19547155252921733, 0.06539222514307913, 0.045140297477298724, 0.03679165354090482, 0.03304383196822032, 0.030927792048486974, 0.02946755634978332, 0.023953781245272927, 0.020847678473951393, 0.01900062004148524, 0.016781206269130464, 0.014571130782250022, 0.017509860380755318, 0.032308292760764, 0.03428669697460352, 0.03448067108336053, 0.033577396287506195, 0.03391201230586665, 0.032831567586476235, 0.0317566140743834, 0.03381800906940396, 0.03407644640851827, 0.035452339604115576, 0.03862576589492274, 0.040770461105178, 0.041453780429318576, 0.03957535994240854, 0.038888333954421, 0.03936803148177468, 0.038926712473959985, 0.03854649541201496, 0.03897749839973733, 0.040025639441375105, 0.03945269948126956, 0.03979561725798211, 0.039090990441318405, 0.039014839742611926, 0.03924847530776557, 0.03752541313223691, 0.03906789869819197, 0.03787696286967838, 0.03688156834958458, 0.037367007924989544, 0.03666429298587647, 0.036856287150512666, 0.035665327717143175, 0.03592556639075606, 0.0371733198565528, 0.038450997949354825, 0.03736716229298324, 0.037334768363773495, 0.0367802237577641, 0.035882686457206825, 0.03729130139393933, 0.03688627898938259, 0.03632029115990267, 0.03568823102323621, 0.036922338130923035, 0.036400314321710814, 0.03673887396507115], "train_regression_loss": [0.7559638725665195, 0.11428318590851981, 0.05401239239047171, 0.034723267630015035, 0.0272588413072515, 0.030290880710417762, 0.07598810039556005, 0.040976773835105694, 0.028483605540103842, 0.02496451322820167, 0.023234621591021527, 0.019166564774891905, 0.02069087115914937, 0.05067315874399934, 0.023201037017829457, 0.016933882365537844, 0.014145004880568609, 0.01421239971944303, 0.010710302665421034, 0.02161593379033985, 0.012098753993387524, 0.015374413635275263, 0.009383347549457001, 0.010691068617037924, 0.012673596608907094, 0.0132439638789355, 0.01619866881536582, 0.014085516025409294, 0.013928402853717643, 0.014531643131587797, 0.013825906983745272, 0.02042496705196212, 0.014254525892089174, 0.013622908559295824, 0.013786241794396635, 0.019113449240188495, 0.013675497818424944, 0.013748540243362051, 0.013619864856657424, 0.014515465325497131, 0.0144525523590336, 0.014302517828860165, 0.014217902363960715, 0.014396071937139498, 0.01737922166305606, 0.014127673540380145, 0.014561098852148876, 0.013920227731399278, 0.014294859244942774, 0.013608899892016673, 0.011218425466200607, 0.011709433836416363, 0.011126145980128477, 0.011024912441288967, 0.011785065129542319, 0.011120692689748144, 0.01231595350112732, 0.012448660925480194, 0.011197122128874444, 0.011219375783839762], "train_mve_loss": [0.9410671864958033, -0.04762196140423403, -0.10711600725629267, -0.07843752089892965, -0.09333649126325871, -0.04588874511274303, -0.044550344800845576, -0.1545487876089334, -0.171150629517624, -0.18101706173631893, -0.19369633781163523, -0.11938075044139593, -0.024562398521263677, 0.034195116342265006, -0.21001511989280555, -0.16007469091870885, -0.13368058820992326, -0.14928045718363694, -0.0855055572379932, -0.22118542334524544, -0.10056714361475634, -0.14748092821817949, -0.06774514472244862, -0.12250665743823352, -0.0775013643315222, -0.07955309723791627, -0.10196425632268899, -0.08162572642131087, -0.08205491221991709, -0.09195395045014783, -0.08553926529911035, -0.11329775141131548, -0.08427768790416787, -0.08269475479789037, -0.08453006806768054, -0.12903271163294477, -0.08438971435048462, -0.0835196759272537, -0.08339066337623806, -0.08549255163662503, -0.08616363752286002, -0.08654429670593529, -0.09034141502470813, -0.08786066321884256, -0.1003193050960055, -0.10513316758889603, -0.08801527670712314, -0.08519028755112583, -0.08652299290805565, -0.08555209934983872, -0.07776778602676374, -0.08187176221624098, -0.07915223109445635, -0.07903297385796769, -0.08519626779471554, -0.081723532464076, -0.10410860941066002, -0.08884082781917108, -0.07866572221260947, -0.08154794702841006], "train_r2_score": [-1.3074530562997175, 0.6548835403344216, 0.8367477518263953, 0.8949548213721069, 0.9176928758835046, 0.9084381276946244, 0.76985924158678, 0.8758380323820925, 0.9137387604504624, 0.9244152328443287, 0.9295145498056372, 0.9418973783471288, 0.9372282459979734, 0.8462736365888867, 0.9296165166733115, 0.9486299255200338, 0.9570845647866845, 0.9568342324717293, 0.9675483761617902, 0.9344011476518455, 0.9633684219487575, 0.9533128905445445, 0.9715244136160366, 0.9676476636260279, 0.9615513122368313, 0.9599226203604284, 0.9509383051135255, 0.9573011572144685, 0.957830374282676, 0.9558897055387174, 0.9581191561575135, 0.9383027337518117, 0.9568386437371534, 0.9586323423604249, 0.9582353620455635, 0.9422521280139173, 0.9586577269698306, 0.9583404074654576, 0.9588441213312741, 0.9560029093986203, 0.9561306507416418, 0.9567746878213512, 0.9568701781459237, 0.9563632680910218, 0.9471760862728642, 0.9572687790941062, 0.9557524663471633, 0.9577754867036994, 0.9566292833598644, 0.9588109058918767, 0.9660338606566703, 0.9645373906942553, 0.9662783863983391, 0.9665922986955953, 0.9642828244428291, 0.966284524707911, 0.9626760919452887, 0.9622629126153341, 0.9660905755268658, 0.9659930458859677], "val_source_regression_loss": [0.21401939758017094, 0.06894975768614418, 0.044018962102223044, 0.03018251591939715, 0.02368819609850268, 0.06428622643027125, 0.07238730264804032, 0.033040424620237534, 0.0282898000618325, 0.02236047989535558, 0.022292618580822703, 0.01608734258415201, 0.032456207454581804, 0.02578114013222954, 0.020264428439019603, 0.01299132770988383, 0.019102047704443147, 0.011989018443641784, 0.009472840011732864, 0.014687629793829557, 0.010109854390538192, 0.010368296788133021, 0.00922134532770024, 0.0103108158299723, 0.010539145904439913, 0.014735967704814069, 0.016138377387218083, 0.0187984195337454, 0.012342769799966223, 0.019598807821262488, 0.011348602297138187, 0.015252941724243043, 0.013472478394691326, 0.020514477940299845, 0.013276769909300382, 0.018711682302948042, 0.011936888682266956, 0.0146850178937746, 0.013238228321122595, 0.015038778427752513, 0.013060806985190021, 0.01400648075144125, 0.012248388585882097, 0.010986285266478229, 0.01895729863803975, 0.011705489787921498, 0.009863354489678823, 0.013740770253529655, 0.013813433237373829, 0.011624050756939982, 0.01040573369216504, 0.01043323026616362, 0.009557874932224993, 0.010629075632395246, 0.011897117253157157, 0.010481641085559055, 0.01760645325095216, 0.012371904764890293, 0.013342523947358131, 0.011769933944355838], "val_target_regression_loss": [0.2616028944148293, 0.0872671283498595, 0.05761543255818041, 0.038251906586221504, 0.030262071710032753, 0.07240549691870243, 0.07305266726997835, 0.0360841109075501, 0.03337115596366834, 0.02470452568340528, 0.026373118280044086, 0.01914041215860391, 0.0353853429514396, 0.030242876963147633, 0.023128716110051434, 0.014837764097448391, 0.02058035160025841, 0.01236041672409901, 0.010790885078331714, 0.015920854821989808, 0.010812855579100455, 0.011614335441513907, 0.009473193330760998, 0.01113295049960666, 0.011736428477105838, 0.016394295541074456, 0.016992099748193462, 0.019717070215110537, 0.012856563069869447, 0.02154135653348286, 0.012040281915872158, 0.01560555676682086, 0.01448273386429005, 0.02194544858051629, 0.015246477944752838, 0.01968737347405168, 0.01288596261292696, 0.01552557005676665, 0.015557311711054815, 0.016304229003011803, 0.01584577699533746, 0.016243072309165815, 0.014125941739759491, 0.012862941368093973, 0.022947306332143046, 0.013859982048220273, 0.011622742124939267, 0.016988818604451946, 0.01593304243929024, 0.01426170635496891, 0.012157570759329614, 0.013681519092826904, 0.012621383235754468, 0.012552855943058487, 0.014538228234771309, 0.013020884446045267, 0.02059069437363857, 0.014154274040196516, 0.016353337223865564, 0.014130789998777305],