{"train_DA_loss": [0.1962670124590506, 0.07015135846827758, 0.047634596199178605, 0.03745802621981997, 0.04071742818917282, 0.03618610759267423, 0.043459007169172795, 0.0446900884285433, 0.03394886406080651, 0.08027591021864298, 0.047294416626612275, 0.03336323418874137, 0.030666197946387082, 0.02935537296965364, 0.030831509755015155, 0.03002551130242169, 0.030347584012957115, 0.03248806275134494, 0.03131018406192226, 0.02937264103183635], "train_regression_loss": [0.7446490535189072, 0.09886503005076806, 0.04498867031997257, 0.03461184619263605, 0.048582501491528325, 0.05054282792035143, 0.07251950676197108, 0.10386580389531047, 0.05800379901593194, 0.08241404813988444, 0.06752649681060362, 0.05513746089130041, 0.04523698072301622, 0.034038846777714585, 0.03151634431544562, 0.02939778231629179, 0.02146701269376158, 0.033185970348048904, 0.03109570389521569, 0.026203295181912303], "train_mve_loss": [0.9583398011160617, 0.00020671808765264707, -0.04605843740646511, -0.043543732299859306, 0.16828632002127727, 0.37107505301401783, 1.2061735114024805, 1.0922895695544248, 0.1505999391578424, 0.6650997982105032, 0.9981348657302926, 0.6215565282531369, 0.33893212706014053, 0.03039969762164071, -0.17639394513104908, -0.1775615099388459, -0.19316787711622183, -0.14928413311554156, -0.18543035673893565, -0.20483542465259214], "train_r2_score": [-1.2730711482719221, 0.7014606953809447, 0.8638101412565542, 0.895234561544102, 0.8529137527887044, 0.8468613196078041, 0.780202201348158, 0.6845877961287635, 0.8247118967581524, 0.7485611546612931, 0.7948624737171567, 0.8328708005758447, 0.8630228732497724, 0.8967430340674277, 0.9044555702646225, 0.9109047186431836, 0.9348656920345558, 0.8990916785353339, 0.9058245635426048, 0.9205264688987427], "val_source_regression_loss": [0.2063381977473633, 0.05263795312258262, 0.045051698466833635, 0.027111523584285868, 0.02189955888669702, 0.11678452497418923, 0.030028281756971455, 0.09041938270571866, 0.037889127371997774, 0.08408099328038059, 0.057532764594011666, 0.0533607787912405, 0.03918962140532234, 0.031241896409022658, 0.025762268625011173, 0.02543735270730302, 0.018872028476075282, 0.03394139037007773, 0.030577129012421718, 0.02869969113623794], "val_target_regression_loss": [0.25398451127583466, 0.07753675652644303, 0.05901655965024912, 0.0368420472250709, 0.03525422687960576, 0.13092148360572284, 0.03499687887445281, 0.09904524551916725, 0.042547304984889456, 0.119405190448595, 0.08183416714773903, 0.06842533885678158, 0.05061213540125497, 0.04668984955907622, 0.035493816755994965, 0.03230397617798063, 0.022774875765265542, 0.048419683087098445, 0.03904508440932141, 0.03369847192322906], "val_source_r2_score": [0.3707775212644939, 0.8390784515949129, 0.8624913658000928, 0.9166858129476982, 0.9329828335530367, 0.6438946542443235, 0.907763466092519, 0.7231193021144949, 0.8844821546055116, 0.7426479749124095, 0.8229002348875111, 0.8343261140902629, 0.8792460454540256, 0.9036035716628318, 0.9213532779777867, 0.9217968806478039, 0.9421240176532378, 0.8962535619814188, 0.9063140773509588, 0.9103343154199522], "val_target_r2_score": [0.2482693324123619, 0.7683419548588818, 0.8254124643910967, 0.8904122691121455, 0.8949206119227849, 0.6095796500414866, 0.8967369583424892, 0.7055783043721403, 0.8738950611843272, 0.6426725301754489, 0.7550637935245519, 0.7956375701610278, 0.850304669139803, 0.8603686400266718, 0.8942341414568411, 0.9044564846482199, 0.9308071822499097, 0.8556945831642424, 0.8835590074699683, 0.8997369143139706], "val_source_mve_loss": [0.12542995547616406, -0.05853549110455603, -0.1033359345378755, 0.09917969186495565, 0.2664980616632707, 1.9413164642792713, 0.28862898037592066, 0.4031521391265, 0.032629902173965414, 1.3105229758009125, 0.7801442742347717, 0.4795840197726141, 0.18595872970321511, -0.11356630044270165, -0.10439323294389097, -0.21034148307163505, -0.16225127640027034, -0.19800052914438368, -0.22524826983107796, -0.23207983846151375], "val_target_mve_loss": [0.6476937932304189, 0.5154400829555867, -0.043829634809229946, 0.2831096101222159, 1.1718795797492885, 1.9428129482872878, 0.49992385751838925, 0.38731019406379025, 0.04120337531041307, 1.3428178391879118, 0.7970418771610984, 0.4887381637398201, 0.19427619874477386, -0.10269829897280736, -0.11107197142194343, -0.20958407355260245, -0.16150955799259717, -0.18536103601697124, -0.21767383644097968, -0.2276526870606821], "val_source_nll_loss": [4700.308404002539, 5415.0582416714, 35.66592656698408, 16227.918117088608, 28945.49766366693, 37.53986439976511, 23340.28137979628, 184.16100341480674, 727.086195966111, 0.570437564880033, 0.4187065261074259, 0.3058748879010164, 0.1406303376336641, -0.22074120689796495, 2808.7818453643895, 724.6607191751275, 393.7829759815071, -0.48940355076065545, -0.48695065741297566, -0.5635815892792955], "val_target_nll_loss": [43493.92648233097, 49278.903926028484, 3044.984545414961, 31132.833502274527, 98133.54806170886, 612.155462898031, 38741.95360710048, 86.39445140511623, 1248.9514844472274, 0.5820374662363077, 0.42690260274500785, 0.31111900866786135, 0.1461364108173153, -0.20787123666156695, 2185.0735171316546, 376.31013721227646, 222.05977652721768, -0.4713301296475567, -0.4741811480703233, -0.5540493975711774], "da_weight": [1.4, 1.4, 1.4, 1.4, 1.4, 1.4, 1.4, 1.4, 1.4, 1.4, 1.4, 1.4, 1.4, 1.4, 1.4, 1.4, 1.4, 1.4, 1.4, 1.4], "beta": [0.7, 0.7, 0.7, 0.7, 0.7, 0.7, 0.7, 0.7, 0.7, 0.7, 0.7, 0.7, 0.7, 0.7, 0.7, 0.7, 0.7, 0.7, 0.7, 0.7], "epoch_no": 20}