{"train_DA_loss": [0.074045705692451, 0.03930873027108814, 0.03540397714653224], "train_regression_loss": [0.3390971788152426, 0.018209799403968305, 0.013946445384684276], "train_mve_loss": [0.6005080581431564, -0.12668590899216356, -0.16647876338893633], "train_r2_score": [-0.04530006250976835, 0.9446485593856297, 0.9574518622622085], "val_source_regression_loss": [0.016274939208656927, 0.012027408750845662, 0.011052786148613013], "val_target_regression_loss": [0.02174374418733995, 0.014568245403845853, 0.011626596350364293], "val_source_r2_score": [0.9500989715822983, 0.9632970040355491, 0.9661447096078181], "val_target_r2_score": [0.9352261877828143, 0.9557066184378445, 0.9653920503003806], "val_source_mve_loss": [-0.22741702944040298, -0.24625112531305868, -0.2074720182373554], "val_target_mve_loss": [-0.22141442268709594, -0.244132652690139, -0.20686309548872936], "val_source_nll_loss": [728.1018292149411, -0.8019069335128688, -1.1686849065973788], "val_target_nll_loss": [799.5468719065943, -0.7952870409699935, -1.165701790700985], "da_weight": [1.4, 1.4, 1.4], "beta": [0.7, 0.7, 0.7], "epoch_no": 3}