{"train_DA_loss": [0.19508937598500653, 0.06547248312416852, 0.047338554482409895, 0.04304498840647816], "train_regression_loss": [0.7462842813412058, 0.11378272616694353, 0.049709790156408466, 0.05628881652514285], "train_mve_loss": [0.966157994142834, -0.023977104295215396, -0.04814114420584503, 0.3290574155429504], "train_r2_score": [-1.2781626114391604, 0.6564001090377818, 0.8496598439013314, 0.8293242236436948], "val_source_regression_loss": [0.2102346680586851, 0.06479931174765659, 0.0375537640309032, 0.08487622350265708], "val_target_regression_loss": [0.2603883286820182, 0.08691482972117918, 0.05541670793973947, 0.10890569679344757], "val_source_r2_score": [0.35864572580248255, 0.8022747815064624, 0.8852903406757134, 0.7394217232701116], "val_target_r2_score": [0.2291877972305611, 0.7405617202618903, 0.8360849089674358, 0.6767709001045614], "val_source_mve_loss": [0.1394919666308391, -0.08938555263831646, 0.028020826775486334, 0.9934148946894875], "val_target_mve_loss": [0.1672792932655238, -0.07044061678874342, 0.25510502500530285, 1.0336392355870596], "val_source_nll_loss": [228.1527610258494, 624.3598270845375, 14619.938377670094, 0.48083253676378274], "val_target_nll_loss": [130.46695638768657, 582.3043945002594, 30942.935546875, 0.5001946665063689], "da_weight": [1.4, 1.4, 1.4, 1.4], "beta": [0.7, 0.7, 0.7, 0.7], "epoch_no": 4}