{"train_DA_loss": [0.24806253178218818, 0.19518583824337074, 0.18607989998306174, 0.18142431839565037, 0.17849397468951, 0.17725904737777967, 0.17618347633922884, 0.17740460057867183, 0.1786450522541455, 0.1771897346469177, 0.17738625055461632, 0.178728633919489], "train_regression_loss": [0.039486677889025046, 0.0014696347805501348, 0.001113062951635268, 0.0009656932653331026, 0.0008212640843549113, 0.0007246710850798246, 0.0006510918626292111, 0.0005779214688479177, 0.0005622447639172433, 0.0004980115192177002, 0.00047292979690852834, 0.00046331599186266297], "train_mve_loss": [62.43136980445882, 2.321148052076099, 1.7573585053956922, 1.5243465810523826, 1.295984002841565, 1.1432570653679819, 1.0269181011908668, 0.9112255507211798, 0.886438504971523, 0.7848768303582829, 0.7452191467885562, 0.7300183874447669], "train_r2_score": [0.873245943829128, 0.9953282720093016, 0.9964578458717769, 0.9969412736351632, 0.9974003548239165, 0.9976941776099361, 0.9979328471017369, 0.9981617088170859, 0.9982198634372496, 0.9984187674331, 0.9985023610773047, 0.9985291290915315], "val_source_regression_loss": [0.0015646193456202268, 0.0014417455583727492, 0.0010260146653529602, 0.0010169668497105602, 0.0007771143209770881, 0.000824035102476964, 0.0006775092758489743, 0.000559296364813802, 0.0007895420295388673, 0.0005163657047079888, 0.0004930634236319538, 0.00046107287089282366], "val_target_regression_loss": [0.0073540247076699814, 0.0039643999572230365, 0.0020440908858534723, 0.0021201009326911988, 0.0015566333368332824, 0.0015836823707485138, 0.0013620647766921944, 0.0012307465771962992, 0.0012879895234923844, 0.0013613703421885355, 0.0010843360969520059, 0.000953042996208966], "val_source_r2_score": [0.9950530059424822, 0.9953805262438808, 0.9966863501435793, 0.9967517924929539, 0.9975221163987469, 0.9973197806231835, 0.9978189758497685, 0.998203653050831, 0.9974462867472621, 0.9983537323454102, 0.9984282704302517, 0.9985357093620094], "val_target_r2_score": [0.9772951831683163, 0.9876616459898825, 0.9936727230411088, 0.9934377585482503, 0.9951901210999949, 0.9950174356886525, 0.9958164958205056, 0.9962091444651949, 0.9959716134770105, 0.9958066787538001, 0.9966508045865268, 0.9970621108692124], "val_source_mve_loss": [2.4713318454571804, 2.2770513376107995, 1.6197230873016504, 1.6054172390185224, 1.2261770913204826, 1.3003653629709737, 1.0686876989972478, 0.8817766796285733, 1.2458270355916252, 0.8138973438701691, 0.7770532036360841, 0.7264717023212689], "val_target_mve_loss": [11.625185034145563, 6.26571796229853, 3.229442858848328, 3.3496252945817697, 2.458704830739445, 2.5014731297477746, 2.15106493863054, 1.9434326492940275, 2.0339417139562173, 2.1499669409026736, 1.7119373583945985, 1.5043447489936512], "val_source_nll_loss": [7815.037707246531, 7200.668765912041, 5122.014246736471, 5076.775187044479, 3877.5125420421077, 4112.116452348118, 3379.487318727536, 2788.4227688822884, 3939.651124216878, 2573.7694544198034, 2457.2580513756116, 2297.3052869315347], "val_target_nll_loss": [36762.06386968351, 19813.940517047722, 10212.395238711812, 10592.445524660543, 7775.107546675319, 7910.352755123053, 6802.264790397863, 6145.673828125, 6431.888600894818, 6798.792602149061, 5413.621414720822, 4757.155918499151], "da_weight": [1.4, 1.4, 1.4, 1.4, 1.4, 1.4, 1.4, 1.4, 1.4, 1.4, 1.4, 1.4], "beta": [0.5, 0.5, 0.5, 0.5, 0.5, 0.5, 0.5, 0.5, 0.5, 0.5, 0.5, 0.5], "epoch_no": 12}