{"train_DA_loss": [0.19547155252921733, 0.06539222514307913, 0.045140297477298724, 0.03679165354090482, 0.03304383196822032, 0.030927792048486974, 0.02946755634978332, 0.023953781245272927, 0.020847678473951393, 0.01900062004148524, 0.016781206269130464, 0.014571130782250022, 0.017509860380755318, 0.032308292760764, 0.03428669697460352, 0.03448067108336053, 0.033577396287506195, 0.03391201230586665, 0.032831567586476235, 0.0317566140743834, 0.03381800906940396, 0.03407644640851827, 0.035452339604115576, 0.03862576589492274, 0.040770461105178, 0.041453780429318576, 0.03957535994240854, 0.038888333954421, 0.03936803148177468, 0.038926712473959985, 0.03854649541201496, 0.03897749839973733, 0.040025639441375105, 0.03945269948126956, 0.03979561725798211, 0.039090990441318405, 0.039014839742611926, 0.03924847530776557, 0.03752541313223691, 0.03906789869819197], "train_regression_loss": [0.7559638725665195, 0.11428318590851981, 0.05401239239047171, 0.034723267630015035, 0.0272588413072515, 0.030290880710417762, 0.07598810039556005, 0.040976773835105694, 0.028483605540103842, 0.02496451322820167, 0.023234621591021527, 0.019166564774891905, 0.02069087115914937, 0.05067315874399934, 0.023201037017829457, 0.016933882365537844, 0.014145004880568609, 0.01421239971944303, 0.010710302665421034, 0.02161593379033985, 0.012098753993387524, 0.015374413635275263, 0.009383347549457001, 0.010691068617037924, 0.012673596608907094, 0.0132439638789355, 0.01619866881536582, 0.014085516025409294, 0.013928402853717643, 0.014531643131587797, 0.013825906983745272, 0.02042496705196212, 0.014254525892089174, 0.013622908559295824, 0.013786241794396635, 0.019113449240188495, 0.013675497818424944, 0.013748540243362051, 0.013619864856657424, 0.014515465325497131], "train_mve_loss": [0.9410671864958033, -0.04762196140423403, -0.10711600725629267, -0.07843752089892965, -0.09333649126325871, -0.04588874511274303, -0.044550344800845576, -0.1545487876089334, -0.171150629517624, -0.18101706173631893, -0.19369633781163523, -0.11938075044139593, -0.024562398521263677, 0.034195116342265006, -0.21001511989280555, -0.16007469091870885, -0.13368058820992326, -0.14928045718363694, -0.0855055572379932, -0.22118542334524544, -0.10056714361475634, -0.14748092821817949, -0.06774514472244862, -0.12250665743823352, -0.0775013643315222, -0.07955309723791627, -0.10196425632268899, -0.08162572642131087, -0.08205491221991709, -0.09195395045014783, -0.08553926529911035, -0.11329775141131548, -0.08427768790416787, -0.08269475479789037, -0.08453006806768054, -0.12903271163294477, -0.08438971435048462, -0.0835196759272537, -0.08339066337623806, -0.08549255163662503], "train_r2_score": [-1.3074530562997175, 0.6548835403344216, 0.8367477518263953, 0.8949548213721069, 0.9176928758835046, 0.9084381276946244, 0.76985924158678, 0.8758380323820925, 0.9137387604504624, 0.9244152328443287, 0.9295145498056372, 0.9418973783471288, 0.9372282459979734, 0.8462736365888867, 0.9296165166733115, 0.9486299255200338, 0.9570845647866845, 0.9568342324717293, 0.9675483761617902, 0.9344011476518455, 0.9633684219487575, 0.9533128905445445, 0.9715244136160366, 0.9676476636260279, 0.9615513122368313, 0.9599226203604284, 0.9509383051135255, 0.9573011572144685, 0.957830374282676, 0.9558897055387174, 0.9581191561575135, 0.9383027337518117, 0.9568386437371534, 0.9586323423604249, 0.9582353620455635, 0.9422521280139173, 0.9586577269698306, 0.9583404074654576, 0.9588441213312741, 0.9560029093986203], "val_source_regression_loss": [0.21401939758017094, 0.06894975768614418, 0.044018962102223044, 0.03018251591939715, 0.02368819609850268, 0.06428622643027125, 0.07238730264804032, 0.033040424620237534, 0.0282898000618325, 0.02236047989535558, 0.022292618580822703, 0.01608734258415201, 0.032456207454581804, 0.02578114013222954, 0.020264428439019603, 0.01299132770988383, 0.019102047704443147, 0.011989018443641784, 0.009472840011732864, 0.014687629793829557, 0.010109854390538192, 0.010368296788133021, 0.00922134532770024, 0.0103108158299723, 0.010539145904439913, 0.014735967704814069, 0.016138377387218083, 0.0187984195337454, 0.012342769799966223, 0.019598807821262488, 0.011348602297138187, 0.015252941724243043, 0.013472478394691326, 0.020514477940299845, 0.013276769909300382, 0.018711682302948042, 0.011936888682266956, 0.0146850178937746, 0.013238228321122595, 0.015038778427752513], "val_target_regression_loss": [0.2616028944148293, 0.0872671283498595, 0.05761543255818041, 0.038251906586221504, 0.030262071710032753, 0.07240549691870243, 0.07305266726997835, 0.0360841109075501, 0.03337115596366834, 0.02470452568340528, 0.026373118280044086, 0.01914041215860391, 0.0353853429514396, 0.030242876963147633, 0.023128716110051434, 0.014837764097448391, 0.02058035160025841, 0.01236041672409901, 0.010790885078331714, 0.015920854821989808, 0.010812855579100455, 0.011614335441513907, 0.009473193330760998, 0.01113295049960666, 0.011736428477105838, 0.016394295541074456, 0.016992099748193462, 0.019717070215110537, 0.012856563069869447, 0.02154135653348286, 0.012040281915872158, 0.01560555676682086, 0.01448273386429005, 0.02194544858051629, 0.015246477944752838, 0.01968737347405168, 0.01288596261292696, 0.01552557005676665, 0.015557311711054815, 0.016304229003011803], "val_source_r2_score": [0.347283904440232, 0.7896504837837317, 0.8657394975375365, 0.9076073207363995, 0.9274340290231684, 0.803726659136742, 0.778728317498359, 0.8988997789185023, 0.9138625763159185, 0.9317032857498925, 0.9313933439013944, 0.9498959059412732, 0.9001823983620459, 0.9207135840164831, 0.9382818858632392, 0.9599422366248359, 0.9413982242955637, 0.9632475327645542, 0.9709690562073507, 0.9543698634137053, 0.9689808992548943, 0.9681362893438812, 0.9716261866552823, 0.968621969598002, 0.9673880300205089, 0.9549073590595266, 0.9505810685920288, 0.9424077970597833, 0.9620789652940736, 0.9398283008134091, 0.9651626475425625, 0.9535083687953669, 0.9587179176376148, 0.9367019522778341, 0.9592425467723328, 0.9422536952296068, 0.9632400574785337, 0.9553426046228485, 0.9594763176380378, 0.9542796097193126], "val_target_r2_score": [0.22577537840647213, 0.7394188945177195, 0.8294384762112021, 0.8861602078854288, 0.9102344286346804, 0.7834565830294326, 0.7845140589668556, 0.8928450206819445, 0.9006990343976307, 0.9262868168863488, 0.9213222413957851, 0.9426023323197924, 0.8949315798736467, 0.9100456690639487, 0.9309407770479751, 0.9559709187019511, 0.9381006073270534, 0.9631366368016208, 0.9677994669501591, 0.9528403465764469, 0.967557565834011, 0.9654653377034678, 0.9718979523737407, 0.9669175432377753, 0.9649225929283086, 0.9510924509866809, 0.9494363428519772, 0.9410205238563074, 0.961761141452639, 0.9357984685288621, 0.9641105059611329, 0.9534592258095071, 0.9566606079222931, 0.9347107838154671, 0.9549465096246084, 0.9411429505400399, 0.9616033524036797, 0.9538543499088702, 0.9538223126667235, 0.9516480667238357], "val_source_mve_loss": [0.08738243010460953, -0.13441691005343123, -0.1149288813901853, -0.2152509270589563, -0.00010303832897091214, 0.204603668255142, -0.1765260384241237, -0.16941623672654357, -0.2099849721298942, -0.2404925208302993, -0.2313688742586329, -0.10222409599566762, 0.13153151960312565, -0.08476580113549775, -0.21745658203770843, -0.09689734428177905, -0.2408615512938439, -0.09007349539595315, -0.06286575602768343, -0.1726947734250298, -0.07695485396852976, -0.07730589759877965, -0.07017939127510107, -0.06634986886306654, -0.08593522134838225, -0.0815033438273623, -0.06750126084006286, -0.09662418831375581, -0.10526917459844035, -0.06442548994776569, -0.08881374429675597, -0.0743697472859787, -0.07556840588774862, -0.06270286653049384, -0.07448143167774889, -0.08848202077648308, -0.09365648568808278, -0.10984312007321587, -0.11181248168024836, -0.08723645157451872],