{"train_DA_loss": [0.46571406569515766, 0.31529399270440367], "train_regression_loss": [2.074006853199528, 0.447647706545903], "train_mve_loss": [0.883496187804386, 0.06467424686236214], "train_r2_score": [-5.3215408737193775, -0.3531147728719273], "val_source_regression_loss": [0.7791940901852861, 0.28466699809967716], "val_target_regression_loss": [0.7236893282660956, 0.2971873358835148], "val_source_r2_score": [-1.3842716219677729, 0.1322587365020107], "val_target_r2_score": [-1.1479454603945873, 0.11413508729620267], "val_source_mve_loss": [0.23364228519457805, -0.02160381654843311], "val_target_mve_loss": [0.20261395034156268, -0.01992104150048351], "val_source_nll_loss": [0.468348626471773, -0.07256172202480367], "val_target_nll_loss": [0.4783958362627633, -0.04277945871028719], "da_weight": [1.4, 1.3983999999999999], "beta": [1.0, 0.9966666666666667], "epoch_no": 2}