{"train_DA_loss": [0.19508937598500653, 0.06547248312416852, 0.047338554482409895, 0.04304498840647816, 0.06393853902912118, 0.03689707133755551, 0.032299155417073795, 0.03200663637431165, 0.032139017936216846, 0.036168936330150864, 0.0371929566278863, 0.0403215190399118, 0.03597003496652112], "train_regression_loss": [0.7462842813412058, 0.11378272616694353, 0.049709790156408466, 0.05628881652514285, 0.12058706465134673, 0.07319523326684832, 0.038111658833267156, 0.02672953715878224, 0.013974241015094398, 0.026069589409554953, 0.015943753141467162, 0.04394024681602988, 0.03010994510748977], "train_mve_loss": [0.966157994142834, -0.023977104295215396, -0.04814114420584503, 0.3290574155429504, 0.5049388734742972, 0.1687653811416083, 0.04721441759320974, 0.03008976040264997, 0.032112019281269104, 0.18964175943802816, 0.06916780051327492, 0.1353215287725562, -0.1356992032327834], "train_r2_score": [-1.2781626114391604, 0.6564001090377818, 0.8496598439013314, 0.8293242236436948, 0.6355048582132036, 0.7784512739452757, 0.8846156416152399, 0.9191295163293514, 0.9577271284890585, 0.9213478535729931, 0.9516830381926235, 0.8675236947286261, 0.908319367346144], "val_source_regression_loss": [0.2102346680586851, 0.06479931174765659, 0.0375537640309032, 0.08487622350265708, 0.09870421240412736, 0.05245032897101173, 0.03372554431516159, 0.016340817619539514, 0.010185980491481627, 0.011731555980123296, 0.010950656766897137, 0.029438475689178782, 0.023847344814787938], "val_target_regression_loss": [0.2603883286820182, 0.08691482972117918, 0.05541670793973947, 0.10890569679344757, 0.09406312526781348, 0.05202204139926766, 0.044711169244462175, 0.02196961002353626, 0.019127423238433614, 0.018246903107796288, 0.014093005846997228, 0.03419150819978382, 0.028133219343763363], "val_source_r2_score": [0.35864572580248255, 0.8022747815064624, 0.8852903406757134, 0.7394217232701116, 0.6977145004946399, 0.8400645911901778, 0.8965381518202691, 0.95013110679535, 0.96923708275982, 0.964354884290861, 0.9663988185846808, 0.9089094906735342, 0.9266374748859453], "val_target_r2_score": [0.2291877972305611, 0.7405617202618903, 0.8360849089674358, 0.6767709001045614, 0.7206691805834243, 0.8446926136443786, 0.867152435204279, 0.9348683771668858, 0.9432332687174648, 0.9456124661505828, 0.9580794985202076, 0.8976898935510347, 0.9164829062401574], "val_source_mve_loss": [0.1394919666308391, -0.08938555263831646, 0.028020826775486334, 0.9934148946894875, 0.29018921942650516, 0.0035207533289360097, 0.027745500887755917, 0.08389139755428592, 0.07016349828483749, 0.14299197174325773, 0.05245166319080546, 0.05600092361999463, -0.2137247446594359], "val_target_mve_loss": [0.1672792932655238, -0.07044061678874342, 0.25510502500530285, 1.0336392355870596, 0.3428090807003311, 0.01055874535224483, 0.06513011006379052, 0.1287160484662539, 0.15495354401631445, 0.2368390077277075, 0.06565300305668689, 0.06567137768562836, -0.21054706656480138], "val_source_nll_loss": [228.1527610258494, 624.3598270845375, 14619.938377670094, 0.48083253676378274, 0.12658639139012445, 5219.6628448872625, 4367.143052499506, 13499.626075454906, 11260.93321054193, 16159.934273635285, 11675.221432456487, 0.04569031470278396, 32.32104757729965], "val_target_nll_loss": [130.46695638768657, 582.3043945002594, 30942.935546875, 0.5001946665063689, 497.5039366607236, 5050.861252778693, 6236.789685213113, 17388.359560423258, 18478.032640674446, 23283.874171776108, 12801.975653926029, 0.05342572154123572, 16.382129860829703], "da_weight": [1.4, 1.4, 1.4, 1.4, 1.4, 1.4, 1.4, 1.4, 1.4, 1.4, 1.4, 1.4, 1.4], "beta": [0.7, 0.7, 0.7, 0.7, 0.7, 0.7, 0.7, 0.7, 0.7, 0.7, 0.7, 0.7, 0.7], "epoch_no": 13}