{"train_DA_loss": [0.11792636829576501, 0.08654655614217413, 0.058913418308063875, 0.042313720036631745, 0.03815330039553167, 0.036126068273944004, 0.03559064518122285, 0.03435082638285496, 0.033823929931389565, 0.03372757822969823, 0.03401906776771467, 0.03393802804433123, 0.03263322088247679, 0.03197881101308837, 0.030968885599776858, 0.03306058201414466, 0.034493957065604285, 0.03550121239922818, 0.03469799295871415, 0.03454036913961989, 0.034358647125866774, 0.035079350572426754, 0.033768124701336055, 0.034618309894798006, 0.034238822506212886, 0.033209886970560334, 0.033677277289725964, 0.033326713810972804, 0.03315694108128656, 0.03421827797970345, 0.03456731216209026], "train_regression_loss": [0.2777907862523792, 0.056606184708216725, 0.07207600105301881, 0.026650918673185916, 0.027317449990217277, 0.0188874651880516, 0.0160525170745672, 0.017967722761756323, 0.01709583455311914, 0.015667635719317403, 0.01724907970379432, 0.021151803084861972, 0.014187992647480921, 0.012461922552872456, 0.00822491580756616, 0.02510799153433803, 0.051738919010913674, 0.03159517853416952, 0.019667833691064465, 0.02036478471562566, 0.013398855486186648, 0.01776676874955132, 0.014949636647930638, 0.011129372973689704, 0.010966045215003996, 0.007957802489536118, 0.006835724768557431, 0.007348503936609931, 0.0054933391988168465, 0.004923088098084469, 0.0044810824969637], "train_mve_loss": [0.8461813839055408, 0.17956537550436147, 0.1735405252856531, -0.07949493327254678, -0.13181534968657074, -0.17065551497001316, -0.15316586424400808, -0.1649255763732537, -0.17356241763768618, -0.178622942315704, -0.19434155520371807, -0.2157268442989921, -0.13956557792463295, -0.13543952681410248, -0.07433003143252467, -0.07974849253981434, -0.07721475273765746, -0.20696986316817334, -0.17206315713946518, -0.16909809520219535, -0.10250359488961029, -0.16976001608088423, -0.24450458569871006, -0.24009303503433138, -0.1107557716232876, -0.06921299692018594, -0.0634313305768387, -0.09908484175828519, -0.055463902366226725, -0.05208317775762822, -0.07003435176427747], "train_r2_score": [0.1535665303887932, 0.829247557255684, 0.780959634887499, 0.9194432644757761, 0.9173972545287373, 0.9427683333196669, 0.9513282980129741, 0.945517468661891, 0.9481832503680054, 0.9524618190448423, 0.9476904251477103, 0.9358157474424686, 0.9570089726671471, 0.9621924792169279, 0.975049012849135, 0.9236578471652875, 0.840366400305967, 0.9041814527935614, 0.9401784011977243, 0.9382573040702846, 0.9594056851040721, 0.9460312764712862, 0.9546016195936732, 0.9662075830438199, 0.966686919862109, 0.9758286232041541, 0.9792684797166888, 0.9777623134928879, 0.9833241887324711, 0.9850638834896165, 0.9863965996524195], "val_source_regression_loss": [0.08635154399502126, 0.03806092936687077, 0.025710226024819326, 0.04109790800964531, 0.021292717231413984, 0.019726396785883962, 0.021562612132181094, 0.013635401378232466, 0.014340679137672804, 0.013044161775114037, 0.01634903124804738, 0.01910145269541801, 0.01071313943100881, 0.009674425549286454, 0.007152321901691111, 0.020681426046958454, 0.051534792856325076, 0.025370767222175114, 0.02405039536990697, 0.01677143730553268, 0.01079667727404003, 0.01780222185380474, 0.013679368503957609, 0.010370297481223374, 0.00935410290862186, 0.006974782558936107, 0.007201917717068256, 0.005445578165022256, 0.00473131436288734, 0.004986714972536775, 0.004734934449101551], "val_target_regression_loss": [0.13011652297234233, 0.05546856016109261, 0.03069985372639155, 0.045869014544200296, 0.025346750122365317, 0.02296612299742955, 0.025465398626048352, 0.016562790574529505, 0.017176451538748378, 0.0159898644336794, 0.019670499889533732, 0.020851228504052646, 0.012214459985777547, 0.011296969655712572, 0.00919531352959479, 0.024629724388824232, 0.05606194062134887, 0.027581010886196848, 0.02625130508330804, 0.018320146087509922, 0.012658742197518107, 0.01892451320692331, 0.01469199642350402, 0.011156156016631594, 0.0100925051890125, 0.008836738411572915, 0.008224941330337071, 0.00678552191445156, 0.006527787708099695, 0.007280384308269507, 0.005820921244972114], "val_source_r2_score": [0.7346813322594091, 0.8836774899581674, 0.9204472114195585, 0.8742801274464348, 0.9346470411365315, 0.9397979265344188, 0.9340409530806499, 0.9583706622035914, 0.9561787306370165, 0.9597517221464207, 0.9496266100382252, 0.9419049756351974, 0.967090693183877, 0.9701678006430253, 0.9780150964793352, 0.9366171255166338, 0.842252895458154, 0.9219104421607299, 0.9265448494107597, 0.9486469366502647, 0.9665853705986681, 0.9454838959488886, 0.9581858004557622, 0.9678698109123326, 0.971375347717858, 0.9786461934399815, 0.9778244193043442, 0.9833461875766797, 0.9854098334994084, 0.9846858353659114, 0.9853562052680029], "val_target_r2_score": [0.6106009883384308, 0.8356170002625557, 0.908830961085565, 0.8638563309677755, 0.9249354585180202, 0.9312241836884907, 0.924443593568954, 0.9492871629395438, 0.9490398338177934, 0.952321373148479, 0.9417149219391882, 0.9366163189853444, 0.9636506612042982, 0.9664640833913287, 0.9725699476036941, 0.9260514498032393, 0.83294281966505, 0.9176523912432469, 0.921946717367009, 0.9454007721221149, 0.9623427582950657, 0.9437024108519516, 0.9562440410921342, 0.966852582424251, 0.9701944357075274, 0.9736230122490022, 0.9754280429068958, 0.9797446476220888, 0.9805968643175476, 0.9779472027863942, 0.9825572446550561], "val_source_mve_loss": [0.44495427797112286, -0.016387594689886216, -0.04292093231519566, -0.1251941200204288, -0.23303475994852524, -0.23321596033210995, -0.12915440290411817, -0.12148155007935778, -0.09822320579727993, -0.11998821049928665, -0.23008999096441873, -0.24472963017753407, -0.09454954330679737, -0.0706962433325339, -0.08580474178247814, -0.14125307357009453, -0.10349423768399638, -0.23887787778166275, -0.21198416359816927, -0.12391109896611564, -0.08653218336874925, -0.2332198040772088, -0.2507826725516138, -0.20629969050612632, -0.07945229141395303, -0.06172458851073362, -0.06404730309791203, -0.05817318764291232, -0.04339480329352089, -0.04575221132062658, -0.06492395114295091], "val_target_mve_loss": [0.4232127624976484, 0.002990252972002837, 0.033754353270028965, -0.10803543351873567, -0.21827893713607063, -0.2275285792501667, -0.1218941783225989, -0.11818624995177306, -0.051906958228283666, -0.11637879097009007, -0.22700939468945128, -0.2431929192588299, -0.09147687185602853, -0.06846633987336219, -0.08323688258098651, -0.14206030936558037, -0.09177401982530763, -0.2369116212748274, -0.20998944662794283, -0.11946058650560017, -0.08226562696921674, -0.23210414829133433, -0.2499529281749001, -0.2056802984657167, -0.07901535352951364, -0.058572082768512675, -0.06323055913553963, -0.05603849274825446, -0.0395434440785571, -0.040504442386423485, -0.06262618270290049], "val_source_nll_loss": [8408.749517052516, 652.0650351226707, 8937.784807036194, 1837.5623281937612, 124.43552486956874, -0.8738017640536344, -0.1675295192229597, 13.483071690118766, 659.8019120029256, 193.9649367521081, -0.9322524961036972, -0.6727580058423779, 23.91962228243864, -0.4438449642326258, -1.8552418977399416, 1805.5923010427741, -0.17544387111180945, -0.6838268252867686, -0.9857282646094696, 18.707218621350542, -1.7658001275002202, -0.45997711676585523, -0.6789716783958145, -1.1822524538523034, -1.85701536377774, -1.4783439364614366, -0.13171111179303518, -2.1284407573410227, -2.244448120080972, 3.0626597932622404, -2.156276470498194],