{"train_DA_loss": [0.19508937598500653, 0.06547248312416852], "train_regression_loss": [0.7462842813412058, 0.11378272616694353], "train_mve_loss": [0.966157994142834, -0.023977104295215396], "train_r2_score": [-1.2781626114391604, 0.6564001090377818], "val_source_regression_loss": [0.2102346680586851, 0.06479931174765659], "val_target_regression_loss": [0.2603883286820182, 0.08691482972117918], "val_source_r2_score": [0.35864572580248255, 0.8022747815064624], "val_target_r2_score": [0.2291877972305611, 0.7405617202618903], "val_source_mve_loss": [0.1394919666308391, -0.08938555263831646], "val_target_mve_loss": [0.1672792932655238, -0.07044061678874342], "val_source_nll_loss": [228.1527610258494, 624.3598270845375], "val_target_nll_loss": [130.46695638768657, 582.3043945002594], "da_weight": [1.4, 1.4], "beta": [0.7, 0.7], "epoch_no": 2}