{"train_DA_loss": [0.035521738718125896, 0.03487132123281576, 0.03721551973733649], "train_regression_loss": [0.278008539730196, 0.014954928822059463, 0.01113700912328917], "train_mve_loss": [-0.012257256107983712, -0.13688316329176345, -0.13264884820660847], "train_r2_score": [0.1672851570435513, 0.9547532760893561, 0.9661820413964144], "val_source_regression_loss": [0.028065015573667574, 0.01508576409961981, 0.0072530135924963254], "val_target_regression_loss": [0.030580303737822966, 0.015951673700651037, 0.008026637867847575], "val_source_r2_score": [0.9138586078056045, 0.9535724387531898, 0.977816002450038], "val_target_r2_score": [0.9089438976367407, 0.9526665246796725, 0.9760591702825113], "val_source_mve_loss": [-0.1594645145195949, -0.1488398426695715, -0.07356907021773013], "val_target_mve_loss": [-0.1586791358039349, -0.1468388189243365, -0.07257300035297116], "val_source_nll_loss": [53.46139884674096, -1.3391954808295528, -1.9861699222009392], "val_target_nll_loss": [29.64509315128568, -1.3111204980294915, -1.945986287503303], "da_weight": [1.4, 1.4, 1.4], "beta": [0.7, 0.7, 0.7], "epoch_no": 3}