{"train_DA_loss": [0.46571406569515766, 0.3151848816893436], "train_regression_loss": [2.074006853199528, 0.4476490915094041], "train_mve_loss": [0.883496187804386, 0.06467565289426977], "train_r2_score": [-5.3215408737193775, -0.35311903274446316], "val_source_regression_loss": [0.7791940901852861, 0.28466814077353175], "val_target_regression_loss": [0.7236893282660956, 0.29719466272788714], "val_source_r2_score": [-1.3842716219677729, 0.1322551986110978], "val_target_r2_score": [-1.1479454603945873, 0.11411292327925415], "val_source_mve_loss": [0.23364228519457805, -0.021601545205929235], "val_target_mve_loss": [0.20261395034156268, -0.019917044930065735], "val_source_nll_loss": [0.468348626471773, -0.07256644499735741], "val_target_nll_loss": [0.4783958362627633, -0.04276905995145251], "da_weight": [1.4, 1.4016], "beta": [1.0, 0.9966666666666667], "epoch_no": 2}