{"train_DA_loss": [0.46571406569515766, 0.315237564077325], "train_regression_loss": [2.074006853199528, 0.44776723164744964], "train_mve_loss": [0.883496187804386, 0.06469119077640326], "train_r2_score": [-5.3215408737193775, -0.3534775992502385], "val_source_regression_loss": [0.7791940901852861, 0.2847505353296859], "val_target_regression_loss": [0.7236893282660956, 0.29725311715391617], "val_source_r2_score": [-1.3842716219677729, 0.13200355246354703], "val_target_r2_score": [-1.1479454603945873, 0.11393842321645495], "val_source_mve_loss": [0.23364228519457805, -0.021520939201729584], "val_target_mve_loss": [0.20261395034156268, -0.019862271014223748], "val_source_nll_loss": [0.468348626471773, -0.0724605364795727], "val_target_nll_loss": [0.4783958362627633, -0.04268265239116323], "da_weight": [1.4, 1.4], "beta": [1.0, 0.998], "epoch_no": 2}