{"train_DA_loss": [0.19652156970400697, 0.183619254668817, 0.18268577892748702, 0.1817563533224506, 0.18050727998017174, 0.18215231181648467, 0.18267600868966505, 0.18302387483690405, 0.18253203290063458, 0.18235817830158327, 0.181952607152231, 0.1824907705194608, 0.18138663997870258, 0.18156890225148942, 0.18067773460824268, 0.1821098721584465, 0.1828159853727497, 0.1836398284460062, 0.18116628288391848, 0.18200235665729866], "train_regression_loss": [0.01784700370482867, 0.0032709276801819267, 0.0022520484283247875, 0.0019135478247182445, 0.0017108855727484102, 0.0015707849980493918, 0.0013439771976861766, 0.001268239735382904, 0.0011349113209169251, 0.0010758913693353351, 0.0010565604173810408, 0.0009725444576894767, 0.0008794460060030019, 0.0008681804427952196, 0.0007869715649629598, 0.0007656113986833931, 0.0007163607081697068, 0.0007162933563659269, 0.0006676291088872442, 0.0006471148123256492], "train_mve_loss": [28.216041317206198, 5.169242093915042, 3.5582526112605275, 3.0230361824443177, 2.702599054716623, 2.481080595192787, 2.1224659830876633, 2.002714546945566, 1.7919038136845533, 1.6985850818387116, 1.6680201668789443, 1.5351792721305948, 1.3879776983036638, 1.3701652783553169, 1.2417075437863088, 1.2079077294637777, 1.1298854273813734, 1.1299802036428146, 1.0530067204039755, 1.0204361728996965], "train_r2_score": [0.9421484843537855, 0.9895867450388661, 0.9928253203135717, 0.9939300142579859, 0.9945604319713098, 0.9949906260693464, 0.9957228458531201, 0.9959565018573873, 0.9963961604639413, 0.9965759929582414, 0.9966515232569404, 0.996905313236287, 0.9972144603633343, 0.997244340115946, 0.9975084548473837, 0.9975802045960253, 0.9977279175384747, 0.9977259767053441, 0.9978770907409953, 0.9979448872477458], "val_source_regression_loss": [0.005784512600882318, 0.002826596805513405, 0.0012560758818559849, 0.0011021967232673646, 0.0012910807855425778, 0.0015218230459047631, 0.0011557796203825897, 0.0020775452826005485, 0.0009458967296335216, 0.0023016961296639456, 0.000530130569047604, 0.0009963594817968544, 0.0010476243838789864, 0.0006670914916265845, 0.0009149268199615299, 0.0005927284439440263, 0.0006907095839924063, 0.0011302610048830818, 0.0004343017409931267, 0.0007173709021643185], "val_target_regression_loss": [0.009254812638605602, 0.0031452560745262965, 0.001914037560587362, 0.0017975503976751393, 0.0017268169230927294, 0.0018882870996971956, 0.0016096668043054832, 0.0023628620415205915, 0.0013700896909775826, 0.003117524730130887, 0.0012447705387119978, 0.0014033246850118802, 0.0015887024415546832, 0.0012465968419174357, 0.0014962859663959092, 0.001274370325497908, 0.0013662103991085193, 0.0017823523868949482, 0.0011713244570471263, 0.0015284269998860232], "val_source_r2_score": [0.9817313515434485, 0.9908466079763824, 0.9959067429690861, 0.9965240312932305, 0.9958882701597186, 0.9950586678058152, 0.9962603262202324, 0.9933136878480799, 0.9969802563389999, 0.9925760312182592, 0.9983050131687928, 0.996806768031309, 0.996601381510307, 0.9978779809214747, 0.9970337009242742, 0.9981079310502934, 0.9977861703824669, 0.9963645530213092, 0.9986036122311459, 0.997656177561184], "val_target_r2_score": [0.9714268054768669, 0.9902179479612792, 0.9940925065786077, 0.9944671760528353, 0.9947065535963148, 0.994042865305771, 0.9949458986133974, 0.9926640286884277, 0.9957877301941878, 0.9902732953536715, 0.9961334364554457, 0.9956032092243405, 0.9950492497515081, 0.9960565272491493, 0.9953449532385716, 0.996009273114266, 0.9957762588501514, 0.9944088536350598, 0.9963839061336536, 0.9952322596067499], "val_source_mve_loss": [9.143568549293299, 4.466693311072767, 1.9834817925962016, 1.7401774705598911, 2.038829412704078, 2.4036649644565276, 1.824899498266153, 3.282338942582615, 1.4930455140031564, 3.63675253764509, 0.8356615049770465, 1.572834123628208, 1.6538910660119102, 1.052215741560482, 1.4440777901643382, 0.9346374372323862, 1.089559219991818, 1.7845510314828672, 0.6841428311297688, 1.1317144597109896], "val_target_mve_loss": [14.630594354087172, 4.970537855602301, 3.023810531384648, 2.839628149716618, 2.7277887033197445, 2.9830954764216853, 2.5425581164634266, 3.733464330149154, 2.1637534533445826, 4.926690757465058, 1.9656064775043403, 2.2163025896770123, 2.509410550419134, 1.9630717292380409, 2.363017390711239, 2.011072175571332, 2.150543532813319, 2.794526525198842, 1.8393583945192087, 2.4025610605367835], "val_source_nll_loss": [28914.503450728833, 14124.924892047724, 6272.32035930012, 5502.924525836786, 6447.344885682907, 7601.056235023962, 5770.839065308007, 10379.667424308605, 4721.424599546975, 11500.421659719448, 2642.5937747650632, 4973.738357690196, 5230.0629141810605, 3327.398395379892, 4566.575040092102, 2955.5831579628843, 3445.4888756115215, 5643.246003269768, 2163.4496393660766, 3578.7954530563597], "val_target_nll_loss": [46266.00303888778, 15718.221161766174, 9562.12874556959, 8979.692859393721, 8626.025575485473, 9433.376438323681, 8040.27499594399, 11806.251135682907, 6842.389399616863, 15579.564596645367, 6215.793646571735, 7008.564357184754, 7935.453096919928, 6207.787303595497, 7472.531021459415, 6359.63421494359, 6800.701866856779, 8837.164241900458, 5816.764659357528, 7597.763352464182], "da_weight": [1.4, 1.4, 1.4, 1.4, 1.4, 1.4, 1.4, 1.4, 1.4, 1.4, 1.4, 1.4, 1.4, 1.4, 1.4, 1.4, 1.4, 1.4, 1.4, 1.4], "beta": [0.5, 0.5, 0.5, 0.5, 0.5, 0.5, 0.5, 0.5, 0.5, 0.5, 0.5, 0.5, 0.5, 0.5, 0.5, 0.5, 0.5, 0.5, 0.5, 0.5], "epoch_no": 20}