{"train_DA_loss": [0.074045705692451, 0.03930873027108814, 0.03540397714653224, 0.027051034002093226, 0.018039567373910922, 0.017921314067403077, 0.017798688115426075, 0.019872512702423215, 0.02286352974939853, 0.01902650184486695, 0.021921510346765056, 0.029781210083017293, 0.03459399504420199, 0.03830306778169855, 0.041547407094777396, 0.04241959189815648, 0.04235764157701236, 0.04293590959100226, 0.041780782543408806, 0.04304447176251595, 0.04155815750959804, 0.04126241278087199, 0.04163046694365781, 0.04463974491674351, 0.04193432115944583, 0.04241988677837949, 0.04220387477843156, 0.041613076021809685, 0.0422479811088749, 0.042055782131591925, 0.04193172408727558, 0.04212994750255423, 0.04331874610410094, 0.042104729684495405, 0.04242451876483626, 0.04208615707264195, 0.04167871837805569, 0.042603172508274396, 0.04132448298553553, 0.04332558751119883], "train_regression_loss": [0.3390971788152426, 0.018209799403968305, 0.013946445384684276, 0.014198767006826303, 0.012644226030298463, 0.011436801892407306, 0.010585138982015456, 0.009959127610103249, 0.010260955428864665, 0.00869415259078976, 0.008313806761154936, 0.008463798418566176, 0.007379672943803412, 0.008759929483987976, 0.01007752703465317, 0.009521717606180464, 0.017037060711076534, 0.01830178025047511, 0.03418595196468112, 0.037871483722752744, 0.032419991784199555, 0.029995242599397898, 0.05420196077137695, 0.038185573967047706, 0.025306444494241007, 0.010385005637812658, 0.009945407305491689, 0.009770481540758496, 0.009752487015469474, 0.009560669279424047, 0.009621773680443901, 0.00969854079721533, 0.010296011362326973, 0.009851762518402482, 0.009621090636208952, 0.009800742679978746, 0.009780278259980232, 0.009714729920492748, 0.009746267967661622, 0.011497034718515778], "train_mve_loss": [0.6005080581431564, -0.12668590899216356, -0.16647876338893633, -0.14943660240215156, -0.16028476857207374, -0.15615616186770528, -0.13086536727076092, -0.11698148356004869, -0.08493164197117825, -0.09820279015919409, -0.1249698691237786, -0.11256592867851693, -0.13306109609177688, -0.1619013603206322, -0.15956809004543987, -0.1547912219168969, -0.08293393459954253, -0.16030652330033957, -0.07277100881577811, 0.04671070929889106, -0.14667081509732133, -0.13404199248094664, 0.05656307799676927, 0.26840263749157817, -0.1455861196974105, -0.07414022482373162, -0.07036560584690552, -0.07099419717985109, -0.071884650484211, -0.07247117893358308, -0.07317212303347845, -0.07411388447252826, -0.08702081737876402, -0.07824815116938497, -0.07406026957866478, -0.08128358387103955, -0.07514109429894815, -0.07999805162594376, -0.0756919707083935, -0.08904277668372852], "train_r2_score": [-0.04530006250976835, 0.9446485593856297, 0.9574518622622085, 0.9568315024106998, 0.9618152807734378, 0.9652017593493721, 0.96783988641834, 0.9697568193001149, 0.9689948410914466, 0.9734233694868306, 0.9747778988636145, 0.974366720071954, 0.9776025831302321, 0.9733116406276585, 0.9694172514701067, 0.9710108102510211, 0.9483965942326854, 0.9447445188040496, 0.8961859743161873, 0.8853586893969362, 0.9015034696297971, 0.910190833805681, 0.8363663483471184, 0.8856250251591992, 0.9239145636575188, 0.9685982552257936, 0.9699077537456412, 0.9704572098720652, 0.9705167625285326, 0.9710918397745152, 0.9709396307929495, 0.9706743209291255, 0.9688827914249208, 0.9701129171084294, 0.970947355636585, 0.9703700599408227, 0.9704094340399219, 0.9706138999373282, 0.9705438469744261, 0.9652260416661632], "val_source_regression_loss": [0.016274939208656927, 0.012027408750845662, 0.011052786148613013, 0.022830985073896148, 0.03581412626972681, 0.009688264100894899, 0.03188005077970933, 0.045378657977415034, 0.005398560188639956, 0.005573129732326805, 0.014013795671347954, 0.021976208750488637, 0.005362725292061326, 0.005462822365822105, 0.006629355151583499, 0.00991552956166524, 0.009352574360710157, 0.010786547968046198, 0.025380035591182074, 0.014156922167520734, 0.01477262192653327, 0.028578223802054985, 0.014020697909254061, 0.01768020739708143, 0.012006568551487937, 0.010890608093453736, 0.010126859462478115, 0.01060831746015745, 0.0095744657660304, 0.008951952368539722, 0.010638450502264725, 0.008369430215864242, 0.00991712047871721, 0.010105482302606106, 0.009950518413576522, 0.00909853839209374, 0.010768181992152447, 0.01337973514123808, 0.01089487425228463, 0.010892255225843644], "val_target_regression_loss": [0.02174374418733995, 0.014568245403845853, 0.011626596350364293, 0.02555116850741302, 0.040585558059849314, 0.01191336680439454, 0.030643937284056143, 0.04997606995173647, 0.007245964724334735, 0.006370711759251507, 0.019099810355213246, 0.022079443889139575, 0.0063472002614996855, 0.006226788802496806, 0.0073333586495416825, 0.010898745153099298, 0.010247252421760106, 0.011993604841866071, 0.027098467054812215, 0.015110899411330495, 0.01670053673177203, 0.029606687989604624, 0.013845637181325804, 0.02008806884618877, 0.01384608777640741, 0.012467290758143497, 0.011542628472081469, 0.011479788907815385, 0.01079592469466638, 0.010132410634261898, 0.010868450762303193, 0.009514892686016952, 0.010388333338631105, 0.01070604174503986, 0.011772761203914503, 0.010681027204647094, 0.011800346336079926, 0.01570057430410687, 0.012802854699047305, 0.012706589272033565], "val_source_r2_score": [0.9500989715822983, 0.9632970040355491, 0.9661447096078181, 0.9296309392290663, 0.8900184222692502, 0.9703090308672688, 0.9017647433996039, 0.8610178054628729, 0.9835350889700976, 0.9829073597945976, 0.9570199837292167, 0.9314092524525457, 0.9835175815989597, 0.983223578327624, 0.9797992513327863, 0.9695274109421294, 0.9713863370730685, 0.9669675666241573, 0.9222807499322858, 0.9559710993386908, 0.9548153434331641, 0.9125211863338957, 0.9570522934325817, 0.9464078323245917, 0.9631325293381621, 0.9666685071208968, 0.968984780247617, 0.9675940720624385, 0.970648563632746, 0.9726312121751419, 0.967433818350683, 0.9744988630615674, 0.9696413342191536, 0.9687922408852844, 0.9694728766756529, 0.9720181226131437, 0.9669430543916294, 0.9593791136879106, 0.9664778586242916, 0.9668607943619162], "val_target_r2_score": [0.9352261877828143, 0.9557066184378445, 0.9653920503003806, 0.9238134956140687, 0.87861919530608, 0.9635717011520903, 0.9087000845933064, 0.8514610340784796, 0.9787563088024731, 0.9809571290468629, 0.942750855476572, 0.9337520824618238, 0.9811997341520947, 0.981509984967638, 0.9781096741264437, 0.967703841279124, 0.9693853930588603, 0.964335010786994, 0.9195056756556901, 0.955090938594259, 0.9502369661142356, 0.9120173273862588, 0.9589172075530424, 0.9403621870477968, 0.9587425541475355, 0.9629417768870786, 0.9656861695636365, 0.9659139029975101, 0.967900408360776, 0.9699243846329602, 0.9676461203150013, 0.9717308947694465, 0.9690248828576986, 0.9681417770034512, 0.9652085862842785, 0.9682116002800076, 0.9649977277663052, 0.9533564793122576, 0.9621483480067398, 0.962293811975462], "val_source_mve_loss": [-0.22741702944040298, -0.24625112531305868, -0.2074720182373554, -0.06194741401491286, -0.21694585190543644, -0.17145412575594987, 0.09842110329743804, -0.1570294282953196, -0.04865145485235166, -0.2286931430991692, -0.09623453035196171, -0.12855098471988605, -0.2326835235462913, -0.2110833459639851, -0.2165616462125054, -0.2305552808544304, -0.15101470241818246, -0.15009969340849527, -0.12113766089270386, -0.07852177887777739, -0.22326739490786685, -0.13588780183580856, -0.2173322397696821, -0.107219066518017, -0.17717911906634706, -0.0602614188779004, -0.08110976841630815, -0.08621027452659004, -0.05913940451661997, -0.06427031585687323, -0.0887693978751762, -0.07020723980061616, -0.07551473034899446, -0.08430721789975709, -0.0845622262811359, -0.06480849765335457, -0.11451543697827979, -0.0697346774366083, -0.09931593652390226, -0.07192665352662907],