{"train_DA_loss": [0.049919948380242975, 0.03589874293512139, 0.036734256556281444, 0.038069595799013506, 0.039330898302265015, 0.03880299721083432, 0.03930675690922157, 0.039392022044828646, 0.03994003955063698, 0.04036545340428078, 0.04198065507387439, 0.0460765467108767, 0.043092848763714324, 0.042183822650850585, 0.042319638988299386, 0.042420439701357095, 0.043109678801224044, 0.04238299878698925, 0.04310058573536725, 0.04263673667920246, 0.04325678464113794, 0.043054812218333294, 0.042253541407708275, 0.042704869947060804, 0.04290062697498737, 0.04214471438303726, 0.04303062385394216, 0.0429627500964802, 0.04177831996647706, 0.04231187074668229, 0.04333150501906109, 0.041265405939255165, 0.04319943507053843, 0.04176057883669406, 0.041457097568775664, 0.04231747121327102, 0.04289323138498737, 0.042605727492155715, 0.042070294061243206, 0.04276250183950068], "train_regression_loss": [0.08972089925110067, 0.01803618137957954, 0.028086109870918762, 0.017036588937452767, 0.04048221275317644, 0.01403985135265757, 0.022308023052266247, 0.018536536753862087, 0.017550094633310406, 0.020371794121738326, 0.026138406660632524, 0.02118865006400691, 0.010342692805222582, 0.016631542369587114, 0.02798919064134114, 0.031969283346488554, 0.032846117155520854, 0.033810572782991086, 0.04604346334246384, 0.029179707864193855, 0.03728131558133163, 0.028094661228828664, 0.03818861485443587, 0.026953799229530683, 0.028004981533980074, 0.04012642944507451, 0.05794333073717475, 0.05048567663037118, 0.03691708566910388, 0.0249941127759556, 0.03374011844389781, 0.05849601676214275, 0.031080738266749508, 0.050219112637723495, 0.02641593637217306, 0.03003753869329499, 0.028127035689650876, 0.029064787515154757, 0.02640949019828515, 0.03462970135835641], "train_mve_loss": [0.19576390351763018, -0.158692681866526, -0.16115842186769222, -0.12549201892671843, -0.15361534772607646, -0.14251883250577768, -0.14129861978000163, -0.14606081963545717, -0.07609106653320588, -0.14788937912930408, 0.017466835177910447, 1.1075452888355517, -0.14099588420351036, -0.1608237718620169, -0.18669634915282185, -0.05399204751432378, 0.0026740491470250505, 0.15323421961272057, 0.3276812014709715, -0.11234415587977638, -0.009184764344006831, -0.15541422326914572, -0.0430345216279056, 0.22722604397132692, -0.16279033526192527, -0.10095687744154899, 0.08050387832838395, 0.06171083420436741, 0.00600976358343195, 0.0006956865966755904, -0.11188636652502135, -0.12580451904753498, -0.03298282674879816, 0.05505272388795367, 0.0570033636281243, 0.06598614074861872, -0.08686235475215986, -0.06459870947255894, 0.03158862163505127, 0.10474314016564128], "train_r2_score": [0.7233782441174561, 0.9449864762201757, 0.9137066530651262, 0.9481582288193686, 0.8748484809070259, 0.9573682573113791, 0.9332218768072301, 0.943652386188724, 0.9468109741293304, 0.937858206480423, 0.920263389169105, 0.9355761120282229, 0.9687325324893601, 0.9491147521946721, 0.9155466512780427, 0.9029740833724657, 0.9004271101021082, 0.8969725975634731, 0.8589835593456873, 0.9114121817797434, 0.8862037266876959, 0.9146105800982903, 0.8836728357291486, 0.9187185675588233, 0.9152240334033649, 0.8786064761115989, 0.8251517060694281, 0.8469660949168378, 0.8884826514570567, 0.9239078160109362, 0.8974959545114847, 0.8216508175526519, 0.9056053368130121, 0.8486392692967533, 0.9195701328290934, 0.9093390552546006, 0.9145951125706363, 0.9112892193365277, 0.920011555836669, 0.8951078859274637], "val_source_regression_loss": [0.0134250567872313, 0.009789304171181932, 0.010304954828387952, 0.024015803951062734, 0.08483963709654688, 0.007545938738916493, 0.10831729096325138, 0.007108485361537601, 0.00798574654102514, 0.008783384002273596, 0.05090708870299255, 0.005061295039692446, 0.006232563370862339, 0.009295201200190225, 0.013121005766612442, 0.059886712392296974, 0.010805707831595894, 0.01405102500244032, 0.011168809902347341, 0.027139872100345696, 0.013245386566636683, 0.024788196988498108, 0.017803485564227346, 0.0158120393281496, 0.009919066194303428, 0.11302525220038015, 0.012941204188273677, 0.02774228610664229, 0.009139685178340613, 0.00899352286529692, 0.1879659921308107, 0.012687598414058927, 0.010139361866808768, 0.038502658163256286, 0.02816717479896696, 0.03246791168009933, 0.02128450074999393, 0.01119807728601596, 0.009696452966832284, 0.013933936346180831], "val_target_regression_loss": [0.014674626396898227, 0.010617816213612692, 0.011287472806163604, 0.025757926810957208, 0.08862923462934132, 0.00832583571937454, 0.11056566106367714, 0.0077239513880561425, 0.00856215376524797, 0.009401766836784686, 0.051338805475189715, 0.005709320583816947, 0.0073455012922139865, 0.010154558887964562, 0.014453245680543441, 0.06224954604536672, 0.012532309027789514, 0.015968276600388787, 0.012654701088661258, 0.02919634393876112, 0.014332830622980866, 0.027550496986206575, 0.020322560273771044, 0.01745434257472995, 0.010719116069848024, 0.11392422510853296, 0.014465220968085753, 0.028792781330928018, 0.009980182646761966, 0.009953343341881526, 0.18993699267695222, 0.013070784968948817, 0.011202048775563134, 0.04097570780711838, 0.03064737898073619, 0.035466844781855994, 0.020864685537600066, 0.012759809676982179, 0.011074003274257801, 0.01593206083708549], "val_source_r2_score": [0.9585308859715295, 0.970202714025654, 0.9681078410485504, 0.9259346729361267, 0.7392731778800381, 0.9768315324658562, 0.6682653297820256, 0.9782972953270077, 0.9756182279567438, 0.9727631032532368, 0.8426245145691411, 0.9846040185746374, 0.9808872973775896, 0.971280810132258, 0.9598613036701517, 0.8160108505687859, 0.967115511984024, 0.9570197247631542, 0.9658531095878499, 0.9169338167069092, 0.959009854528914, 0.9241405236592384, 0.9457260389024672, 0.9510611232719429, 0.9696878505442192, 0.6539997753795089, 0.9600977214600024, 0.9151306163873664, 0.971944732347207, 0.9724014501872854, 0.4199039187356348, 0.9610472938393829, 0.9690077532294699, 0.8816857663718712, 0.9131336065115327, 0.9004548845498801, 0.9349497396798924, 0.9657541033122461, 0.9704567283832253, 0.9573405897567869], "val_target_r2_score": [0.9558174177052977, 0.9683712827900988, 0.9664790237307073, 0.923449728050128, 0.736489826606157, 0.9750531397802724, 0.6708347482949008, 0.976300743057484, 0.9746185378256436, 0.9719938292576943, 0.8473456849374228, 0.982917376465579, 0.9781376845181589, 0.9698642629201091, 0.9570960587809895, 0.8144689477547288, 0.9628482808227324, 0.9527312571889343, 0.9625377693020744, 0.9130703135715709, 0.9574046218874971, 0.9180692437258658, 0.9397083991694595, 0.948262709061958, 0.9684165540206371, 0.6599219357956934, 0.9570179010831664, 0.9143355608700083, 0.9705027365192507, 0.9701696835411555, 0.4299577414683163, 0.9612373583375036, 0.966637495268749, 0.8775430579534278, 0.9086478479927297, 0.8943094417781657, 0.9368378386068624, 0.9623079473320568, 0.9672169541999563, 0.9526917602539027], "val_source_mve_loss": [-0.07781052828731039, -0.1754885363050654, -0.16196259705326224, 0.0024717218372263487, 4.52869154984438, -0.18323629698421381, -0.18024240585067605, -0.25332412425475787, -0.22176867251909232, -0.2453395311213747, 3.2043104926242103, -0.2051890965881227, -0.1956624217048476, -0.21087669779228257, -0.2455788639527333, -0.07787718793636636, -0.1828429040652287, -0.23004183701322048, -0.08920002558940573, -0.13337956331198728, -0.24946257811558398, -0.07065828781150564, -0.15841856938374194, -0.08464397046762177, -0.24843309838560562, -0.15822881064083003, -0.21919372904149792, -0.14843144880819925, -0.02416186345906197, -0.24083715941332565, -0.10152686651371702, -0.059800433348628536, -0.1699391007423401, -0.1370526336227791, -0.0831878888833372, -0.2185424830340132, -0.10726741625915599, -0.17186730270144307, -0.24398767721803882, -0.22683840782582004],