{"train_DA_loss": [0.3399237218828807, 0.27496877181900486, 0.2523475745505563, 0.22181984923875311, 0.21138255467035652, 0.20515169754924026, 0.19249176624924, 0.18444019545489407, 0.18245793921597153, 0.1821258192374567], "train_regression_loss": [0.038879910213136415, 0.0018458264888448546, 0.001372603283691415, 0.0011160946057933183, 0.0009694985852261704, 0.0008078718861655232, 0.0007322085776754805, 0.0006719196848732515, 0.000623161253787835, 0.000590968204556483], "train_mve_loss": [7738.8639662706, 367.09750779411695, 272.9007435211098, 221.84177538856073, 192.66131500090717, 160.48894374157, 145.42789247920788, 133.4271727671789, 123.721633689713, 117.31349251170045], "train_r2_score": [0.876476601110707, 0.9941331643703151, 0.9956344704124025, 0.9964693449841772, 0.9969274556431265, 0.99742983371706, 0.9976655303486245, 0.9978634498728811, 0.998026991570039, 0.9981239821927489], "val_source_regression_loss": [0.001969838824187117, 0.0017797887643662314, 0.0011860031652050063, 0.0012329261085708824, 0.0007887937178940902, 0.0009534340808368898, 0.0010771732795023963, 0.0006469794523105555, 0.0007041170152637679, 0.0006068982697202089], "val_target_regression_loss": [0.009925186497563966, 0.005658919130788206, 0.00370092883508224, 0.0024713070273917085, 0.003130102813535462, 0.0021983663156887475, 0.0028358825873702575, 0.001677008576694126, 0.0014653915441565264, 0.0011938082759258167], "val_source_r2_score": [0.9937171433165845, 0.9942553234390065, 0.9961771671136725, 0.9960609980785468, 0.997496877731059, 0.9969097869727345, 0.9965268206277873, 0.9979188389037199, 0.9977209642900864, 0.9980482709255206], "val_target_r2_score": [0.9693206510702785, 0.9824478990695689, 0.9885174692452194, 0.9923165299435357, 0.9904389334025606, 0.9931045933593925, 0.9912346166586834, 0.9947681101822701, 0.9954742717618225, 0.9963107869131264], "val_source_mve_loss": [391.7826038884659, 353.95246541081144, 235.75732456000088, 245.0975026139817, 156.69136657958595, 189.4636185131134, 214.094346482152, 128.46273063927794, 139.83616645496113, 120.48442790607294], "val_target_mve_loss": [1975.3228958666134, 1126.1071868018983, 736.3622443835956, 491.6016388914456, 622.7372874299558, 437.27181572959825, 564.1717067145692, 333.49370779701695, 291.37057807117986, 237.310958594179], "val_source_nll_loss": [9841.135017565644, 8890.884767965006, 5921.956805049421, 6156.571472362969, 3935.9095474584415, 4759.11135152506, 5377.807341066793, 3226.838201845797, 3512.5260009765625, 3026.4322817866414], "val_target_nll_loss": [49617.872438473445, 28286.53614529253, 18496.584984337558, 12348.476024298623, 15642.454904964557, 10983.772451577475, 14171.35379330571, 8376.983851618661, 7318.898652000549, 5960.982358694839], "da_weight": [1.4, 1.4, 1.4, 1.4, 1.4, 1.4, 1.4, 1.4, 1.4, 1.4], "beta": [0.2, 0.2, 0.2, 0.2, 0.2, 0.2, 0.2, 0.2, 0.2, 0.2], "epoch_no": 10}