{"train_DA_loss": [0.2494343123254, 0.40015821461267836, 0.30021355122709187, 0.2491524763119286, 0.2084212655804275, 0.13918743185167776, 0.07255259756904633, 0.04743121872558999, 0.03615870612794346, 0.029347924706296248, 0.04816023213533477, 0.030258777547947778, 0.027369239105344147, 0.022790293236496353, 0.023382511495576807, 0.10126794055887452, 0.06798517660423432, 0.07258943595005782, 0.051291994220990914, 0.0186441136444059], "train_regression_loss": [1.8635033787495476, 0.9386973754797383, 0.5396596144278699, 0.43475636256896166, 0.32434978182180707, 0.2801452767532966, 0.24334943226421119, 0.2078600105517961, 0.17087036443421347, 0.14345278144155169, 0.11965213225000083, 0.10435211354733821, 0.110412004480387, 0.057826293107987106, 0.06359301989990027, 0.05252406133212817, 0.1372720481252376, 0.06118940145894204, 0.04738852979319078, 0.02938234075474837], "train_mve_loss": [11.595461245755608, 0.795565268511746, 0.8838004743377295, 1.2458330338354302, 1.1571871269991454, 0.9369427348185719, 0.7048383327899075, 0.532121895436177, 0.3702692189807212, 0.13643878913727986, 0.04243429003613686, 0.1320034835940496, 0.1664582709266789, 0.06093284887835465, 0.047753774380937926, 0.021916276386256248, 0.40155738970125177, 0.049893395103500576, 0.9268866977694834, 0.444530382517034], "train_r2_score": [-4.6681151581066445, -1.8437184070001476, -0.6354799235995596, -0.31474592020202957, 0.020887326544380302, 0.15341456782352847, 0.2645676760692551, 0.3721352104098242, 0.48432113139914446, 0.566501011680867, 0.6370437705462327, 0.6831102214129173, 0.6647815390734667, 0.8250842605537322, 0.8073599979940048, 0.841014961406798, 0.584085300084886, 0.8146463952380627, 0.8563371184598486, 0.9110448359565639], "val_source_regression_loss": [1.4099823311914372, 0.5986965506137172, 0.5357471553585197, 0.3576169738286658, 0.2869905571017084, 0.25571467887751664, 0.22083892192267165, 0.18157808973064907, 0.15443397200183023, 0.11868560267022893, 0.1751255755183063, 0.09650845321107514, 0.06054086195705812, 0.06097768214118632, 0.04909013265956052, 0.04294313318272935, 0.04361657142827782, 0.05713813728358172, 0.03467397915222977, 0.02525345009716251], "val_target_regression_loss": [1.3075977473319331, 0.5827350107174886, 0.4643367992926247, 0.35228199596646464, 0.34063565655599665, 0.2658170199469675, 0.2473676544201525, 0.1982340414690066, 0.1890459952852394, 0.15408376161056228, 0.1533589466840406, 0.10350488786455951, 0.08986561188969432, 0.10706791097793399, 0.0907298894716969, 0.17757296939439413, 0.1310077074773704, 0.10261543246009681, 0.0665851495216919, 0.07498880987397477], "val_source_r2_score": [-3.324559377917214, -0.829171482983384, -0.6351464752140527, -0.09504517218388517, 0.12306981552621821, 0.22073466375977405, 0.32494459024976574, 0.44643063906527675, 0.5288979370595163, 0.637602190097128, 0.4595218651220318, 0.6972530932962936, 0.8133324183624725, 0.8123790988774774, 0.8507075231428192, 0.8685105302001285, 0.8663188252337416, 0.825402687237468, 0.8936501047547161, 0.9182024029430103], "val_target_r2_score": [-2.883252131497443, -0.738734839182075, -0.37128440061200635, -0.04736494293368468, -0.011945001279209442, 0.20620520305157694, 0.270489298328008, 0.4135551161662614, 0.4399163604234768, 0.5420619498950939, 0.5420196002078002, 0.6914934382920918, 0.7342320559364531, 0.6778767311796067, 0.7303554238477473, 0.47317311902691117, 0.6071766540473045, 0.6952034874880172, 0.8016844719265166, 0.7788238601796506], "val_source_mve_loss": [1.010511469237412, 0.6154290101950681, 1.293865736526779, 1.204553385324116, 1.0899708603001848, 0.7933276914343049, 0.6177848253069045, 0.501982114737547, 0.2605873682076418, -0.0009689986458213269, -0.06642545290479931, 1.8153449999392504, -0.1760515244323996, 2.347906591111346, -0.19267416943477678, -0.04175373553475247, 0.9826980373716052, 0.2999757716927347, 2.6458313551884665, -0.14965384264912787], "val_target_mve_loss": [44.76685153834428, 44.103200759314284, 1.1210471784012228, 1.0490160923969896, 1.1005057503905478, 0.7715806591359875, 0.6010658703272855, 0.49595581504363045, 0.28985955933981306, 0.040864901605380484, -0.07236638606254812, 0.02178542625418381, -0.1347828815820851, 0.845766920171961, -0.13640882961357695, 10.284282913785193, 9.206018348849273, 24.57402184473563, 15.765377698631227, 20.206319695739428], "val_source_nll_loss": [0.697888074796411, 0.4161125089548811, 0.6945415969136395, 0.656257649765739, 0.6133655271952665, 0.4955840725687486, 0.4124263098722772, 0.3391501714911642, 0.1900581708060035, -0.08674416622689253, -0.1603669875030276, 5777.873894472476, -0.43156314990188505, 8041.841863070862, 181.8597165063212, 452.47945254550706, 3933.756000352811, 14.416388920213603, 9107.031178921085, 34.93680017144431], "val_target_nll_loss": [138493.91644173407, 137928.32976770174, 0.6310816573191292, 0.6008492066890379, 0.6216249918635888, 0.4846552078482471, 0.40396042300176016, 0.3346281591095502, 0.21835761017437222, -0.0151337626348898, -0.1432312700567366, 141.29955719378364, -0.2805666851846478, 3284.055903810489, 223.8180803979122, 32850.40637023313, 29607.045130355826, 77047.43636313232, 50550.183579456956, 64284.121070680456], "da_weight": [1.4, 1.4, 1.4, 1.4, 1.4, 1.4, 1.4, 1.4, 1.4, 1.4, 1.4, 1.4, 1.4, 1.4, 1.4, 1.4, 1.4, 1.4, 1.4, 1.4], "beta": [0.5, 0.5, 0.5, 0.5, 0.5, 0.5, 0.5, 0.5, 0.5, 0.5, 0.5, 0.5, 0.5, 0.5, 0.5, 0.5, 0.5, 0.5, 0.5, 0.5], "epoch_no": 20}