{"train_DA_loss": [0.1973350404998393, 0.07012501997120638, 0.04819655818847677, 0.08557847923372737, 0.14127826228928522, 0.09597219726993571, 0.07415019564834548, 0.05933613419342085, 0.055478300599609474, 0.04793456905407378, 0.04351666024537038, 0.04131002169463382, 0.03872883338923864, 0.036691793705416774, 0.03667757297156062, 0.034775838565755585, 0.034284868030732246, 0.03385658304069116, 0.03177128418755651, 0.02947243428882722, 0.028109395976980273, 0.024969891794843147, 0.023613588235781986, 0.02330470825775341, 0.02582793023055879, 0.02805213295978918, 0.026582529262675337, 0.022056947620602587, 0.02092993981162362, 0.019117558676361276, 0.018903467673093245, 0.01738789230006214, 0.015272334580679153, 0.014309776677891366, 0.013289753603876672, 0.013065277739262832, 0.011571548121489271, 0.010912125362372758, 0.009695513209692412, 0.00856659297492539], "train_regression_loss": [0.7459225611560305, 0.1307853197294136, 0.05498326530295273, 0.09816447488446013, 0.05807963050084641, 0.028336600557146714, 0.026824186867617165, 0.021326833532295673, 0.012977878317080261, 0.011379240603412636, 0.0073402213120843255, 0.017657448335463892, 0.017381581758749987, 0.009253328490723094, 0.0169914242227509, 0.029563366106014965, 0.01742408436534065, 0.01828420995453703, 0.01357685026356872, 0.013525290991872604, 0.01933345393238545, 0.012801832118509184, 0.009827160954958941, 0.01229617949932732, 0.025596166938761253, 0.018012607618281024, 0.026327421650344972, 0.017808070511878955, 0.010057999786513923, 0.011169417569723655, 0.022620506455246665, 0.02600177168383023, 0.015555476270942954, 0.013495545961146653, 0.009917907992299557, 0.012453525196897101, 0.008462529987866362, 0.008472077677050228, 0.008935489989323388, 0.0073907446108547326], "train_mve_loss": [0.9692729605562727, 0.07058847069372534, 0.01990444253248178, 0.5156743679454437, 1.3926019614640712, 0.30762074695358654, 0.5974888083417739, 0.6311800945720464, 0.17492733775915567, 0.07271429058760269, 0.021040806362926417, -0.012493780044535724, -0.07412374839935813, -0.053209093367847765, -0.041576001922543786, 0.050708708583191715, -0.1722916173501795, -0.20301985520855872, -0.17392349723808237, -0.17489788671734127, -0.19237552216222042, -0.1329574165780649, -0.10206393852669889, -0.1731681063689523, -0.18567698896339868, -0.1689506319829925, -0.198404237845916, -0.1686827589977376, -0.11122841101950222, -0.12126828683795615, -0.14016630634719973, -0.1383786510430971, -0.09617621316770313, -0.11688554738486488, -0.07416032973193382, -0.16209490687145395, -0.07125693701643504, -0.1252497012303015, -0.09051938736096188, -0.09786500725758958], "train_r2_score": [-1.2768572789548374, 0.6050398241779544, 0.8338964903908255, 0.7032114670357328, 0.8246466931836903, 0.9139349310873951, 0.9182282377792808, 0.9353975668031765, 0.9607492009532391, 0.9656286587201524, 0.9777559641603165, 0.946640799865767, 0.9475188667402592, 0.9720292538597535, 0.9486792500714767, 0.9108046568344957, 0.9472919747171423, 0.9445512619679309, 0.9588807828835666, 0.9590042677841795, 0.9413218212295895, 0.9611855865698747, 0.970128502174153, 0.9627017076310074, 0.9224680233851928, 0.9454289679741229, 0.9203420154995173, 0.9459857300496852, 0.9695096532272746, 0.9661006262170038, 0.9316109717908807, 0.9209665589600065, 0.9528443483407812, 0.9590327596893614, 0.9699850304169098, 0.9622616812527303, 0.9743109873575311, 0.9742971253694994, 0.9729333484933018, 0.9775558777900114], "val_source_regression_loss": [0.21135706784604472, 0.09567353218982491, 0.031821801881246926, 0.10803978626109377, 0.04729644822168954, 0.014526098129587084, 0.02961163076607487, 0.017929508126800574, 0.009390479083396967, 0.008072688462377726, 0.009297274766324819, 0.02099890740517574, 0.012225375145296508, 0.007614304134740105, 0.0068918390175964255, 0.023930311792447596, 0.01685424361236488, 0.013921619121786914, 0.016860055972975265, 0.015611035867205149, 0.01922906965866119, 0.010144975213216076, 0.008207863874591981, 0.009152072947472334, 0.023472454115937028, 0.013388266456843932, 0.020590788248596312, 0.011656083614577222, 0.010541376757989579, 0.012091139661549012, 0.02140832013344463, 0.018548679597015623, 0.013062102885185918, 0.011356993307229838, 0.008841318720833788, 0.009629873647295598, 0.008357641953220474, 0.011659573150586479, 0.0071468994793588226, 0.009015599861033733], "val_target_regression_loss": [0.27183398698704153, 0.10533074317853662, 0.04512538027631331, 0.18212630816652806, 0.0806303951842121, 0.058893953556124166, 0.05677527392023726, 0.03450888989469673, 0.021365800011855892, 0.020516838748715346, 0.01545380430791197, 0.03017025875941485, 0.017456107772886753, 0.012770570973759587, 0.01048835645771668, 0.02560713684445695, 0.01842733665923529, 0.016960056144979935, 0.019884776772011684, 0.01897905346100466, 0.021107543754992606, 0.014970941687167822, 0.012968681051242577, 0.01112628406314533, 0.02519310074799423, 0.015574274773273286, 0.021797639801155164, 0.012553238321708727, 0.012213667194488683, 0.01810884741547553, 0.04474543159992635, 0.039797471270342416, 0.02110095172413165, 0.019932010399672805, 0.016221678686104243, 0.01885256381068803, 0.027671078774087792, 0.024712342668701953, 0.010709192986965557, 0.024930293683575678], "val_source_r2_score": [0.35595022661356945, 0.7080481125284984, 0.9027842902217321, 0.6679678945769572, 0.8551342115475868, 0.9554942110088124, 0.9092702696840811, 0.9451094001472287, 0.9716082254498292, 0.9754099619813787, 0.9713634056720325, 0.9354665846333432, 0.962435943486235, 0.9765805176732142, 0.9789885426920196, 0.9263555620609027, 0.9483457311699214, 0.9574126329038741, 0.9482246133911091, 0.9513893459843793, 0.9408564194766775, 0.9688845198265164, 0.9747251701040566, 0.972158330380686, 0.9274346112064884, 0.9588423563578268, 0.9370162909306476, 0.964345551033401, 0.9676455729942284, 0.9628865045590304, 0.9342363331864427, 0.9433379905451739, 0.9599971876818402, 0.964777549035677, 0.9727144701413828, 0.9701838168659103, 0.9738549108096966, 0.9645189004553003, 0.9780643365030925, 0.9728828011063856], "val_target_r2_score": [0.19542577938801756, 0.6855899608024338, 0.866856833014877, 0.457812876045108, 0.7598395608407833, 0.8237065329373446, 0.8307559900888896, 0.8974963464197944, 0.9367702283697954, 0.9385606940328891, 0.9538753948088827, 0.9102774240041164, 0.9483470782693395, 0.9619996077422207, 0.9687795702696494, 0.9240880057142202, 0.9448221107558573, 0.9494233188437959, 0.9407437138109211, 0.9437360076452657, 0.9366688421946873, 0.9558875410013786, 0.9613086491588457, 0.9668369932784544, 0.9244448707013933, 0.9534070929467051, 0.9349479052325808, 0.9626697969902731, 0.9636372094004878, 0.9459652413873387, 0.8664322906525462, 0.8776338202368008, 0.9376413667642443, 0.9413390203703347, 0.9519593731446713, 0.9432730823985092, 0.9100792547103791, 0.9266519258431863, 0.9682730989306457, 0.9247364199172619], "val_source_mve_loss": [0.24941269015964074, -0.07912566133220739, 0.33209766805926455, 2.0686833134180382, 0.3730799985837333, 0.15352434450406818, 1.2221641208552108, 0.23619521946846683, 0.17359872322671022, 0.06044957440205013, 0.061699754977009344, -0.065400764758734, 0.008586767356536245, -0.019643897918654205, 0.11734677235819871, -0.04357747601557382, -0.21496479618775693, -0.10002114397438266, -0.24428242086609708, -0.08707072675416741, -0.05253796857086163, -0.08677589072834087, -0.08573281887588621, -0.20565200417856627, -0.21013172423537774, -0.1210656613111496, -0.23159241412259354, -0.09350935530058946, -0.20169169710406773, -0.1418318603234955, -0.15751122805891157, -0.10684149919808665, -0.09528090059757233, -0.08289231567443171, -0.061417926715899115, -0.07377935705494278, -0.05683210925965369, -0.024274416609749765, -0.053018146701440026, -0.2523873040947733],