{"train_DA_loss": [0.2132935289572754, 0.10223224451952705, 0.0815270911473134, 0.07030934611611218, 0.06477485048896216, 0.06241291989546807, 0.05833245258798765, 0.05727339286690874, 0.05560577004957243, 0.05373795705096595, 0.052435578570668835, 0.05154101470897359, 0.05125096882310384], "train_regression_loss": [0.11302988431791024, 0.002571953168790958, 0.001717882543517927, 0.0013298593447467063, 0.001147276569724805, 0.001002767955321628, 0.0008967063947107432, 0.0008608784935849172, 0.0008175809050112507, 0.0007854481447969906, 0.0007303652693679253, 0.0006929356342507612, 0.000619844403998991], "train_mve_loss": [178.71338458819625, 4.06406636952918, 2.7136622183501613, 2.1001436921752568, 1.8114549867413816, 1.5829668124589449, 1.4152687557000783, 1.358619875729193, 1.2901603843219973, 1.239354029978869, 1.152260360377798, 1.0930789126120712, 0.9775115332176306], "train_r2_score": [0.65439875706009, 0.9921791616734295, 0.9947873491215681, 0.9959656939489185, 0.9965156515911342, 0.9969491221613289, 0.9972750495103534, 0.9973897884282591, 0.9975174411065861, 0.997612925031992, 0.9977820169080373, 0.9978970468073878, 0.9981211736421357], "val_source_regression_loss": [0.003269806689924643, 0.0017896444939041534, 0.001796294061195907, 0.00114152187487417, 0.0012014654510701665, 0.0010296623517252223, 0.0009817264840018616, 0.0008531047887451758, 0.0009111616424508864, 0.000761575485532514, 0.000720431318261979, 0.0007112972847999463, 0.0007291666789811482], "val_target_regression_loss": [0.018414686970365576, 0.010595781330750146, 0.005964454083668092, 0.0060359805120933285, 0.005414608860081887, 0.003981584348550797, 0.00367694439460771, 0.0030207875408703767, 0.003036243331182418, 0.002248205134020293, 0.002072809340691642, 0.0019117027176308293, 0.0017942108546937757], "val_source_r2_score": [0.9900543510986137, 0.9944992053211053, 0.9944873471327893, 0.9965232131503654, 0.9963256276392627, 0.9968316000042203, 0.9969953171958452, 0.9973918397602735, 0.997188721492529, 0.9976589392335128, 0.9977920333979067, 0.9978302362229722, 0.9977768940297662], "val_target_r2_score": [0.9452949259126902, 0.9685947784919674, 0.9822749388277957, 0.9819705446833089, 0.983931004242123, 0.9880879642942059, 0.9890866870631441, 0.9909974072041101, 0.9909579495727596, 0.9932372199981501, 0.9937723694055016, 0.994303721773612, 0.9946688650610523], "val_source_mve_loss": [5.167469646357283, 2.8271278520173664, 2.837641690350786, 1.8023560213137277, 1.8971351249308526, 1.6254905688611767, 1.5496973312353786, 1.3463285671004765, 1.4381245057794112, 1.2016080399102802, 1.1365534052064148, 1.1221112292024154, 1.1503651987148236], "val_target_mve_loss": [29.11362667325177, 16.750851969175702, 9.428080999398533, 9.54117424880402, 8.558699517310421, 6.292888873740088, 5.811210792275924, 4.773735828037504, 4.798173490958877, 3.552175784412819, 3.2748507185827327, 3.020118799390672, 2.8343478833572773], "val_source_nll_loss": [16340.97441159019, 8940.163506230221, 8973.41125024723, 5699.550330053402, 5999.268183840981, 5140.2526793661, 4900.573405978046, 4257.464893196203, 4547.74916868572, 3799.8183439230615, 3594.097537270075, 3548.4273635284812, 3637.7743058989317], "val_target_nll_loss": [92065.37450553797, 52970.846049248416, 29814.21069026899, 30171.843280261077, 27064.984869462027, 19899.86239739913, 18376.662542029273, 15095.878498318829, 15173.157436708861, 11232.966419847706, 10355.987644630142, 9550.454565120648, 8962.995216079906], "da_weight": [1.4, 1.4, 1.4, 1.4, 1.4, 1.4, 1.4, 1.4, 1.4, 1.4, 1.4, 1.4, 1.4], "beta": [0.5, 0.5, 0.5, 0.5, 0.5, 0.5, 0.5, 0.5, 0.5, 0.5, 0.5, 0.5, 0.5], "epoch_no": 13}