{"train_DA_loss": [0.03653736191016828, 0.009209594170442039, 0.008412315479140913], "train_regression_loss": [0.09115431567916214, 0.022056718865984974, 0.01355030337243019], "train_mve_loss": [-0.04071601315348714, -0.06744314662308111, -0.049106680622575054], "train_r2_score": [0.7215040729566949, 0.9330135334890204, 0.958897544328718], "val_source_regression_loss": [0.023013218058438242, 0.011273557662115068, 0.010030133549501247], "val_target_regression_loss": [0.024169046643979942, 0.014844986209292201, 0.011166967710928071], "val_source_r2_score": [0.929253850919334, 0.9654931242740555, 0.9694526109549062], "val_target_r2_score": [0.9283459926912732, 0.9552709254972334, 0.9669857157434775], "val_source_mve_loss": [-0.020254432606876274, -0.024769999440523643, -0.1257904851927033], "val_target_mve_loss": [-0.019742279543388117, -0.023863956744817994, -0.1259359176023097], "val_source_nll_loss": [47059.45357001582, 3028.7939003268375, -1.0025491337232952], "val_target_nll_loss": [50122.00182950949, 5815.053711323799, -0.9912795688532576], "da_weight": [1.4, 1.4, 1.4], "beta": [1.0, 0.998, 0.996], "epoch_no": 3}