{"train_DA_loss": [0.05139490687569273, 0.04727344094712621, 0.047147774312924426, 0.04625066793719528, 0.046251879167322485, 0.04559155438483524, 0.04487177240960232, 0.045711425846439176, 0.045869705885294584, 0.04527938924729824, 0.04504758706980366, 0.04484917588150589, 0.04482206071929587], "train_regression_loss": [0.0702952210454294, 0.0028437756255636814, 0.001891548893247583, 0.0017120448927355886, 0.0016599243362706625, 0.001534813348888343, 0.0014902594178136934, 0.0014018967517411551, 0.0014351081015615361, 0.001421156566644554, 0.0012978649712244298, 0.00120694401801242, 0.0012963461135028838], "train_mve_loss": [4.424721462880235, 0.17890364559575017, 0.11896451376719057, 0.10766540467058065, 0.1043846092546117, 0.09650933788152892, 0.09370483334773855, 0.0881427322570541, 0.09023326315952829, 0.0893550655128642, 0.08159431833535487, 0.0758711820914388, 0.08149871181771567], "train_r2_score": [0.7859407567032861, 0.9913591695720594, 0.9942696509646584, 0.9948026944545377, 0.99496571983155, 0.9953328167884486, 0.9954816757843665, 0.9957500615880823, 0.9956510768185638, 0.9956814170883638, 0.9960599855729136, 0.99633108042126, 0.9960636217712562], "val_source_regression_loss": [0.0034251197129252214, 0.002255825601412054, 0.0017376975023741775, 0.0033173571824084355, 0.0013073747417641968, 0.0012086204966365159, 0.0020206908097113426, 0.0010105496032246023, 0.0010816324627486683, 0.0009987272618373832, 0.0015199647912802765, 0.0010952079945680084, 0.0009058359347260262], "val_target_regression_loss": [0.003889522382612281, 0.003247919704623615, 0.0019404943148263647, 0.004427808631635919, 0.0016511768335476518, 0.0016117215206657974, 0.0022320008123458564, 0.0013298847450273512, 0.001670156210613779, 0.0013980839985033757, 0.002251848061215368, 0.0016584434440430206, 0.0012027802258211223], "val_source_r2_score": [0.9895310524150301, 0.9930668490117225, 0.9946635002290488, 0.9898548154239662, 0.9959915477432354, 0.9962888014854906, 0.9937981006015764, 0.9969090691562065, 0.9966806939217413, 0.9969279597896709, 0.995289177960122, 0.9966563412790954, 0.99723729080328], "val_target_r2_score": [0.9884368139656975, 0.99034707901099, 0.9942113275599829, 0.9868144954478039, 0.9950979530721638, 0.9951632390969917, 0.9933350082023302, 0.9960421911343389, 0.9950421796963154, 0.9958171275706912, 0.9932574320733573, 0.9950646175694495, 0.9964191939103006], "val_source_mve_loss": [0.21549709518499013, 0.1418943769192394, 0.10928014099975175, 0.20871384649337094, 0.08219292283624033, 0.07597670944619782, 0.12709351808209962, 0.06350888349587404, 0.06798328520565093, 0.06276471111216123, 0.09557467642464215, 0.06883781464605392, 0.05691754728367057], "val_target_mve_loss": [0.24472951549517957, 0.204343015068694, 0.12204544684743579, 0.27861263876474357, 0.10383398642268361, 0.10135042035504233, 0.14039469538610191, 0.08360984350872945, 0.10502866749899296, 0.08790273266502574, 0.14164400779748265, 0.10429139190082308, 0.07560908695376373], "val_source_nll_loss": [17117.53930973101, 11271.068915644779, 8680.428506971915, 16578.726859177215, 6528.814629277096, 6035.04336431962, 10095.3950318928, 5044.688958662975, 5400.10327766515, 4985.577250420292, 7591.764926572389, 5467.980923036986, 4521.1205776552615], "val_target_nll_loss": [19439.552808544304, 16231.539371538765, 9694.412486402294, 22130.984189576742, 8247.825114962421, 8050.548537628561, 11151.944978738133, 6641.364641020569, 8342.72203817247, 6982.360876928402, 11251.181232693829, 8284.158060967167, 6005.842028654074], "da_weight": [1.4, 1.4, 1.4, 1.4, 1.4, 1.4, 1.4, 1.4, 1.4, 1.4, 1.4, 1.4, 1.4], "beta": [0.7, 0.7, 0.7, 0.7, 0.7, 0.7, 0.7, 0.7, 0.7, 0.7, 0.7, 0.7, 0.7], "epoch_no": 13}