{"train_DA_loss": [0.2132935289572754], "train_regression_loss": [0.11302988431791024], "train_mve_loss": [178.71338458819625], "train_r2_score": [0.65439875706009], "val_source_regression_loss": [0.003269806689924643], "val_target_regression_loss": [0.018414686970365576], "val_source_r2_score": [0.9900543510986137], "val_target_r2_score": [0.9452949259126902], "val_source_mve_loss": [5.167469646357283], "val_target_mve_loss": [29.11362667325177], "val_source_nll_loss": [16340.97441159019], "val_target_nll_loss": [92065.37450553797], "da_weight": [1.4], "beta": [0.5], "epoch_no": 1}