{"train_DA_loss": [0.1962670124590506, 0.07015135846827758, 0.047634596199178605, 0.03745802621981997, 0.04071742818917282, 0.03618610759267423, 0.043459007169172795, 0.0446900884285433, 0.03394886406080651, 0.08027591021864298, 0.047294416626612275, 0.03336323418874137, 0.030666197946387082, 0.02935537296965364, 0.030831509755015155, 0.03002551130242169, 0.030347584012957115, 0.03248806275134494, 0.03131018406192226, 0.02937264103183635, 0.026289439925300792, 0.02522720927900381, 0.024431207157685073, 0.02272568864090678, 0.021017518771345806, 0.01829281675082783, 0.018196758537483444, 0.01880807403757678, 0.01590339022039877, 0.014013245714559362, 0.013848735161731785, 0.013951921714657077, 0.01262088251339316, 0.012645227694117772, 0.010954154895404031, 0.011868007010329086, 0.01203053543843002, 0.00846685520781909, 0.0083291172952318, 0.009125264072909924], "train_regression_loss": [0.7446490535189072, 0.09886503005076806, 0.04498867031997257, 0.03461184619263605, 0.048582501491528325, 0.05054282792035143, 0.07251950676197108, 0.10386580389531047, 0.05800379901593194, 0.08241404813988444, 0.06752649681060362, 0.05513746089130041, 0.04523698072301622, 0.034038846777714585, 0.03151634431544562, 0.02939778231629179, 0.02146701269376158, 0.033185970348048904, 0.03109570389521569, 0.026203295181912303, 0.02157653264966972, 0.022083492758913713, 0.021097466545400824, 0.018955578697228997, 0.015893846894980457, 0.013744261988372265, 0.01650958446789213, 0.014439608108327201, 0.013146231299984717, 0.011276888051555514, 0.011966087130942063, 0.011692463616130556, 0.009825633064940763, 0.008505011092312975, 0.008624469887778517, 0.012253183319865022, 0.01142800633558898, 0.006741476133278481, 0.009313020438476852, 0.008779624830744138], "train_mve_loss": [0.9583398011160617, 0.00020671808765264707, -0.04605843740646511, -0.043543732299859306, 0.16828632002127727, 0.37107505301401783, 1.2061735114024805, 1.0922895695544248, 0.1505999391578424, 0.6650997982105032, 0.9981348657302926, 0.6215565282531369, 0.33893212706014053, 0.03039969762164071, -0.17639394513104908, -0.1775615099388459, -0.19316787711622183, -0.14928413311554156, -0.18543035673893565, -0.20483542465259214, -0.17762376982344133, -0.20546398453509787, -0.16904143446297054, -0.20580618707990952, -0.181269037195054, -0.14855338162802145, -0.15605948037268694, -0.11222258734583201, -0.13990582271702112, -0.09458710891884195, -0.14883691816841008, -0.11824236091709878, -0.07484635339208778, -0.08326721430877036, -0.12680660349774894, -0.14782190545831536, -0.09979501236877124, -0.09348683028228214, -0.13153410034843294, -0.0951755766704052], "train_r2_score": [-1.2730711482719221, 0.7014606953809447, 0.8638101412565542, 0.895234561544102, 0.8529137527887044, 0.8468613196078041, 0.780202201348158, 0.6845877961287635, 0.8247118967581524, 0.7485611546612931, 0.7948624737171567, 0.8328708005758447, 0.8630228732497724, 0.8967430340674277, 0.9044555702646225, 0.9109047186431836, 0.9348656920345558, 0.8990916785353339, 0.9058245635426048, 0.9205264688987427, 0.9346021173916805, 0.9330902579495925, 0.9359103154388425, 0.9425190943881444, 0.9517465221609448, 0.9582998274479879, 0.9500145003705313, 0.9562136482712495, 0.9601745670312557, 0.9657841992481068, 0.9637050734351679, 0.9644905896948814, 0.9701662452425392, 0.9741900567930444, 0.9738272788442432, 0.9628196152410768, 0.9653079956562847, 0.9795304700907088, 0.9717615354482079, 0.973357320625359], "val_source_regression_loss": [0.2063381977473633, 0.05263795312258262, 0.045051698466833635, 0.027111523584285868, 0.02189955888669702, 0.11678452497418923, 0.030028281756971455, 0.09041938270571866, 0.037889127371997774, 0.08408099328038059, 0.057532764594011666, 0.0533607787912405, 0.03918962140532234, 0.031241896409022658, 0.025762268625011173, 0.02543735270730302, 0.018872028476075282, 0.03394139037007773, 0.030577129012421718, 0.02869969113623794, 0.019601027375157877, 0.021023128830085072, 0.016779855577440203, 0.01745775710979972, 0.01409712333609409, 0.015766027218461792, 0.021782655787618854, 0.01266406776524986, 0.011807962674411792, 0.01055885936852686, 0.01298196487647446, 0.01098301442033505, 0.010143807039985174, 0.008759938451591173, 0.01872539633437048, 0.012387898644503159, 0.008145779730822844, 0.008149812864493343, 0.010023785584099307, 0.008609024076899396], "val_target_regression_loss": [0.25398451127583466, 0.07753675652644303, 0.05901655965024912, 0.0368420472250709, 0.03525422687960576, 0.13092148360572284, 0.03499687887445281, 0.09904524551916725, 0.042547304984889456, 0.119405190448595, 0.08183416714773903, 0.06842533885678158, 0.05061213540125497, 0.04668984955907622, 0.035493816755994965, 0.03230397617798063, 0.022774875765265542, 0.048419683087098445, 0.03904508440932141, 0.03369847192322906, 0.024406953938776933, 0.027797437732732747, 0.02403762224542944, 0.022397917636399027, 0.018117891377003134, 0.01774410414214753, 0.024233410547522805, 0.016161353244811674, 0.014818783201088634, 0.014063509652697587, 0.014574802822515935, 0.014515351209365115, 0.013271564228719548, 0.011121667703448595, 0.016586841756029973, 0.016043478646610355, 0.009958437755939704, 0.010016978170156857, 0.01052615471490765, 0.010063050727395318], "val_source_r2_score": [0.3707775212644939, 0.8390784515949129, 0.8624913658000928, 0.9166858129476982, 0.9329828335530367, 0.6438946542443235, 0.907763466092519, 0.7231193021144949, 0.8844821546055116, 0.7426479749124095, 0.8229002348875111, 0.8343261140902629, 0.8792460454540256, 0.9036035716628318, 0.9213532779777867, 0.9217968806478039, 0.9421240176532378, 0.8962535619814188, 0.9063140773509588, 0.9103343154199522, 0.9398993400416409, 0.9355680654567137, 0.9480080444002783, 0.9467534888733184, 0.9559632725984913, 0.9514492046470296, 0.9330172849648555, 0.9611703551763092, 0.9636959793402176, 0.9673638842700486, 0.9601765717565127, 0.9667162755783409, 0.9689329098387693, 0.9729852961142551, 0.9424080901194359, 0.9617660426896429, 0.9748100016375731, 0.9756873153919717, 0.9693748088838172, 0.973899309576668], "val_target_r2_score": [0.2482693324123619, 0.7683419548588818, 0.8254124643910967, 0.8904122691121455, 0.8949206119227849, 0.6095796500414866, 0.8967369583424892, 0.7055783043721403, 0.8738950611843272, 0.6426725301754489, 0.7550637935245519, 0.7956375701610278, 0.850304669139803, 0.8603686400266718, 0.8942341414568411, 0.9044564846482199, 0.9308071822499097, 0.8556945831642424, 0.8835590074699683, 0.8997369143139706, 0.9265571244608749, 0.918549932893808, 0.928349251703294, 0.9334617948106879, 0.9457877084108088, 0.9470066054936199, 0.9276860890053247, 0.9515731612486155, 0.9557616313425031, 0.9585819758631285, 0.9564679845903415, 0.9565511143883269, 0.9601289362123744, 0.9667755669669894, 0.950663978821032, 0.9521023113346883, 0.9701047160474985, 0.9702210740422934, 0.9688214000968847, 0.9699335120593012], "val_source_mve_loss": [0.12542995547616406, -0.05853549110455603, -0.1033359345378755, 0.09917969186495565, 0.2664980616632707, 1.9413164642792713, 0.28862898037592066, 0.4031521391265, 0.032629902173965414, 1.3105229758009125, 0.7801442742347717, 0.4795840197726141, 0.18595872970321511, -0.11356630044270165, -0.10439323294389097, -0.21034148307163505, -0.16225127640027034, -0.19800052914438368, -0.22524826983107796, -0.23207983846151375, -0.11809155948554413, -0.19021038145204133, -0.16017695671961277, -0.22641069979607303, -0.21879758374600472, -0.11178533841348902, -0.2283377543657641, -0.09599066252195382, -0.09090852284733253, -0.1010303176656554, -0.09638384182619143, -0.08472054828948612, -0.06269848587203629, -0.23754317530348332, -0.11368055094646502, -0.08488858547769015, -0.06687752298916443, -0.20291482308242895, -0.2445353511013562, -0.1321631198442435],