{"train_DA_loss": [0.074045705692451, 0.03930873027108814, 0.03540397714653224, 0.027051034002093226, 0.018039567373910922, 0.017921314067403077, 0.017798688115426075, 0.019872512702423215, 0.02286352974939853, 0.01902650184486695, 0.021921510346765056, 0.029781210083017293, 0.03459399504420199, 0.03830306778169855, 0.041547407094777396, 0.04241959189815648, 0.04235764157701236, 0.04293590959100226, 0.041780782543408806, 0.04304447176251595, 0.04155815750959804, 0.04126241278087199, 0.04163046694365781, 0.04463974491674351, 0.04193432115944583, 0.042612193877616354, 0.04177060786300974, 0.04080152949846096, 0.0417766792553271, 0.041394713333036605, 0.04190679544232227, 0.04264732957281295, 0.04375689884331043, 0.0430843654672668, 0.04347288217293388, 0.0429419421435928, 0.04261594180569352, 0.04319251888521847, 0.04217405423821653, 0.0439699475314652], "train_regression_loss": [0.3390971788152426, 0.018209799403968305, 0.013946445384684276, 0.014198767006826303, 0.012644226030298463, 0.011436801892407306, 0.010585138982015456, 0.009959127610103249, 0.010260955428864665, 0.00869415259078976, 0.008313806761154936, 0.008463798418566176, 0.007379672943803412, 0.008759929483987976, 0.01007752703465317, 0.009521717606180464, 0.017037060711076534, 0.01830178025047511, 0.03418595196468112, 0.037871483722752744, 0.032419991784199555, 0.029995242599397898, 0.05420196077137695, 0.038185573967047706, 0.025306444494241007, 0.04156066499092025, 0.025576546143781277, 0.030828506371663573, 0.02824339074452137, 0.027354820683373776, 0.07143218896881263, 0.04747870672405638, 0.02965562762879857, 0.03425937659112256, 0.03370689478033721, 0.032623287682784156, 0.04485248431897087, 0.023757079718345044, 0.02915135872681409, 0.03258965059713047], "train_mve_loss": [0.6005080581431564, -0.12668590899216356, -0.16647876338893633, -0.14943660240215156, -0.16028476857207374, -0.15615616186770528, -0.13086536727076092, -0.11698148356004869, -0.08493164197117825, -0.09820279015919409, -0.1249698691237786, -0.11256592867851693, -0.13306109609177688, -0.1619013603206322, -0.15956809004543987, -0.1547912219168969, -0.08293393459954253, -0.16030652330033957, -0.07277100881577811, 0.04671070929889106, -0.14667081509732133, -0.13404199248094664, 0.05656307799676927, 0.26840263749157817, -0.1455861196974105, 0.06594938185139197, -0.12979376962803427, -0.128466267755061, -0.1283600759799754, -0.1282797367524839, -0.08045086261545609, 0.19639534661222854, -0.13266543457812377, -0.0692905996674144, -0.1397553656600974, -0.1280364801211647, -0.036211166590438576, -0.13944146976724497, -0.13037185406676702, -0.13346243268977068], "train_r2_score": [-0.04530006250976835, 0.9446485593856297, 0.9574518622622085, 0.9568315024106998, 0.9618152807734378, 0.9652017593493721, 0.96783988641834, 0.9697568193001149, 0.9689948410914466, 0.9734233694868306, 0.9747778988636145, 0.974366720071954, 0.9776025831302321, 0.9733116406276585, 0.9694172514701067, 0.9710108102510211, 0.9483965942326854, 0.9447445188040496, 0.8961859743161873, 0.8853586893969362, 0.9015034696297971, 0.910190833805681, 0.8363663483471184, 0.8856250251591992, 0.9239145636575188, 0.8739987320580018, 0.9234589383918024, 0.9063192446785651, 0.9147891090505618, 0.917450213274598, 0.785375931981844, 0.8562669182132742, 0.9100556967991819, 0.8964542691893603, 0.8978404040859129, 0.9014722085758481, 0.8646710343183747, 0.9277470617767439, 0.9122310098189923, 0.9018950639224521], "val_source_regression_loss": [0.016274939208656927, 0.012027408750845662, 0.011052786148613013, 0.022830985073896148, 0.03581412626972681, 0.009688264100894899, 0.03188005077970933, 0.045378657977415034, 0.005398560188639956, 0.005573129732326805, 0.014013795671347954, 0.021976208750488637, 0.005362725292061326, 0.005462822365822105, 0.006629355151583499, 0.00991552956166524, 0.009352574360710157, 0.010786547968046198, 0.025380035591182074, 0.014156922167520734, 0.01477262192653327, 0.028578223802054985, 0.014020697909254061, 0.01768020739708143, 0.012006568551487937, 0.018216886522271967, 0.04044109547534321, 0.011212218611772302, 0.010463244588220422, 0.023427725144768062, 0.05779256152955792, 0.01316051723883499, 0.02712467171346085, 0.16428581691240962, 0.07248314267283754, 0.013956742868110349, 0.01114058241106664, 0.010938409845568712, 0.017418024059432217, 0.009144040190060682], "val_target_regression_loss": [0.02174374418733995, 0.014568245403845853, 0.011626596350364293, 0.02555116850741302, 0.040585558059849314, 0.01191336680439454, 0.030643937284056143, 0.04997606995173647, 0.007245964724334735, 0.006370711759251507, 0.019099810355213246, 0.022079443889139575, 0.0063472002614996855, 0.006226788802496806, 0.0073333586495416825, 0.010898745153099298, 0.010247252421760106, 0.011993604841866071, 0.027098467054812215, 0.015110899411330495, 0.01670053673177203, 0.029606687989604624, 0.013845637181325804, 0.02008806884618877, 0.01384608777640741, 0.019483379819253577, 0.04404311330069469, 0.012437402860178977, 0.01146892649180527, 0.02348830451882338, 0.06024487821173064, 0.014800673704358596, 0.029406277934395816, 0.16040330955499335, 0.07476764884364756, 0.015871561544982694, 0.012251052203812177, 0.012866081705293323, 0.01865751220832897, 0.010396089782065984], "val_source_r2_score": [0.9500989715822983, 0.9632970040355491, 0.9661447096078181, 0.9296309392290663, 0.8900184222692502, 0.9703090308672688, 0.9017647433996039, 0.8610178054628729, 0.9835350889700976, 0.9829073597945976, 0.9570199837292167, 0.9314092524525457, 0.9835175815989597, 0.983223578327624, 0.9797992513327863, 0.9695274109421294, 0.9713863370730685, 0.9669675666241573, 0.9222807499322858, 0.9559710993386908, 0.9548153434331641, 0.9125211863338957, 0.9570522934325817, 0.9464078323245917, 0.9631325293381621, 0.944330965978689, 0.8761722610837581, 0.9657733062553192, 0.9679383464648545, 0.9281588476049869, 0.8225525977623853, 0.9598293018226091, 0.916707141208189, 0.49494854434641355, 0.7774421428781184, 0.9570945935815077, 0.9657843131154871, 0.9668696571266453, 0.9462992592103525, 0.972124484354282], "val_target_r2_score": [0.9352261877828143, 0.9557066184378445, 0.9653920503003806, 0.9238134956140687, 0.87861919530608, 0.9635717011520903, 0.9087000845933064, 0.8514610340784796, 0.9787563088024731, 0.9809571290468629, 0.942750855476572, 0.9337520824618238, 0.9811997341520947, 0.981509984967638, 0.9781096741264437, 0.967703841279124, 0.9693853930588603, 0.964335010786994, 0.9195056756556901, 0.955090938594259, 0.9502369661142356, 0.9120173273862588, 0.9589172075530424, 0.9403621870477968, 0.9587425541475355, 0.9420132341270875, 0.8687032651825582, 0.9631002746827799, 0.965902483309216, 0.9302189945208675, 0.8208563030316302, 0.9559496458248986, 0.9123800158413299, 0.5214130892617468, 0.7775531938474413, 0.9527654013713054, 0.9635874035178132, 0.9617887628942885, 0.9445612560711711, 0.9691819034363204], "val_source_mve_loss": [-0.22741702944040298, -0.24625112531305868, -0.2074720182373554, -0.06194741401491286, -0.21694585190543644, -0.17145412575594987, 0.09842110329743804, -0.1570294282953196, -0.04865145485235166, -0.2286931430991692, -0.09623453035196171, -0.12855098471988605, -0.2326835235462913, -0.2110833459639851, -0.2165616462125054, -0.2305552808544304, -0.15101470241818246, -0.15009969340849527, -0.12113766089270386, -0.07852177887777739, -0.22326739490786685, -0.13588780183580856, -0.2173322397696821, -0.107219066518017, -0.17717911906634706, -0.20638945415804658, -0.11826180147973797, -0.057117220580200606, -0.1354955151865754, -0.11134614738859708, -0.11497388949877099, -0.19169846780692476, -0.1297077216868159, -0.09552689934078651, -0.12132582804070244, -0.22538709829125222, -0.21147296040118496, -0.20554235162614268, -0.1216225233636325, -0.17189153123505507],