{"train_DA_loss": [0.19992169386399075, 0.08758928741531027, 0.05153722208422324, 0.041192778568353905, 0.04000301457178767, 0.038377418868938355, 0.03711123157708039, 0.03777242647705283, 0.03786616916793792, 0.036850810953342715, 0.036766251841972034, 0.03652165753858835, 0.03693508278830505, 0.03621268896232793, 0.036752923168718706, 0.03627900106379493, 0.0357190839558077, 0.03605791037626414, 0.03571775859354619, 0.036426061968671555], "train_regression_loss": [0.754608963617895, 0.1360853211903158, 0.035298785887713076, 0.01602783262511712, 0.008257731528853967, 0.010088567824189772, 0.005094474416491754, 0.0037961843284357753, 0.00296251722815799, 0.002503653913540544, 0.0022024612199562778, 0.0021420304452356843, 0.001833322581514151, 0.0017129588305866738, 0.0015432351086649642, 0.0014791607609234913, 0.0013472443649552121, 0.0013071634800095023, 0.0012055212748662604, 0.0011194461507133635], "train_mve_loss": [0.9881884281334538, 0.6478153463296416, 0.5216390409624336, 0.5688987144386528, 0.36998557393359094, 0.2666800036154674, 0.23073395507808578, 0.2119793831021738, 0.15861876849663978, 0.15132391301598366, 0.13559849182964462, 0.12907967102838172, 0.11173516727806881, 0.1068087880051877, 0.09648074781763924, 0.09267962182543396, 0.08443633232000106, 0.08202883319919027, 0.07571272016715742, 0.07033867040952119], "train_r2_score": [-1.3029693310564732, 0.5885899886440639, 0.8929619453755131, 0.9514237070765562, 0.9750173572930372, 0.9693443033477875, 0.9845216249868802, 0.9884672690660596, 0.9910063819844465, 0.9924073839159291, 0.9933020058603848, 0.9935011183876479, 0.9944440784951752, 0.9947999852689335, 0.9953207986977408, 0.9955132325611059, 0.9959092171823913, 0.9960315182259086, 0.9963399574037568, 0.996605484615834], "val_source_regression_loss": [0.24588078826288634, 0.049338232254302956, 0.023359222455492504, 0.012013842764345906, 0.008712510890740006, 0.006677706743578745, 0.003904062617994562, 0.003085761264709261, 0.0027056565387410265, 0.0026651768682854652, 0.0022342427842955612, 0.0025600890755724114, 0.0016748963684268014, 0.0018933694780202983, 0.0016568184821406685, 0.001739966594673033, 0.0013073421941032703, 0.0011511155348153243, 0.0011184014942897838, 0.00105212768245064], "val_target_regression_loss": [0.23599255122715915, 0.06330826685209817, 0.02857708610311339, 0.015288018362148654, 0.016536295119248614, 0.008364511742197637, 0.007406710393585359, 0.005926820950559046, 0.004240323756998287, 0.0053953052899222585, 0.004625639580543848, 0.002726131376716061, 0.002518424059889173, 0.0029171611818991886, 0.0025596455936143293, 0.002182138921645812, 0.002018355438780464, 0.0019885879702559567, 0.0024127143441074633, 0.0020535051928762395], "val_source_r2_score": [0.2500245416352919, 0.8491466539866186, 0.9285605480492617, 0.9629531511988506, 0.9733384496095643, 0.9795228566657294, 0.9880313374703827, 0.9905356333432013, 0.991825808923273, 0.9918497975221046, 0.9931159881015408, 0.9919741814520132, 0.9948447877987977, 0.9941619130188925, 0.9949345530562463, 0.9946614759826476, 0.995970399775241, 0.9964763157948638, 0.9965644965517337, 0.9967313331280409], "val_target_r2_score": [0.30102200568211185, 0.8110218767883862, 0.9150972614287869, 0.9544697634270595, 0.9505334508566291, 0.9750273292537431, 0.9779244072973381, 0.9824051405981635, 0.9873820138605909, 0.9838571005713421, 0.9861250800143866, 0.9918454164104006, 0.9925291491006217, 0.9913301531510063, 0.9923571839246694, 0.9935009212200112, 0.9939198728534494, 0.9940747092165217, 0.9928039337184934, 0.9938996971351219], "val_source_mve_loss": [0.2443271206479661, 0.5577594939666458, 0.6299392433860634, 0.5301576173758205, 0.3419483136149901, 0.24352073424224613, 0.2069334617898434, 0.17274818899510783, 0.1437665109251496, 0.16190095972033997, 0.1370166606163677, 0.12844686662848992, 0.10414886069071444, 0.11872849962379359, 0.10396264036056362, 0.10906180569642707, 0.08177205896641634, 0.0721490179907672, 0.07020052927958814, 0.0661260696434522], "val_target_mve_loss": [0.2329516075079954, 0.625658421199533, 0.916912970663626, 0.7035351742672015, 0.7772703510296496, 0.31700239434272426, 0.42656494846826865, 0.3471519201993942, 0.2565466359823565, 0.3358796472790875, 0.288491442045079, 0.15166296526978287, 0.1576121614515027, 0.1833774437066875, 0.16076566910819162, 0.1370699946073037, 0.12669515685190127, 0.12507276218148727, 0.15176994117754924, 0.12915906055441387], "val_source_nll_loss": [14652.090232380337, 0.25744160160988194, 38517.01293018196, 36325.060658128954, 23573.093614022942, 20348.767874802215, 17055.178043413765, 14171.057054736946, 11695.935485067246, 12949.045360710048, 10945.106099189083, 11003.193439725079, 8298.330245005933, 9439.30748739122, 8268.631947191456, 8668.211802808544, 6502.864801720728, 5732.8796417622625, 5578.214568705498, 5252.579361155063], "val_target_nll_loss": [14699.043939483317, 45.48188470219132, 61069.475721914554, 50235.077136075946, 57943.84253856804, 25827.388523536392, 34432.12544501582, 27997.439626186708, 20581.508504746835, 26739.32421875, 22961.41385235364, 12699.358435522152, 12536.152955646756, 14570.052771459652, 12775.858645668513, 10891.032276008702, 10068.978608336629, 9934.88067395174, 12055.512676770175, 10259.466796875], "da_weight": [1.4, 1.4, 1.4, 1.4, 1.4, 1.4, 1.4, 1.4, 1.4, 1.4, 1.4, 1.4, 1.4, 1.4, 1.4, 1.4, 1.4, 1.4, 1.4, 1.4], "beta": [0.7, 0.7, 0.7, 0.7, 0.7, 0.7, 0.7, 0.7, 0.7, 0.7, 0.7, 0.7, 0.7, 0.7, 0.7, 0.7, 0.7, 0.7, 0.7, 0.7], "epoch_no": 20}