{"train_DA_loss": [0.37684114944782293, 0.2230617433949842, 0.1868936194675605, 0.1691570749652778, 0.1614063532181915, 0.1556461796205375, 0.1493050811277665, 0.14662955284554519, 0.14212944956540627, 0.13955251814651096, 0.13834309325275954, 0.13377085996883661, 0.13053110148587435, 0.12889932671483517, 0.12670081569191743, 0.1269482393669036, 0.12658060462617568, 0.12642445491534918, 0.12490987764089155, 0.12568245807039455, 0.12427914490620223, 0.12460118796424413, 0.12286363244465326, 0.12349097124237901, 0.12464223219800256, 0.12534527944390692, 0.1256367926991509, 0.12584928266527012, 0.12615111954442107, 0.1281920854254222, 0.12743639824758718, 0.12933819730795063, 0.12933505722874916, 0.12835026158520466, 0.128564488129108, 0.12662224553293894, 0.12714719717174605, 0.12547097902683715, 0.12352612854357829, 0.12496623847722135, 0.1252433843774486, 0.12343623946800528, 0.12347470917202655, 0.12344035135081524, 0.12532436928730561, 0.1305977281938959, 0.12830932118965677, 0.13013991806826383, 0.12834312949309185, 0.12801408677802878, 0.12877312726196466, 0.13279978832199324, 0.13341364876062387, 0.1342340414999717, 0.13696276570859295, 0.1362670044290409, 0.1348603432708619, 0.1341299154273008, 0.1347061424316937, 0.13499669093209604, 0.1387730448811538], "train_regression_loss": [0.9861383716655824, 0.10973327931091598, 0.0731024198162572, 0.060125356059950494, 0.05372707697459015, 0.0496764994452842, 0.046544881483073425, 0.04426334083073481, 0.04232959299206979, 0.03964180651698023, 0.03770382812253491, 0.035403655395013924, 0.03378788139705139, 0.03256672045124024, 0.03216707399642773, 0.032028918443979794, 0.03038848835253029, 0.030130280038747098, 0.029575419531355337, 0.029095248371137944, 0.029692671351965644, 0.028530247570773146, 0.029963856174779112, 0.028663974063780833, 0.03428116709528528, 0.033286554512433314, 0.031598533250449375, 0.028680454439039205, 0.028013299020957304, 0.028047736526434556, 0.029125929037977345, 0.04012411926878136, 0.03090802425181517, 0.03792559028938549, 0.04381042527940662, 0.0373941540089819, 0.040958479653798736, 0.0527593324699829, 0.04128732151731549, 0.03781619662388315, 0.04773603621495707, 0.10551750529097764, 0.0784114792677395, 0.10819502015150334, 0.05081611891554658, 0.04757521299975609, 0.04173699086549023, 0.051942712499656235, 0.04557362435150626, 0.034956973313372684, 0.03964737087481364, 0.047444667484972225, 0.05027338563187058, 0.04400613884674811, 0.03679490845200948, 0.038669009737234555, 0.033136354074890045, 0.03273864400486242, 0.02952568131027372, 0.03555581293969502, 0.03349069386066859], "train_mve_loss": [0.4406961512371346, -0.09107046661442197, -0.08764378074939674, -0.10326475004360788, -0.10644070949521209, -0.10835360815336544, -0.11291507945755255, -0.12615537747121, -0.1262051592082112, -0.12981801116719868, -0.11708521950390646, -0.1111444459982911, -0.11622499308542057, -0.10270095582910127, -0.11353241504251725, -0.1341826697050422, -0.1242727730210387, -0.13196910892475322, -0.1426689568055722, -0.17385912207985327, -0.08340787843816405, -0.13419180900927707, -0.06545236139235613, 0.021676484556695005, 0.11903125553739205, -0.03479819316706421, 0.04073643487907088, 0.22510466110676364, 0.3380092846151353, 0.17866902409540233, -0.06723733740080645, 0.049561315684126424, -0.06272313394030417, 0.19946014037325133, 0.7012139136964282, 0.31839910065465804, 0.43800206964586946, 3.356575144740874, 0.781552043353536, 0.6142700227552946, 0.34037469202819426, 0.47451782614670324, 0.1362559340998081, 1.2600117196159528, 3.3567155562800917, 1.1871666658220223, 1.0927865050470889, 0.05281100240433878, 0.1284827252541766, 0.25286644707064415, 2.3010722831014196, 0.5775029214217806, 0.8368012064614996, 2.936342409040636, 2.9577078518289155, 1.8566339075006886, 1.5023478721941002, 0.24973024454451348, 0.08154644043196735, 3.208977219842543, 4.514436943521229], "train_r2_score": [-2.1080811401447157, 0.6545457761015787, 0.7700102181397472, 0.8106672693693397, 0.8309808140787992, 0.8440597231357141, 0.8539504999644127, 0.860831130679127, 0.8670631908130805, 0.8754809102825807, 0.8810941044731022, 0.8885583245320052, 0.8941137111466925, 0.8977733071583646, 0.898820274490236, 0.8990799645646695, 0.9048410537195078, 0.9054443894999584, 0.9071163103675711, 0.908770367736137, 0.906806985761716, 0.910574638659921, 0.9061553024205369, 0.909908162607874, 0.8925367728386455, 0.8954025030733074, 0.9003058644976875, 0.9091715481833977, 0.9118641900872939, 0.9115656602320811, 0.9082936104328493, 0.8731576781691842, 0.9027336856755394, 0.8801187204944332, 0.8615454813025357, 0.8821031959230782, 0.8710468193816798, 0.8320222670809819, 0.8698441468475993, 0.88077599454601, 0.8486315704916674, 0.6679946451570075, 0.7528115716792927, 0.657470923562109, 0.8396959544930405, 0.8490275206586538, 0.8677872289019049, 0.8347648100638109, 0.8556708164116816, 0.8895397612581752, 0.8752135826639071, 0.8493954446368843, 0.8413618373229317, 0.8613288923736969, 0.884904271980209, 0.8788719723890528, 0.8949591133745493, 0.8961782462922742, 0.9066580775800455, 0.8873227614926864, 0.8939722351942238], "val_source_regression_loss": [0.17372816535317973, 0.0836274681767081, 0.06645346599020016, 0.06001378397700513, 0.055972460123478986, 0.053412596380729586, 0.04919583877180792, 0.04862396728698235, 0.04369904919509675, 0.042651748296561515, 0.03931075196926761, 0.036996435729940984, 0.03686268813314901, 0.03499263606277431, 0.035759011295380866, 0.03355153322006297, 0.03352093440925429, 0.03256205354882463, 0.03184418331024943, 0.03736561330948855, 0.032728596133696046, 0.030882284585030596, 0.031472444249566196, 0.03284052545264079, 0.03920079224333642, 0.03731454706566918, 0.03204055001164318, 0.031004443248603374, 0.031223432095662043, 0.031157982393292486, 0.03046854371264292, 0.035061717389305684, 0.03776478848070096, 0.07147878010988615, 0.047979951889556685, 0.03488297698793897, 0.03775779762346843, 0.044519101061923486, 0.03730041822003331, 0.041497950566707145, 0.05899089043307456, 0.1028217633913277, 0.0503096334920947, 0.18841251507876025, 0.054471674256596214, 0.053098687332621804, 0.05705405669702086, 0.051527121513607395, 0.04908680228907971, 0.037745375933635764, 0.04029372097200649, 0.0645109813802751, 0.05977453215486685, 0.0458031571499861, 0.03353923197337397, 0.031209186781316425, 0.03498035943088163, 0.03547319247250914, 0.030514108978069512, 0.03717871314021432, 0.02948319711455494], "val_target_regression_loss": [0.2017150950754524, 0.10806101823973048, 0.08160812608233303, 0.07573369548768755, 0.06777166202664375, 0.06213197152420973, 0.05767457484961695, 0.05556963782781248, 0.050442294959144984, 0.04922990911420743, 0.04344116982997982, 0.042012832726642586, 0.04168740767914399, 0.04082206207191109, 0.04061594769168811, 0.04025157200540327, 0.037833964464011466, 0.037029147219316216, 0.036771175540556575, 0.04050366927507767, 0.0367879895612028, 0.03403935185188701, 0.035278270323612505, 0.0374063191947284, 0.04555446666422164, 0.040414278389541966, 0.03487326588576577, 0.035352657946526624, 0.033937130633528066, 0.03458776145248087, 0.03358590943964234, 0.04081633016704374, 0.04354007244347387, 0.0711593471443767, 0.05176017950674531, 0.03962010463142091, 0.042998866990778095, 0.05254598612048823, 0.03838417802456837, 0.045478132191547165, 0.06612773619259998, 0.11181453945245712, 0.05580559277990062, 0.20366474065431364, 0.056794822382129684, 0.06069889220937043, 0.06659610284741517, 0.0604989825848751, 0.056461562230518667, 0.04030331050988975, 0.04600062374334047, 0.08019007666475454, 0.07087168852045278, 0.053926341579693136, 0.037283656394975204, 0.03550716508535823, 0.038173555034645805, 0.038700051653157375, 0.03533589167840731, 0.04182661143220534, 0.032821866665865965],