{"train_DA_loss": [0.5966181995336927, 0.5599246689235924, 0.5095949273222761, 0.46777628013486183, 0.4304002093685828, 0.39966942931115085, 0.370538862207581, 0.3471471677641546, 0.32236064094675526, 0.299507008787156, 0.2886592930070443, 0.26769540106138756, 0.2458651856377966, 0.2246143993473794, 0.20999827671121854, 0.20129596664684346, 0.19540600403053668, 0.18943834764511755, 0.18727360079422511, 0.18365105843576696, 0.17932350569876282, 0.17270682945547852, 0.17160487670104072, 0.16918776860593443, 0.16927072284589956, 0.1683096961685247, 0.16816159014945928, 0.16818632148682963, 0.16657546561694886, 0.1704571159995779], "train_regression_loss": [0.3123768667564463, 0.04905545922214169, 0.03399056848819611, 0.025504106931538206, 0.020631148393471917, 0.017186470843095613, 0.017945663742142196, 0.02010243065089968, 0.024246321416883924, 0.03390080100044581, 0.0227440701217869, 0.02077015597369842, 0.020860207027464533, 0.0252028138860311, 0.029380081670522227, 0.026646159334751816, 0.030611514847238685, 0.027434163346334993, 0.034814156318624834, 0.02808115349859476, 0.02800440089181202, 0.05022215891809933, 0.06790348971807407, 0.024778334144247488, 0.022411274088638574, 0.022762738961225864, 0.03031847122256428, 0.02693228633696353, 0.046776377704076236, 0.15723099687581088], "train_mve_loss": [493.0106857045259, 77.03848699852144, 53.21540079953684, 39.783501686953976, 32.1371121153753, 12.728804326900562, 2.5526079588639505, 0.5631043877777383, 0.47195141509265115, 0.4819199159665636, 1.800696927914481, 1.2190079084806948, 1.3283293466585973, 0.40820926710526106, 0.03722871878521493, 0.6995551634266618, 0.4278780092916007, 0.19652495994185773, 0.8443260366734291, 0.15856936219500775, 0.5339860419284763, 0.6953593716297769, 0.22045091911384213, 0.41826020716476703, 0.8429450923389665, 0.5029493207571657, 0.32467896582122885, 0.8341156182207518, 1.225759954519495, 0.37176382585243073], "train_r2_score": [0.005190480974549216, 0.8453125808365511, 0.8928571424285445, 0.9200039059268392, 0.934752351168677, 0.9460158857323262, 0.9430426756804905, 0.9368349728426992, 0.9233746540300359, 0.8932496385717329, 0.9279652649666302, 0.9346797911917495, 0.9343306163222674, 0.9206258258838448, 0.9073012552395503, 0.9157910999042825, 0.9034515589956548, 0.9132252585796018, 0.8900111614211781, 0.911607258238793, 0.9113378413182914, 0.8403353961950172, 0.783349620694876, 0.9223475727232068, 0.9292627922352032, 0.9275672496406469, 0.9037507585387065, 0.9156364434649991, 0.8517933856502512, 0.497319566125984], "val_source_regression_loss": [0.06580212545005759, 0.03991629621073319, 0.03039102942629415, 0.023926113714363165, 0.02062706589390328, 0.020136076452768152, 0.021676786154935693, 0.023898107664078284, 0.04441751462591302, 0.02893351421210986, 0.022906092060789182, 0.020498167699689318, 0.02691013816222074, 0.03436341017757537, 0.026766562253046945, 0.026007102304108583, 0.024998813989174782, 0.03230698427458288, 0.02691660231797938, 0.038070547032603035, 0.07018128663870939, 0.12015261586494506, 0.02934871212383554, 0.023767890699302695, 0.022632973707595448, 0.02469605262017554, 0.0312752566021529, 0.02359941921190946, 0.19190033771999324, 0.11277811167536268], "val_target_regression_loss": [0.2815214635175505, 0.19653124609001124, 0.15715937556070128, 0.10862048917040704, 0.09619710613398036, 0.08699884472094524, 0.07806784893344541, 0.06836288586069064, 0.09308295583079575, 0.07405837072403568, 0.07521402667377405, 0.057608333564582906, 0.07002312195291564, 0.06763755843328063, 0.06294293081162462, 0.059862255207767154, 0.06721387331368057, 0.06188327179640342, 0.06006732303055988, 0.07142153885334161, 0.09807550968827715, 0.17574808632682085, 0.05472895710663811, 0.049664221520114474, 0.04546596993733743, 0.046167232345338836, 0.057861860022897935, 0.042581924338154734, 0.24949309808813083, 0.16214309224657192], "val_source_r2_score": [0.7921292509640566, 0.8756700866145825, 0.9045527650300891, 0.9246370824590912, 0.9347051980789689, 0.9366708212347035, 0.9324612250123971, 0.926272116391555, 0.8611022963989413, 0.9105422743283432, 0.929129820289274, 0.9360982759928448, 0.9162708889311886, 0.8918714110726956, 0.9179196328916018, 0.91776859062344, 0.9204864855865557, 0.8978175275954414, 0.9159408354522669, 0.8809332349209381, 0.7767063323984678, 0.6185196341178529, 0.908032794961983, 0.9260295773996013, 0.9301559551370837, 0.9230298806530438, 0.9027137078453941, 0.9264052982523909, 0.4004235100246388, 0.6389483290319037], "val_target_r2_score": [0.09431052572563751, 0.36610036126975565, 0.5023818136304461, 0.6521365346558712, 0.691698167553864, 0.7224305989696976, 0.7515493767645949, 0.7803253479546842, 0.6974570366344628, 0.7656908005255917, 0.7629954862041176, 0.8179382465338183, 0.7803419909319795, 0.7859974717511807, 0.8011914341946371, 0.8103567710443536, 0.7836991183163771, 0.8057131602031098, 0.8100113261400833, 0.7627511312064222, 0.68767000498118, 0.42673622052859295, 0.8272849922036695, 0.8424497904118641, 0.8521738642308886, 0.8532222494587991, 0.817038250569083, 0.8650804919666545, 0.19707943678870332, 0.48464124006253906], "val_source_mve_loss": [103.5900945238247, 62.29673075827823, 47.40092758616065, 37.27315747206378, 32.25884424197446, 2.3362850637477672, 0.37707014037830056, 0.44715146408090073, 0.12355654444812447, 3.4198789259620535, 3.7049425229145463, 0.5601938963410961, 0.6253549728993397, 0.037711093095457476, 0.20573450473083812, 1.983046257370122, 0.17329155065261634, 0.5381085788653155, 1.1755505916988773, 0.029889870031624084, -0.13916189693341588, 0.21705693860722194, 1.4693981545745947, 1.0002662355827678, 1.7250055532166912, 0.7888132483241664, 0.3096230628301099, 1.805991254011347, 0.5882442039289292, 0.47582428793238984], "val_target_mve_loss": [434.63838156924885, 302.55702340678806, 246.5777820174102, 169.32169546139468, 151.18285620136626, 6.615257157760251, 0.08896152708370975, 0.03857784700479097, 0.19710316993058866, 8.239509692949474, 9.435378008539889, 3.7581432613360275, 3.2925321715083093, 0.08951951076935051, 0.05878469623198175, 3.464715333572429, 0.22769051021451403, 0.07056400485953708, 2.0303737235012327, -0.08205976508035781, -0.10482285451737179, 0.2777462138491831, -0.06632439934524001, 1.2147432076418476, 3.395659870023181, 0.37321069300364534, 0.2923003001209752, 3.3740890225407423, 0.3869218964865253, 0.33389065998375034], "epoch_no": 30}