{"train_DA_loss": [0.1957792687950012, 0.1403470002591501, 0.12348555072025146, 0.09143655675665988, 0.09941401651343654, 0.1107090473093324, 0.11513169326392127, 0.09143339265035755, 0.09375338688138635, 0.07974553090508285, 0.07384434884492397, 0.09012048414327763, 0.0906438754507131, 0.09422557874560573, 0.09358513451962845, 0.09597267646349326, 0.09707947252437445, 0.1005270204879684, 0.10252516516492834, 0.10256208393593375, 0.1076057904571894, 0.11137479941413433, 0.11152063620700697, 0.11557511790524454, 0.11892348751289535, 0.11940694025545713, 0.12302426967967363, 0.12775582756159293, 0.168938669701272, 0.12955821565670766, 0.14304716288498595, 0.15575128111314077, 0.13856933122905996, 0.13988517791414173, 0.17676948367786582, 0.16374830217858338, 0.14253407603698412, 0.15813669659047502, 0.14077658534485854, 0.15006916982273297, 0.15385261484484786, 0.17459134880106017, 0.1859873908365884, 0.19713399627363443, 0.1530641136347049, 0.14526170952555467, 0.14610817632084572, 0.14986976009999595, 0.17484914172284127, 0.1807940338331341, 0.27595301084152307, 0.31970046253592266, 0.27590948283345434, 0.2377291002210359, 0.21702151646125906, 0.19863379897866432, 0.2043015315066308, 0.18294862130660244, 0.1715005701050244, 0.16204399265471497], "train_regression_loss": [0.12447758579466635, 0.01536078520555056, 0.01956581195196651, 0.012372836838365691, 0.013151303481079053, 0.024280397338925484, 0.016151582069654134, 0.011154602680157808, 0.01107554466989729, 0.010983807008400206, 0.010714397390272598, 0.008741860060017877, 0.0076915695586529526, 0.02031732071957243, 0.011136361886449226, 0.008405492816399613, 0.006128176865448845, 0.004413804822981058, 0.0034153226159012433, 0.0027765867971156263, 0.0023227459380753897, 0.0018877108333210104, 0.0016461422231041536, 0.0013777500633967588, 0.0012123952165349868, 0.0010932495731773566, 0.001149635554578196, 0.0030954700041863677, 0.0021663384801083306, 0.005160835051229751, 0.002108005129062218, 0.0026989271005545784, 0.0024454792145506853, 0.00301393703855506, 0.003038373244568787, 0.002882575794162273, 0.0022535037162706895, 0.001446881979342952, 0.003256050729038708, 0.0025489605305387794, 0.0022332071646123486, 0.0021070455667269936, 0.0012049731332170258, 0.00333829427634279, 0.0017990975696474342, 0.0014242803804760278, 0.0011731139309721329, 0.0029793419661102525, 0.001393737427641721, 0.001102171022205748, 0.0032050015510807334, 0.005284196203208479, 0.0014575346211487363, 0.0013236663958919278, 0.0014188017765736, 0.003360267867807936, 0.0019984953624742887, 0.0016259609441097546, 0.0012612924469469738, 0.0012042413661903421], "train_mve_loss": [-0.1802185191355741, -0.23650006080894193, -0.27148187931429535, -0.2656221317580239, -0.26746222648558493, -0.22649305652132362, -0.2661586748248807, -0.24216866640329796, -0.28651587592209715, -0.29618810519739525, -0.26881364202450353, -0.23139047128245424, -0.2634624821530618, -0.26669609339625133, -0.346722945271288, -0.35179511529871926, -0.3499545835816664, -0.34313350763355793, -0.325973433049113, -0.2543234389268502, -0.15907051143197298, -0.13175554243912427, -0.11730622895184557, -0.10610960483877925, -0.10595081559973181, -0.1276645957810678, -0.11151520808446996, -0.26112052690666815, -0.13115149286917838, -0.22462436254093698, -0.18202745304928183, -0.29652644371038384, -0.2694279006503563, -0.3170586043212842, -0.17393664361558295, -0.29239460175867166, -0.20120835490865288, -0.35777281189313537, -0.27710999161944855, -0.16800540688548107, -0.15175272894161712, -0.3425763383562212, -0.3561735427793681, -0.323779462814549, -0.36507863018804754, -0.3642498753297482, -0.34922009782773705, -0.3078325939121259, -0.34919578528927275, -0.1518917517835305, -0.157070362845085, -0.244148899142169, -0.3569029853483441, -0.16935662466222234, -0.34434280815573454, -0.22370615525263102, -0.36283151917091455, -0.3647182790845142, -0.3656821346261166, -0.36601030303529675], "train_r2_score": [0.6189679261670261, 0.9533688592742312, 0.9404797556505788, 0.9623977068839844, 0.9601002884534336, 0.9265104689003667, 0.9509639343382844, 0.9660997998430999, 0.9664350597697965, 0.9665647847462696, 0.9674034037086132, 0.9734916442108842, 0.9767346566053986, 0.9382183256086625, 0.9662664169902125, 0.9745872773143838, 0.9814700390150299, 0.9866407952206527, 0.9896677060186285, 0.9915978635352681, 0.9929633328114095, 0.9942737320466346, 0.9950086370365239, 0.9958156642788223, 0.9963242805248048, 0.9966813217752715, 0.9965120331900119, 0.9906350754958504, 0.9934319188627744, 0.9842482478255372, 0.9936050639656382, 0.9917483139394222, 0.9926437476949547, 0.9908740609343476, 0.9906667649597245, 0.9913051580975698, 0.9931863649068534, 0.9956053910851755, 0.9900338362065142, 0.9921579314402116, 0.9932375299650467, 0.9935937646541206, 0.9963404543819894, 0.9899020697512592, 0.9945398098111129, 0.9956718441683202, 0.9964422004053871, 0.9909880853452124, 0.9957698232243063, 0.9966546286987101, 0.9902095622947495, 0.9839247505215271, 0.9955825150883407, 0.9959648701306857, 0.9956793936016454, 0.9897749354251282, 0.9939369917953377, 0.9950615051468532, 0.9961764306683749, 0.9963522151890575], "val_source_regression_loss": [0.013632387913103346, 0.015335199800378915, 0.010011961677736497, 0.00765317139699112, 0.014193636247345919, 0.013109322189341617, 0.012224194546572016, 0.009190244529443451, 0.009367792784601828, 0.01095947356823879, 0.009417346372162993, 0.006964800113081177, 0.007372102882901702, 0.013037168992612558, 0.009272166250768718, 0.008659373296872724, 0.005239501554236005, 0.0037575792521238327, 0.0030227439666662037, 0.0026402396527177925, 0.0019552229455660416, 0.0017798492873582659, 0.0015990251551464766, 0.0014043207681160184, 0.0011215062282944122, 0.0010481268061395686, 0.0010873997330524121, 0.0023804396491120513, 0.001421136068345248, 0.0036281854315083238, 0.0018871918591800369, 0.0014924984086375635, 0.0018290366706308686, 0.004309626372790412, 0.003121151731797506, 0.005010100228924163, 0.0022708112211850813, 0.0012615310179977383, 0.0038048502800491035, 0.0023153765743032474, 0.0011145718708115665, 0.001344858526541038, 0.0015204905877125603, 0.0023237962402474087, 0.001688717858559346, 0.0013874425977185557, 0.0011466624225560528, 0.0017779126403782565, 0.0011735955898685357, 0.0008551691079665495, 0.0011293579539861766, 0.0022485307285184915, 0.001173501737751774, 0.006735147374882539, 0.0010238910098324377, 0.0027938280195657964, 0.0019031160870637697, 0.0014520979624925345, 0.0011848978715936972, 0.0011894741247384514], "val_target_regression_loss": [0.019904034424431716, 0.021435846515660044, 0.013138646678409622, 0.010290998116701464, 0.02589581904437723, 0.017326438198266906, 0.015190559910916829, 0.01119068709402522, 0.012219513177022905, 0.012504803394026395, 0.011452876420432254, 0.008668157283829737, 0.011316046666919807, 0.017995459145477302, 0.021837098630074457, 0.018757819870038876, 0.01852348086105872, 0.01890625739823791, 0.015526080834148805, 0.010517885613762126, 0.00839548800847953, 0.007247431987684362, 0.00725154731057207, 0.008382730433552326, 0.008378127513194009, 0.008179516048182416, 0.009124447120047069, 0.00892729443038189, 0.006374222986824527, 0.011088464739201944, 0.008661919137863796, 0.006666078108445376, 0.004771622478419655, 0.009083662311770494, 0.01080067543006396, 0.006385627686034275, 0.00799331557642244, 0.007904724368259688, 0.007876064651940443, 0.009768974743311919, 0.008963894184466593, 0.01943860680477906, 0.014143717086201981, 0.02272313069316405, 0.01628130095527519, 0.013981644677210458, 0.013917657122298886, 0.00772406357411248, 0.008401763203990045, 0.01967770509610448, 0.05908013148162561, 0.021162963142217713, 0.014895136709784783, 0.010209351554041422, 0.008310329233873872, 0.010509957441517824, 0.008918807824154067, 0.007389171396771186, 0.00670453353160167, 0.008012303837893319],