{"train_DA_loss": [0.03649082264677371, 0.03538843191193052, 0.03438093679764698, 0.03798375610037412, 0.03628139743339645, 0.0372997074910666, 0.03694128817870151, 0.03583368730528699, 0.035187589198732286, 0.03800768135166582, 0.0381874124088769, 0.03831299633754782, 0.03840379463253335, 0.03828196594631214, 0.037760248346427897, 0.03708379033278721, 0.03769290952226471, 0.03777752104308967, 0.03837035091379334, 0.03961547225768213, 0.03963022374665497, 0.039843407205869555, 0.04038203182805609, 0.04210906223456973, 0.04407911741224133, 0.04419305642395939, 0.04264977996593419, 0.04403279190866014, 0.04333530938154056, 0.04426386244458843, 0.04435052415543326, 0.0446010560846089, 0.04323231714558013, 0.04466841547959356, 0.043023395500191824, 0.041953044270984216, 0.04377460001305536, 0.04400721724252378, 0.043487439180640894, 0.04364025392578114], "train_regression_loss": [0.31238029603003586, 0.022419928871027076, 0.0246724714601661, 0.022385877542626758, 0.021133457897894996, 0.03710384088375995, 0.019528409220972924, 0.013096042770817468, 0.016468718762882393, 0.012370795461858267, 0.008782648330748462, 0.008400626686594059, 0.006804932937216715, 0.006427744971724462, 0.007130244398622397, 0.007374136188957956, 0.00784559454343246, 0.007979216366509143, 0.004550811506457068, 0.003058053951725786, 0.0033176096913471163, 0.004854425461877689, 0.005286936590301598, 0.0054370940214285195, 0.005774858865675804, 0.006807073878832638, 0.007274302786345537, 0.005773092732872044, 0.008003910831933402, 0.00792333613561851, 0.004952570181076076, 0.01383328823699621, 0.005717546839123997, 0.005188166858522831, 0.05307019110368922, 0.04339927550783241, 0.00744034328806117, 0.005160755303329098, 0.005006895149450143, 0.020343647268217677], "train_mve_loss": [-0.019233606100232226, -0.255489775546617, -0.27226909730920545, -0.18575078761119948, -0.2608193961505044, -0.22814037379429045, -0.28965666589124545, -0.2210160113285403, -0.25752288316269245, -0.23664344362301626, -0.19000139857014092, -0.25431187615016476, -0.1973337447321829, -0.18871361587938923, -0.19513730044856367, -0.3415070520458535, -0.22124044121782785, -0.34363214194883596, -0.2136693085242451, -0.1385428837519241, -0.19155434717916264, -0.1804479471726217, -0.2200134673549145, -0.2281850618965774, -0.20270975885003586, -0.1796271823060578, -0.20910606633401876, -0.17310754571389236, -0.19591239858350598, -0.19621451056376782, -0.15441716681668702, -0.25591494167526635, -0.17572791269644958, -0.15860461889062982, -0.1487834171934302, -0.2884478497521533, -0.19774476139103037, -0.1592873187098904, -0.16555477151650616, -0.2924274141564829], "train_r2_score": [0.06326861279468633, 0.9323213350662178, 0.924905040488238, 0.9324936287919405, 0.9358406616926753, 0.8878462941925955, 0.9407023839186976, 0.9602496052191547, 0.9501380708159823, 0.9624362859368522, 0.9733443626314885, 0.9745297454928867, 0.9793316221160757, 0.9804827933144008, 0.9782072818805605, 0.9776379149391842, 0.9763017585398862, 0.9757831621991483, 0.9862073454566055, 0.9907200704954829, 0.9899287648214505, 0.9852571457226446, 0.9839351848701561, 0.9835065342014686, 0.9825403209247274, 0.9794772520446462, 0.97789932826513, 0.9824987480652106, 0.9754938234147347, 0.9759157645903435, 0.9849856439890832, 0.9587756048926324, 0.9826622244305165, 0.984238011106995, 0.8397176130356642, 0.8688087903640672, 0.977416719876785, 0.9843767202992206, 0.9848635290542517, 0.9382243762931104], "val_source_regression_loss": [0.013243460084629965, 0.01890388258461711, 0.2653394026469581, 0.02031278899057379, 0.01621470148851977, 0.020938821384518205, 0.013527835624976248, 0.01123961168518172, 0.01796230423865439, 0.010000520568529639, 0.007055566876042116, 0.008721009368383431, 0.0049241319876399976, 0.0054290197241485495, 0.026310347610070735, 0.006813476958512505, 0.010123772304976665, 0.006042178631819124, 0.0037476346161970987, 0.005927170871438671, 0.002712282119318843, 0.0031977822632776407, 0.004390660655696558, 0.006244554638249587, 0.007750915463636571, 0.008121089827080694, 0.009606254010025081, 0.005337779802164134, 0.004768125939807749, 0.005741284497058656, 0.004354579854591549, 0.006427458319459347, 0.005080764861246924, 0.0037219925441696676, 0.017240225608590284, 0.011019425124778777, 0.005790697899941779, 0.004751832890501128, 0.004985949728944445, 0.007468446387756097], "val_target_regression_loss": [0.014703224872863746, 0.019387140987983234, 0.2816880828217615, 0.02197256206853103, 0.019472112843790388, 0.024979724961368344, 0.01655320487209136, 0.013908973682813252, 0.020584846658137024, 0.011740397166790841, 0.008797346985651345, 0.010121661998755947, 0.00562463840469718, 0.006523654230316228, 0.0297859798220894, 0.007853290272428643, 0.010714104988529712, 0.007167899267913043, 0.004898840033956155, 0.005401309105107868, 0.0033714998590087964, 0.00378934176685878, 0.005420773113264313, 0.007418447987565511, 0.008939613240381962, 0.009305327240660598, 0.010508433190657746, 0.00657036653543009, 0.005560741603633837, 0.006288799345257539, 0.005487196362589168, 0.007881655687867086, 0.0065568466818172345, 0.0051193173438357775, 0.01892760103639168, 0.01309945888204288, 0.007019162894214822, 0.005840462882991267, 0.006842899018356317, 0.008931787154059621], "val_source_r2_score": [0.9591514187627552, 0.9417223898331119, 0.17890538232859238, 0.9373883302649895, 0.9504088429230301, 0.9359315337130015, 0.958631668820709, 0.9654840427908711, 0.9450696376646106, 0.9685914977231693, 0.9784903492864867, 0.9726600820119453, 0.984997742375437, 0.9833829728029474, 0.9190405072076134, 0.9790829064887004, 0.9686969199400239, 0.9815763142051876, 0.9885507079081627, 0.9818994780910857, 0.9916932750887814, 0.9901079488135518, 0.9864525046586917, 0.9808492564717096, 0.97620263637596, 0.9752459044807729, 0.9704886869793987, 0.9836501818267368, 0.985414561207686, 0.9823427207791994, 0.9866668722117976, 0.9803369546288051, 0.9844646684062441, 0.9886113990376788, 0.9470971523007027, 0.9664749663260338, 0.9822794493849385, 0.9854260669345385, 0.984708926304996, 0.9771092406299692], "val_target_r2_score": [0.9557527324739347, 0.9423630128321886, 0.15723240220769955, 0.9348297517604334, 0.9418921809886105, 0.9253951053411723, 0.9507460607338023, 0.9585362075031382, 0.9384832860523391, 0.965060061481547, 0.9735773184128769, 0.9697668797683887, 0.9829587733630886, 0.9804558000672725, 0.9114357366132303, 0.9765637668492876, 0.9681389719366016, 0.9787527683271053, 0.985465029899498, 0.9839113888931372, 0.9898888177890025, 0.9887284060392669, 0.9837458167713727, 0.9779837422262382, 0.9732111814613466, 0.9718227280400494, 0.9688610202374611, 0.980504521928253, 0.9835109917524415, 0.9812295731439421, 0.9837369812960703, 0.9763798261752022, 0.9805749414762396, 0.9848076739315494, 0.9439300479433008, 0.9611670432613306, 0.9792410372255103, 0.9828001080438153, 0.979549079700272, 0.973209609588504], "val_source_mve_loss": [-0.24057231654849234, -0.3025981029377708, -0.07343580341556027, -0.2841134026080747, -0.33308533928062345, -0.2550384523936465, -0.2680851202222365, -0.21303074014715, -0.3313140103334113, -0.21081004395515104, -0.1636738925229145, -0.24018147210531596, -0.08751524381245239, -0.1658232553473002, -0.23880282421655294, -0.31313816241071196, -0.3455874618095688, -0.27844430411918253, -0.1905925918983508, -0.20910531886016268, -0.14351758681520632, -0.1729757874449597, -0.35362897945355765, -0.34919070216673836, -0.14313007532795774, -0.17642501769941063, -0.2004590213676042, -0.2851543566094169, -0.13069220641745796, -0.14544526911989042, -0.16544578639389593, -0.3175554245333128, -0.12508955927966517, -0.16092744243295887, -0.3260631112358238, -0.3423827588558197, -0.159599720677243, -0.12894406301688544, -0.25946508970441695, -0.15946503191054623],