{"train_DA_loss": [0.03679973930052364, 0.03362450645504421, 0.03543779145674252, 0.038221399417279846, 0.036672548327928704, 0.037138878744116, 0.036998269064743516, 0.03585350018682493, 0.03631748862469218, 0.03526957040581123, 0.03574469080790741, 0.036805103660665, 0.03673367001034551, 0.03738263889915656, 0.037521400763031766, 0.039421276582687605, 0.039638328251907336, 0.04177346860332724, 0.04225755576895621, 0.04147002579375311, 0.042602879395350894, 0.041868665580802905, 0.04248686496447601, 0.043646446318523976, 0.043320715962015297, 0.04397927327813679, 0.044260744431091834, 0.04378406397685054, 0.043973715625144884, 0.04369795338082139, 0.043331790313642246, 0.043183099934780186, 0.04326597264741413, 0.043150222889220914, 0.043383665447560914, 0.044042611644489235, 0.04417430839656258, 0.04400340293685631, 0.043003633594518385, 0.04344747524020659], "train_regression_loss": [0.19734945132054893, 0.02079181105640787, 0.026818728612453237, 0.018591184828811797, 0.01500092316129444, 0.012830611864033357, 0.0165437972794544, 0.012496401371104027, 0.026639476804134234, 0.014208452815234225, 0.00954668264550036, 0.007860725696608969, 0.006042365681114428, 0.004741163697039242, 0.005230089152824318, 0.004169156754021643, 0.005799516172691417, 0.021281879219027335, 0.011994326245414274, 0.009712636356720431, 0.010832602114772502, 0.011814672274300506, 0.011624387031254211, 0.011016639392189614, 0.008738442285793409, 0.0069701931412949805, 0.006716011256367731, 0.006067251250270407, 0.005524232856745422, 0.00586275385021891, 0.005668146085416322, 0.005929389423256573, 0.005394170196536227, 0.005182236795683121, 0.005429296130723094, 0.026930909800484532, 0.005634376884334239, 0.0057670835710353675, 0.005950522643107056, 0.006091308217730638], "train_mve_loss": [-0.10345907551083217, -0.2600557931053573, -0.23625967839402462, -0.2534740071410017, -0.2564880634084262, -0.2586940195568083, -0.2358582807769505, -0.22103311526001698, -0.22525645207130168, -0.2713574573561086, -0.21213367686247694, -0.18650312770083138, -0.2263673822747942, -0.21954350135335102, -0.1811048348504076, -0.17735089936465626, -0.2020815985798291, -0.17301998538062166, -0.289877083227447, -0.32601863963076577, -0.34356021477927673, -0.35064020197177936, -0.34765749423333886, -0.3217106627153958, -0.23320702748063277, -0.17541406640078075, -0.16859447714996947, -0.16167188397654667, -0.1576513973434185, -0.16124495131115155, -0.16024989122609987, -0.1659326101406401, -0.15802104982259724, -0.1575026419524519, -0.1643693220530938, -0.2084071765631655, -0.1605658181134264, -0.16092878877026942, -0.16888403459375476, -0.1680375735736852], "train_r2_score": [0.3975995214544893, 0.9370013127652609, 0.918528884066168, 0.9436778037318039, 0.9545382167589944, 0.961140854653812, 0.9498248889802297, 0.9621002389313139, 0.9193935325661499, 0.9569078123038716, 0.9710184970635316, 0.9760804395588875, 0.9816517079452749, 0.9856329048091678, 0.9841220747396534, 0.9873649802327319, 0.9823947756587066, 0.9352731833931662, 0.9637188499094967, 0.9705784680905378, 0.9671883860591048, 0.9642925067745016, 0.964886276502087, 0.9666638288805792, 0.9735948295124441, 0.978867617516746, 0.979578612634869, 0.9815872616080528, 0.9832573574565688, 0.9822173933558656, 0.9827931686236439, 0.9819907332856747, 0.983676641352491, 0.9842996039031852, 0.9835609144634263, 0.9166209909160242, 0.9829152102313773, 0.9825359206203144, 0.9819630323417002, 0.9815566538637597], "val_source_regression_loss": [0.014825619073419631, 0.027588252638336978, 0.059999515550046026, 0.018515658588443375, 0.012490409402813337, 0.01611490579487025, 0.014574637259297732, 0.008133504209639151, 0.02585522342426113, 0.010219085165829976, 0.009270857123634483, 0.0063257700869742825, 0.005048389608464852, 0.010122330888775708, 0.004737411941036205, 0.004169393207029074, 0.003853143643752872, 0.019759676466354088, 0.009762801112064833, 0.010311081404267232, 0.010767883314644988, 0.011787695315065263, 0.011567600731608233, 0.010182195537593922, 0.0067647312697070305, 0.005474222856396927, 0.006407964962852906, 0.00561524670323522, 0.0045257962008207284, 0.006339971276731054, 0.0050662850807833525, 0.004253189176721852, 0.006535233593769843, 0.003961670203605974, 0.00508200957534151, 0.004986990997685662, 0.006402132608279397, 0.004020538981237649, 0.006688225419036573, 0.006006457515744658], "val_target_regression_loss": [0.01847294891323847, 0.02858771357826794, 0.06078291387309002, 0.021357628575797323, 0.01388985195633354, 0.017386249891376195, 0.0158615769063936, 0.008681184794942412, 0.026011290052269077, 0.011516146621183504, 0.010734743810011238, 0.007025852422171001, 0.005522524893778978, 0.01162155814869683, 0.005365285612760654, 0.005112452326413197, 0.004731217181145013, 0.02121768581763476, 0.01054639445287706, 0.01115001473410786, 0.011892905918574786, 0.012629049264271802, 0.012893826134880132, 0.011512791513925112, 0.008314158496317229, 0.006428062573924095, 0.008013037139479118, 0.007016831920541163, 0.0056190515685637914, 0.006978455388659164, 0.006337024330432656, 0.005238856877129572, 0.007247610442057441, 0.004610543109806655, 0.0064535924510535185, 0.006058900245712905, 0.007843480268611184, 0.005216225595626084, 0.008260068801950805, 0.007966762579553113], "val_source_r2_score": [0.9546193201312455, 0.9155403716620741, 0.8147177329765165, 0.9431983000960076, 0.9619361080566367, 0.9507109545414439, 0.9554044619223337, 0.9750754034063958, 0.9209341318890188, 0.9686828234177376, 0.9714960889799109, 0.9807375780549986, 0.9844871626913237, 0.9690743466060145, 0.9854713544485083, 0.9872067697796915, 0.9882031817185014, 0.9393701018878732, 0.9700859765734006, 0.9683862411636264, 0.9670147811574652, 0.9639302526795575, 0.9648559020246573, 0.9689055308284431, 0.9791417704641489, 0.9833228686918692, 0.9803989441467947, 0.9824355323866105, 0.9861318939741031, 0.9805227774434025, 0.9844027481384997, 0.9864666064818846, 0.9800501437720659, 0.9878064509114515, 0.9844432053427233, 0.9847743344978901, 0.9803966993869127, 0.9876318391215941, 0.9795265500860112, 0.9816234097363243], "val_target_r2_score": [0.9446878645689921, 0.9151771543007067, 0.8182519218895579, 0.9357621275630068, 0.9584965954543448, 0.9479501349791375, 0.9530394094461204, 0.9740539028981879, 0.9222568914830259, 0.9656367572356607, 0.9680818189907856, 0.9787755476282325, 0.9836193950906222, 0.9654111263824612, 0.9839951737884416, 0.9847708031482526, 0.9859870667354358, 0.9370243804563272, 0.9686333610611553, 0.9668097275879934, 0.964598968326299, 0.9626705481135459, 0.9611851306885946, 0.9657741731183487, 0.9752033001014213, 0.9806475563024992, 0.9762415424160089, 0.9790598471670391, 0.9833456767159106, 0.9792277710673226, 0.9811250626033543, 0.9844755365531304, 0.9783514777857345, 0.986224907065702, 0.9807852806551351, 0.9819046709451196, 0.9766859314105643, 0.9844387994638476, 0.9754894126814977, 0.9760416163719415], "val_source_mve_loss": [-0.20082152851774723, -0.301368766570393, -0.2558071311516098, -0.295526915335957, -0.25927930334700816, -0.23316164314746857, -0.26468359877037095, -0.28810213713706295, -0.3021577909777436, -0.25512797074227395, -0.1784087438372117, -0.192905356235142, -0.17370627433816088, -0.2699492664276799, -0.18576653980756108, -0.22886450871636596, -0.2888942149621022, -0.2477126097000098, -0.3119050369987005, -0.3376034992405131, -0.3490645557264738, -0.35170705597611923, -0.339931722305998, -0.2945608806006516, -0.19107080882863153, -0.17334949045996123, -0.15049336926092075, -0.15487293672712543, -0.1635039541163022, -0.1648671091357364, -0.1888099714547773, -0.12461693650936778, -0.13294028273866146, -0.15339537228964553, -0.18846489432491834, -0.13976675800130337, -0.11038138689119605, -0.2024281068315989, -0.19791808799852298, -0.13002833856057516],