{"train_DA_loss": [0.0401513446394824, 0.040397900430795476, 0.038022988249413275, 0.03587501519912994, 0.03839551634282909, 0.03804975231833606, 0.038435621565068225, 0.0369744196064239, 0.03736937116538694, 0.03862068771812009, 0.039113711558922556, 0.0395419954524888, 0.03951001196241575, 0.04098022321215277, 0.04004402280235203, 0.041188805750562676, 0.04249230524017671, 0.043190114223951616, 0.04042439911534952, 0.041332543475154984, 0.0403216202118497, 0.04036658179607426, 0.03957041489535865, 0.03940941385543434, 0.03967512481023559, 0.03998768681377663, 0.040257882810379945, 0.03960814898394362, 0.0393473456462188, 0.040139639331283256, 0.04034590100362161, 0.03955915099660265, 0.03927890245736299, 0.03857549080383407, 0.03984535692201781, 0.039365120746290665, 0.03994081565391756, 0.04066185669214133, 0.04001817305383342, 0.04372913697547189, 0.04143123234702203, 0.04078565788552356, 0.04065499900818089, 0.040440124168419966, 0.04110542788652114, 0.0400872990911251, 0.03989375257009889, 0.040274962919067854, 0.040629095757138356, 0.039726368977366464, 0.04124058095884715, 0.041622882787226756, 0.040794048488984595, 0.04141902209172737, 0.04118107629078398, 0.04123596046494501, 0.040725677510829034, 0.04060712911297569, 0.04088811212009878, 0.04079884412601399], "train_regression_loss": [0.13315113727003336, 0.02600946671872568, 0.024330975263084965, 0.02227334625222184, 0.015523617871793521, 0.010619650434845654, 0.014224258193599786, 0.01364191776138119, 0.025062343940799425, 0.011720956825877675, 0.006028591378522148, 0.0051706088511051925, 0.004072078476001047, 0.004085654886379852, 0.005473805392259763, 0.0069627799898202124, 0.015563543917870036, 0.007659569088543273, 0.104178984926152, 0.040328257403913645, 0.020787223674683837, 0.017665105580711497, 0.01635907864593092, 0.014399241496020523, 0.011870193131731132, 0.010834678494621755, 0.010294358307747699, 0.00839441577253533, 0.009100430272179069, 0.009706101982157943, 0.008487406174841268, 0.007606249111934379, 0.007868542306557624, 0.007643056186801419, 0.007528260182946838, 0.006953211976266321, 0.0074507099328566025, 0.006761269885246426, 0.007392942855199305, 0.044584416585141826, 0.010219279581330159, 0.007598711345412886, 0.006627611021666193, 0.006597733776335361, 0.006048888407759982, 0.006695173705895678, 0.006639885290915749, 0.006591101694201721, 0.09876615048890126, 0.039417257942804144, 0.012565944109697719, 0.01008186906565941, 0.008673492591347974, 0.008869201773641396, 0.008527227498631808, 0.007783041161125767, 0.00795395738339661, 0.007992649366619437, 0.010592279343659796, 0.007473080343238233], "train_mve_loss": [-0.1438396649002702, -0.233030589723064, -0.21829789766609342, -0.29184543598831464, -0.23413203935218904, -0.2735381189263826, -0.27436680667497343, -0.31425194936707423, -0.27244364387837583, -0.2663570044245537, -0.1875035254662717, -0.2437423108455468, -0.19642761517213947, -0.18768530273963263, -0.32468356630701906, -0.28356816761291004, -0.2097707310218153, -0.1823307445623539, -0.15016051735541694, -0.30595544983089734, -0.33904204922140846, -0.34060392404823026, -0.31612024294175, -0.21928489580750465, -0.1917626672855134, -0.1873228660353904, -0.1859906219112835, -0.18043549557367997, -0.18674909650693755, -0.1877633177111746, -0.18292246580335023, -0.18285677308587858, -0.19020974749130568, -0.19854102884393723, -0.19184065367720027, -0.194365141426351, -0.18956475087204844, -0.20162908855989112, -0.20516185573143866, -0.27233036586051124, -0.29996517135794026, -0.18027157307188732, -0.17422639624210554, -0.17428616193928492, -0.17382111900249392, -0.18575733334977024, -0.22021546907692302, -0.18132831300974872, -0.08821200695181677, -0.24904661351845514, -0.2010290559238228, -0.191683069571267, -0.1879146396841384, -0.19069002260380788, -0.18661352384569876, -0.19288779975475243, -0.2000415558829713, -0.21660936359908617, -0.19489528238092305, -0.1916519764698429], "train_r2_score": [0.5958568456173283, 0.9207860766467607, 0.9261318623038161, 0.9325189058648715, 0.9529866244006849, 0.9677463130268857, 0.9569066676606937, 0.9586493839720631, 0.9242127607168064, 0.9646002087915065, 0.9817018970095716, 0.9843014524820891, 0.9876452212774981, 0.9876102442695628, 0.9834712127939561, 0.9789021068410922, 0.9524888397467937, 0.9768439197822082, 0.6838506381580319, 0.877700688242202, 0.9371027062532783, 0.9465213588565403, 0.9505314537366789, 0.9564078674755596, 0.9639703915566809, 0.9671475095672696, 0.96865454771526, 0.9746032912437419, 0.9724547662873448, 0.9705473209160137, 0.9742278372092851, 0.9769732929157376, 0.9760991053210584, 0.9768682566062319, 0.9770821695251726, 0.9789400614587441, 0.9773649583579601, 0.979499705388756, 0.9775920046626275, 0.8628414542923437, 0.9690516632624314, 0.9768776100828711, 0.9798930132911818, 0.9799235780681519, 0.9816973024672051, 0.9796412005587417, 0.9798696928189744, 0.9799466709528191, 0.7043088167460221, 0.8807262855406877, 0.9618795935035414, 0.9693972116412471, 0.9737001229787308, 0.9730126789966234, 0.9740334209659348, 0.9764475846917675, 0.9758904358747291, 0.9757807650775526, 0.967923613411804, 0.9773712743295856], "val_source_regression_loss": [0.015423067244170587, 0.02207302763067846, 0.020604551710848566, 0.019512133484211148, 0.016958595336049417, 0.007712147658384299, 0.012423316700549065, 0.009562551633372336, 0.011429277743814113, 0.007552795259494193, 0.00487494117379943, 0.004122224203134074, 0.004090372246065283, 0.005314723606209589, 0.00598746694954513, 0.004759749571521637, 0.01671594123155633, 0.005725157184856413, 0.09492590721649459, 0.022045924528678762, 0.017760262305883668, 0.017138102964226958, 0.02361304861127953, 0.015061690047666242, 0.015915028061246193, 0.006423640683812054, 0.009615176174601045, 0.006812375981973697, 0.008329146848166291, 0.0062786092056268, 0.005889342584989116, 0.005842997288755789, 0.006813897668749471, 0.006482901660242129, 0.0046915499275385205, 0.011387245829771214, 0.004296807103637087, 0.0042815251258213685, 0.0037170910347205928, 0.015033147504105221, 0.005776810141492493, 0.004587265379915509, 0.0039024667702379483, 0.004129978512779255, 0.003704815033139496, 0.008130420102513854, 0.004229121160681678, 0.005377303337371802, 0.09130104216216486, 0.019493348389581035, 0.009023589907284779, 0.007236718147097132, 0.006131709839181998, 0.00627988795867732, 0.005685120098929428, 0.005183102350823487, 0.005166818269917482, 0.005839258426493859, 0.00458209938959136, 0.0056827713476045975], "val_target_regression_loss": [0.01713758777190424, 0.02598260706172714, 0.0231481392667452, 0.020417575818734077, 0.019360569058151186, 0.008763407327564834, 0.012939354045245844, 0.01032263500898888, 0.013510700904681712, 0.010325959300080055, 0.006633873831457164, 0.005573580171205575, 0.005192026787708643, 0.006231213351004297, 0.006927743583587529, 0.006240379925864407, 0.019138542628740964, 0.007219808123109839, 0.09696432108743282, 0.025119881805834136, 0.020931293563092056, 0.01923825010610155, 0.024607303033618234, 0.017742852149884913, 0.019747611624483442, 0.008129519145181285, 0.01191453632745373, 0.008045910386062121, 0.009149946667301127, 0.008503798318767472, 0.007964518770009657, 0.007366986485504651, 0.009010090981904842, 0.009088701486021658, 0.006091221807453829, 0.011615064083539609, 0.005574242438814497, 0.005570186039762972, 0.005537587763222901, 0.017948278768247443, 0.007004769253721343, 0.005608261822239507, 0.005498130145612397, 0.005103795585823776, 0.00514218520927184, 0.008236899317678395, 0.005699492873081678, 0.007208560894043008, 0.09772967141640337, 0.021698472290476667, 0.010807202963889399, 0.008257669762154168, 0.007978110120313454, 0.008380993248753344, 0.00777281066284904, 0.006085571585388123, 0.007549032168109206, 0.008285417174330996, 0.00566995993574869, 0.008163868897606301],