{"train_DA_loss": [0.3768016277408905, 0.22166720455617966, 0.18354128779914958, 0.16729852962401276, 0.1572999017384632, 0.15382957830344082, 0.15183769217547594, 0.14836973852905322, 0.14573116411184261, 0.14629317495897004, 0.1411477830635564], "train_regression_loss": [0.9860579591564548, 0.10778577666954432, 0.06664453109750146, 0.05220414906862776, 0.048297438467469686, 0.0481513044694728, 0.04566310920158377, 0.04314181658437636, 0.04241266943023998, 0.041236998452898625, 0.038433683211225644], "train_mve_loss": [0.44039534957154947, -0.08888524645255023, -0.09348495588152647, -0.09003588501547022, -0.10225741276806953, -0.10541622930630307, -0.1049865351336918, -0.09807666163837071, -0.11716446298952649, -0.10720057009550754, -0.1245467520422784], "train_r2_score": [-2.107805270047456, 0.6609073924599054, 0.7902516220847732, 0.8361614263596048, 0.8478617263759921, 0.8487625295678052, 0.8563468139120903, 0.8645408352569572, 0.8669224048103007, 0.869814306736153, 0.8792233041973763], "val_source_regression_loss": [0.17363315884759473, 0.07935372032936971, 0.06149641866944018, 0.054837373257347735, 0.05203438667687261, 0.05201781836522233, 0.04794396653439209, 0.04550310698853936, 0.04718861126216354, 0.043421208490706555, 0.04077042849248002], "val_target_regression_loss": [0.2012584765151048, 0.10341235620390837, 0.07850629447182272, 0.06514912644389328, 0.06296571290749274, 0.06161682437037586, 0.057313143661257566, 0.05424791296860974, 0.05440880004672488, 0.048126026632110026, 0.046482397682347874], "val_source_r2_score": [0.4558357547956318, 0.747098367317792, 0.8059240031754007, 0.8299847262804397, 0.8366166555410808, 0.8385501966724426, 0.8514376860719501, 0.8591628806067946, 0.8526620267950731, 0.8656980058521431, 0.8722463880570778], "val_target_r2_score": [0.3612409005996482, 0.6729381567807395, 0.7541267297669443, 0.7936774437946773, 0.7987070962394351, 0.8068175950763957, 0.8163294356078873, 0.8281600649060111, 0.8277637942121928, 0.848161980684314, 0.8542207347837446], "val_source_mve_loss": [-0.07419633946031522, -0.09305757522037264, -0.09519358131156605, -0.10776755360850862, -0.0718372073261791, -0.09067010225811202, -0.06217035970644681, -0.12586785800707567, -0.13221704717844154, -0.09499960577791663, -0.08264244166291823], "val_target_mve_loss": [-0.05582007682425486, -0.07443572853685944, -0.0811775742086825, -0.0998639231725673, -0.08205736053597396, -0.07274964623817592, -0.02996823740648521, -0.11253088551342108, -0.12795934553264052, -0.08493378862833521, -0.06853925168015965], "epoch_no": 11}