{"train_DA_loss": [0.37680450449587005, 0.22402121280566867, 0.18703324302785793, 0.17115878204132348, 0.16194816722349015], "train_regression_loss": [0.9861813835268483, 0.11379990892372413, 0.07062400155573048, 0.05659046406828725, 0.04869840096450757], "train_mve_loss": [0.44090363162253016, -0.08074810624912626, -0.09651412443348106, -0.10673770973870915, -0.10960770249060292], "train_r2_score": [-2.1081304391036793, 0.6419535774094209, 0.7776004769642778, 0.8223678413383423, 0.8466028283370173], "val_source_regression_loss": [0.18041634934533174, 0.08479621659988051, 0.0659352098443326, 0.05637410584433823, 0.05339912774788726], "val_target_regression_loss": [0.206763926015538, 0.11103357241791524, 0.0880858765998084, 0.07202581890449403, 0.06658042563944105], "val_source_r2_score": [0.4350514879185279, 0.7296438811791628, 0.7922224420870126, 0.8244567971842616, 0.8332541410283215], "val_target_r2_score": [0.3440804413547445, 0.6488724390276025, 0.7240436627312605, 0.7716711548757549, 0.7866577826522824], "val_source_mve_loss": [-0.05239086526380793, -0.0781484667899882, -0.10183902484643612, -0.1337038577077495, -0.14140651868596957], "val_target_mve_loss": [-0.04281479457191601, -0.058712973793268584, -0.08750024940937189, -0.12273076905091856, -0.1280255197624492], "da_weight": [1.4, 1.3946666666666665, 1.3893333333333333, 1.384, 1.3786666666666665], "beta": [1.0, 0.984, 0.968, 0.952, 0.9359999999999999], "epoch_no": 5}