{"train_DA_loss": [0.24155971076904748, 0.1553555827117925, 0.1465099286390179, 0.1406092564192289, 0.1378082104190721, 0.1383327851838124, 0.13553763134660407, 0.13587241519712442, 0.1416004320616805, 0.13942021412104097, 0.13954259246805686, 0.1398655413232839, 0.13915738032303301, 0.1403092430322218, 0.14136398130758807, 0.14477161708980854, 0.1446182681775398], "train_regression_loss": [0.20519105894780518, 0.032319422949180415, 0.024939437712656786, 0.022348580780222848, 0.020252999542723707, 0.019188173422572872, 0.017748534057537943, 0.017002101046913447, 0.016951507552896355, 0.01650935714601299, 0.016583800912618473, 0.016266637301273385, 0.01658896920126497, 0.0167074250925666, 0.016754774341421027, 0.017147690475317334, 0.01786784305393873], "train_r2_score": [0.3504076060699998, 0.8983120633160944, 0.921540114073584, 0.9294687740626452, 0.9365123913320844, 0.9394619511546158, 0.943962481637215, 0.9464653314394289, 0.9465862530027528, 0.9482706312287045, 0.9476983108193947, 0.9486969317093097, 0.9477638028154587, 0.947270000916648, 0.9472494603725387, 0.9457896299529284, 0.9434407582820655], "val_source_regression_loss": [0.04222929513283596, 0.029751335958813786, 0.02459705095429709, 0.022924871996614585, 0.02011744767000341, 0.01796859853373022, 0.018043336126312707, 0.018296387850360318, 0.02091045594020824, 0.017975824105013517, 0.01657094784187758, 0.01911115197310592, 0.018412753631165072, 0.02054939236919022, 0.020216240185745964, 0.016968035234055323, 0.021566818711484314], "val_target_regression_loss": [0.06034687723798357, 0.038288465873071345, 0.03257404061947848, 0.025294627412963823, 0.026022160915171455, 0.02132835921350938, 0.021548786354814744, 0.02129300019353818, 0.0235109735505691, 0.021816333002487944, 0.019913206161682014, 0.02183318050922292, 0.02158692001608337, 0.02346672564982229, 0.02361884862065885, 0.021692753342353994, 0.025598142634199305], "val_source_r2_score": [0.8677249586120949, 0.9076426504335917, 0.923023309105255, 0.9267462019309443, 0.9371187203225773, 0.9439709407879641, 0.9444783939990593, 0.9431184717249649, 0.9343600414303257, 0.9442716217959758, 0.9484273676950752, 0.9397147309915739, 0.94156357178398, 0.9347919998551277, 0.9366937619558, 0.9468763029429672, 0.9332644257336944], "val_target_r2_score": [0.8096213719184451, 0.8769918639809877, 0.89686458401982, 0.9200784395368043, 0.91762768566178, 0.9317759634784476, 0.9312111593483987, 0.9316620440826778, 0.9246500429747065, 0.9309916421675116, 0.9362074454671871, 0.9314082468556042, 0.9310866775536261, 0.925676435089265, 0.9245814110399518, 0.9308562123068291, 0.9187652636133524], "epoch_no": 17}