{"train_DA_loss": [0.21857662305195, 0.19651113152572072, 0.1877213580332955, 0.18411962724404862, 0.17812501392250632, 0.17572869870205576, 0.17551229047628164, 0.1743994268028566, 0.1721720994676598, 0.17097545304834516, 0.16976838200004052, 0.1683554665391526, 0.16775826125369975, 0.1661390648742753, 0.16490916434804853, 0.16420774001430657, 0.16390635067055603, 0.1624123831696713, 0.16163795638890763, 0.1616909402632027, 0.16110814009985497, 0.15992705994907092, 0.16013792552857556, 0.15906797076355822, 0.15794455436087287, 0.15879719330838982, 0.1584699426145996, 0.15777365075359615, 0.15726269651170297, 0.1565924226434074, 0.15565946242232317, 0.15656240949478728, 0.15599510897380015, 0.15632630730051228, 0.15526335111647244, 0.1551496336743971, 0.15539123169342278, 0.15677817042583303, 0.1554973827371922, 0.15618325261504712, 0.15572591598947588, 0.15638981221185852, 0.15570195140129797, 0.15695083338488064, 0.1569867478598461, 0.15792957789705592, 0.15804759940810134, 0.1576117029110518, 0.1574379742261315, 0.158064837504512, 0.1583708829707866, 0.15906087719789372, 0.15903383481845776, 0.16030069013931525, 0.16131287762789664, 0.161768847218352, 0.16236193865278847, 0.16268354904253915, 0.16341706012227528, 0.16324787243342595, 0.16467814774369954, 0.16528817646246288, 0.16556552845228742, 0.16614105595680978, 0.16782093243213742, 0.16914389821508358, 0.17039300167296334, 0.17077320402443844, 0.17286481741318646, 0.17372393766775646, 0.17646135558362308, 0.17832351650300365, 0.1805026321390974, 0.1840216051684982, 0.18435071978098297, 0.18565194265852245, 0.1852673716856749, 0.18622310623063465, 0.18630984468450276, 0.18596330526160584, 0.18637734943050788, 0.18648221351247166, 0.1862068926775913, 0.1862540887958171, 0.18601429545519774, 0.1863613328683638, 0.186970805916152, 0.18662503837749117], "train_regression_loss": [0.892731310547733, 0.3167902054724844, 0.23079807532634553, 0.1837473666666576, 0.1560780716535569, 0.13726887720001954, 0.12398482191374685, 0.1135948744399892, 0.10620295923795735, 0.09998560667555555, 0.0947747946175418, 0.09089915629415016, 0.08778637805544998, 0.08410204017800457, 0.08133717702950267, 0.07972484261863329, 0.0770997389975656, 0.07512426921515512, 0.07359684723168884, 0.07155005129861221, 0.07025467541572762, 0.06914562177359104, 0.06779601310773103, 0.06679798506959674, 0.065362540558934, 0.0648152828999749, 0.06401269142626627, 0.06248056234015489, 0.06189297433130416, 0.06133008176559613, 0.06062164404208157, 0.06001528850041493, 0.059368076466936516, 0.05881824751147895, 0.05845170696410717, 0.058062986247718225, 0.057157665611988775, 0.056385172248802656, 0.05611909412816371, 0.05635274442123893, 0.05544693609001541, 0.055163617585096136, 0.05490807649020576, 0.05450803798370547, 0.054243303746856764, 0.05408799006702409, 0.05403391474779607, 0.0536540143210543, 0.053699916436794934, 0.0536166412540468, 0.05310030800283595, 0.053065797136977344, 0.053491035709157586, 0.05289614904447164, 0.0533006941734505, 0.053419355401374276, 0.0533344850614088, 0.05379082290651498, 0.053557754718993114, 0.053910739861609214, 0.05470046781767943, 0.05537241139113767, 0.05606287126846516, 0.05665469908119746, 0.05831151913299857, 0.05933679242139951, 0.06087540689144127, 0.06276053201213097, 0.06529625742551505, 0.06880518906431399, 0.07134162939121262, 0.07578686476809397, 0.08119709411349958, 0.08734438621304534, 0.09388923692181571, 0.10112492766544577, 0.10760265793072459, 0.11649879242312265, 0.12421173750809385, 0.13175766324791274, 0.1389877289581288, 0.14519290860156636, 0.15215358567480305, 0.1587416988506341, 0.1642889603597863, 0.17147831628320423, 0.1763278023702462, 0.18239116581868536], "train_r2_score": [-0.2599315793909404, 0.5547498153560089, 0.6751546782867961, 0.7407569309049139, 0.7799962569852671, 0.80597349083306, 0.8251677062943844, 0.8396075315938034, 0.8501194297144683, 0.858391732692309, 0.8663815797945449, 0.8714535210263745, 0.8759950657310027, 0.8811498134481384, 0.8847678513702915, 0.8874190757412347, 0.8909971307046144, 0.8940583643033083, 0.8956706167433564, 0.8990965030573576, 0.9006361076235303, 0.9025706255762322, 0.9044579466119732, 0.9051139926649987, 0.9076386512581914, 0.908347151903811, 0.9095823400254011, 0.9116057744627397, 0.9125674264612571, 0.9132090707718972, 0.9146360661684718, 0.9152320234289952, 0.9157471005112257, 0.9168199199699101, 0.9173663535014844, 0.9177713478780615, 0.9190114757916783, 0.9204321054052135, 0.9208177032795782, 0.9200523756091799, 0.9216698705737246, 0.9217711494674377, 0.9224547561475809, 0.9226652629163392, 0.9234705408967941, 0.9238384929749237, 0.9237335591257403, 0.923825467584837, 0.9235894072203559, 0.924120869510173, 0.9251402596175529, 0.9248675539147686, 0.9245264924133586, 0.925274030642921, 0.9245966608095858, 0.924337735527677, 0.924472967539378, 0.924162296490064, 0.9240968089627074, 0.9237539679257638, 0.9225194657778165, 0.9214547266861429, 0.9206032297111104, 0.9203065289475382, 0.9174017699949428, 0.9160261767652543, 0.9141057408844879, 0.9110983414416509, 0.907607313165481, 0.9026413932792747, 0.8989503293414426, 0.8932533682158504, 0.8849834580078286, 0.8766052821765011, 0.8672304359781273, 0.8572740152288005, 0.8487685209010666, 0.8358291999281146, 0.8255619669126966, 0.8147422521429919, 0.8045160003720432, 0.7961170740351924, 0.7864192794936161, 0.776990485925073, 0.7695212700352461, 0.7593188375976689, 0.7525365001079515, 0.744010192685543], "val_source_regression_loss": [0.3753785715221216, 0.26024616445405796, 0.208536499200728, 0.171187178157389, 0.14787626780640964, 0.1298017124065195, 0.12123988862759388, 0.11009670951115057, 0.10344628039926004, 0.09742574316386979, 0.09340519154557404, 0.08977171501960046, 0.09116748959635393, 0.08451460369716818, 0.08222545742893371, 0.08086481677314725, 0.07961959895282127, 0.07679037747386926, 0.07469201838365569, 0.07248851163580586, 0.07308395841893868, 0.06988501182189003, 0.06839614579924189, 0.06701468962569015, 0.0657779053924754, 0.06652999200974219, 0.06536390556814001, 0.06504543221439607, 0.06260182269322224, 0.06193351401640965, 0.0616451720186411, 0.06263088380185941, 0.06151794251233054, 0.059585777367242035, 0.06040603167023331, 0.05978888017348588, 0.05739554405783693, 0.05684125247283485, 0.05681663920608953, 0.05905559723274396, 0.05645623348784237, 0.05551728623481795, 0.05569708271446034, 0.056927425525011344, 0.05523775042460178, 0.056769946423439556, 0.054296468845762, 0.05559936218177929, 0.053629344299483225, 0.05650008061585335, 0.05401019933529365, 0.05440406659588266, 0.05413393013345929, 0.053263401773314886, 0.054678891818173016, 0.05447123924526163, 0.05417704698852838, 0.05573044268610759, 0.05390696795568013, 0.054681317246974274, 0.05511839912174799, 0.057407143546607545, 0.057029671235063584, 0.05776608002761873, 0.060015791158278146, 0.061253323609503314, 0.06439127697469518, 0.06379090938062523, 0.06633397192953112, 0.0702998409041772, 0.07549417287873003, 0.0792263250488538, 0.08460474893831597, 0.09102577683977045, 0.09891004911579263, 0.10796685081225234, 0.11448474007007033, 0.12162707838863611, 0.12864959889802688, 0.13704260610067806, 0.14470759037727365, 0.1510162536328593, 0.15849783472693005, 0.16431270811123588, 0.1691456609688247, 0.17694135005481706, 0.18229983273310402, 0.18845633643503767],