{"train_DA_loss": [0.038267773087434405], "train_regression_loss": [0.19841568287584582], "train_mve_loss": [-0.10604360056666477], "train_r2_score": [0.3946668137004071], "val_source_regression_loss": [0.01890850995514023], "val_target_regression_loss": [0.02339435892203186], "val_source_r2_score": [0.9422270546680853], "val_target_r2_score": [0.9300808997749279], "val_source_mve_loss": [-0.2787735805481295], "val_target_mve_loss": [-0.2685581213688549], "val_source_nll_loss": [-1.3674371287792544], "val_target_nll_loss": [-1.3100589543958254], "da_weight": [1.4], "beta": [0.5], "epoch_no": 1}