{"train_DA_loss": [0.038267773087434405, 0.03723601170115758, 0.03671857369706116, 0.03721370721675142, 0.03780314936157881, 0.037485991878744886, 0.03730804963510695, 0.03558709317821689, 0.035985848129177, 0.03518283475442386, 0.03560456527325527, 0.035433924006097274, 0.03470359026527601, 0.035524201673034994, 0.03486325660928185, 0.0345898719037963, 0.03344587486925138, 0.03431757915104438, 0.03449290684361345, 0.03452723476375152, 0.03520075702048852, 0.03393277455754646, 0.03373623411537197, 0.03422576528539714, 0.03699533274598161, 0.03625583020762508, 0.03607813070717198, 0.03439951742874966, 0.03532821232524498, 0.035647234118371604, 0.034637012163098814, 0.03491490308733374, 0.035364414488648147, 0.03451485962179614, 0.03439276438662731, 0.03416720634731558, 0.03438008472772904, 0.035656068239095444], "train_regression_loss": [0.19841568287584582, 0.017081688461277014, 0.01621528156953004, 0.05377244635040734, 0.043279516604308454, 0.026536930354152017, 0.020138696518810076, 0.01872113436950844, 0.017713293017754823, 0.015505637205674072, 0.012652028614222677, 0.012463489681877318, 0.014827542092950787, 0.014112773041497963, 0.010655870328281055, 0.023263091349146812, 0.022727850596446005, 0.01395763694163977, 0.014215760289689686, 0.011171617740135252, 0.009866424063237646, 0.026554082287901116, 0.015508573718532457, 0.012192080542274922, 0.03961009092005804, 0.015382990208701307, 0.013172406453802719, 0.010221691681259403, 0.008636773254048127, 0.007106969356060137, 0.007811711621819782, 0.006228930053387988, 0.004685338554219419, 0.0055504787344676215, 0.006727736974918238, 0.006227493607073042, 0.004516737429609001, 0.0028056218076013776], "train_mve_loss": [-0.10604360056666477, -0.26309205523915113, -0.2543587995015453, 0.031224491014664606, -0.21127331414867798, -0.2893887206339967, -0.25083880836120254, -0.3163487990906077, -0.2678135591516547, -0.22724068077652285, -0.2609548285617144, -0.24466616614045783, -0.3176303171370539, -0.28124834515385916, -0.20855584052788056, -0.15957985420318038, -0.3161335177787697, -0.26865640121905415, -0.23582861129146826, -0.24877632741681838, -0.19568993640174814, -0.2317681432436893, -0.24206479569348818, -0.21561717741205008, -0.266903878466296, -0.3403956022188476, -0.33678299935034034, -0.32243576836542415, -0.25363535284178784, -0.22499200368003827, -0.24266448204271102, -0.27259301561760074, -0.1792153534045276, -0.2180660282426822, -0.2280180858655865, -0.20115028636383617, -0.31342130259251466, -0.14219043194103503], "train_r2_score": [0.3946668137004071, 0.9481508705383696, 0.9508916168997895, 0.8374196412767095, 0.8689324530001182, 0.9197638764416322, 0.9387786299790923, 0.9432915646753994, 0.9461830166066335, 0.952950620681233, 0.9615792281770326, 0.9621407280022002, 0.9549968424702062, 0.9572362834049749, 0.9677187434403275, 0.9296563266578224, 0.9311196004223057, 0.9576145532397764, 0.9568414430716418, 0.966069273479676, 0.9699685898143282, 0.9197053165607187, 0.9531834841687811, 0.9629642629858067, 0.8788876612681266, 0.953355314251421, 0.959995049924425, 0.9689798853042351, 0.9738045584031394, 0.9784112791829572, 0.9763044577162159, 0.9811141744268504, 0.9858321916243342, 0.9832122848170642, 0.979575446926245, 0.9810482830408416, 0.9863120142801326, 0.9914841100504685], "val_source_regression_loss": [0.01890850995514023, 0.014222318813487698, 0.010297025206109768, 0.0428648227472094, 0.04302096753558026, 0.019901362353865103, 0.018227295254510414, 0.01686781704944523, 0.014491197782792623, 0.012629172387473945, 0.012425593542571686, 0.013494205814373644, 0.015013785749862466, 0.011175011496849453, 0.008982888269650786, 0.024149604896201365, 0.017049025119388404, 0.01051650977917487, 0.012973209536528285, 0.024614965731773197, 0.007522245043817955, 0.014430491171211382, 0.010844511522239522, 0.01046151980239002, 0.019712321696024906, 0.014924375010253508, 0.012886670854272721, 0.009478151733409377, 0.007693331152247854, 0.007214348940060863, 0.007534967399426276, 0.004809087970518047, 0.004089772771996788, 0.012070670523503912, 0.004638343663367478, 0.006150563170874044, 0.0042660995975985555, 0.0023058458567372982], "val_target_regression_loss": [0.02339435892203186, 0.016728313757648952, 0.012258491195926938, 0.04898997466964058, 0.046830744824454755, 0.02340417668883559, 0.021579826840117007, 0.01988068396296305, 0.018012833781540394, 0.015269231947162483, 0.014453589102795606, 0.015716647328455235, 0.016855554454783095, 0.012985662663284736, 0.01067845323535649, 0.02612458560851556, 0.018956700964724717, 0.01163481441149606, 0.01383581355544208, 0.02799294360830814, 0.008612931305188922, 0.015518972178614593, 0.012595089954100077, 0.011849812314480165, 0.02103119125424684, 0.01627464188097776, 0.01344962966262917, 0.010281472773397271, 0.00901446724899962, 0.00834826279808826, 0.008523316794558417, 0.005379573421411311, 0.0049604191621647606, 0.014179885293109507, 0.005305037580289041, 0.006826524204232648, 0.0045113902527225925, 0.0029556933109636738], "val_source_r2_score": [0.9422270546680853, 0.9565333880758954, 0.9681812214695291, 0.86945546156316, 0.8693510364767709, 0.9392560125001066, 0.9440487370809864, 0.9484011968506632, 0.9556953342168358, 0.961235583124126, 0.9618060931070144, 0.9590135426289422, 0.9539093004692988, 0.9657083974334572, 0.9723026307485572, 0.9260768265160553, 0.9478715549969887, 0.9676801041218736, 0.9602687003754867, 0.9242988306026686, 0.9769927282352096, 0.9556733591401194, 0.9669680849422511, 0.9679716932977597, 0.9393265908064247, 0.9545018375293387, 0.9604365160474843, 0.9708545614637352, 0.9763834519887366, 0.977876253605706, 0.9768545993055772, 0.9850300913385323, 0.9874562711150265, 0.9629510623258818, 0.9857355445333222, 0.9812148594671433, 0.9869365282978458, 0.9928522683988393], "val_target_r2_score": [0.9300808997749279, 0.950312314419692, 0.9633633215837629, 0.8540512467978779, 0.8604440675025175, 0.9304276099623462, 0.936079851438958, 0.9407297732328783, 0.9459262077285423, 0.9543160802788865, 0.9571931515281016, 0.9527152238278302, 0.9498099905322793, 0.9614458616754787, 0.9681839885868847, 0.922114388170229, 0.9437882824372826, 0.9653779423458934, 0.9586503800569859, 0.9161622722230343, 0.974348420195843, 0.953927863932642, 0.961861342565053, 0.9645473949740277, 0.9372314879190172, 0.951279130984287, 0.960000445666616, 0.9692105770571607, 0.9731580231369449, 0.9751623458892921, 0.9746309173031096, 0.9840361699358267, 0.9852383458270971, 0.9577868500741593, 0.9842003894020331, 0.9796578355468942, 0.9865706013020028, 0.9911708882378367], "val_source_mve_loss": [-0.2787735805481295, -0.18534815820712078, -0.23334787899180304, -0.1286190230446526, -0.2105451899616024, -0.32344420650337313, -0.28838193605217755, -0.3421162412136416, -0.17462744582680206, -0.19049071067873435, -0.30095557208302653, -0.3077862526797041, -0.250991477241999, -0.23190192689624015, -0.1531273683037939, -0.23957594946215424, -0.33845931178406824, -0.18787371697305125, -0.2930201673054997, -0.16066740755038925, -0.1522066951552524, -0.2651486657088316, -0.2291216403245926, -0.2064132620639439, -0.3331776167018504, -0.3388236757320694, -0.3321546655666979, -0.2869860805288146, -0.2847436745710011, -0.15266710915897466, -0.32983378518985795, -0.18159039884428435, -0.18438126976731456, -0.22553983575935604, -0.17275209309934061, -0.34974990577637394, -0.16769107365155522, -0.12448606027078025],