{"train_DA_loss": [0.038267773087434405, 0.03723601170115758], "train_regression_loss": [0.19841568287584582, 0.017081688461277014], "train_mve_loss": [-0.10604360056666477, -0.26309205523915113], "train_r2_score": [0.3946668137004071, 0.9481508705383696], "val_source_regression_loss": [0.01890850995514023, 0.014222318813487698], "val_target_regression_loss": [0.02339435892203186, 0.016728313757648952], "val_source_r2_score": [0.9422270546680853, 0.9565333880758954], "val_target_r2_score": [0.9300808997749279, 0.950312314419692], "val_source_mve_loss": [-0.2787735805481295, -0.18534815820712078], "val_target_mve_loss": [-0.2685581213688549, -0.17500148713588715], "val_source_nll_loss": [-1.3674371287792544, -1.544272300563281], "val_target_nll_loss": [-1.3100589543958254, -1.4213958691947068], "da_weight": [1.4, 1.4], "beta": [0.5, 0.5], "epoch_no": 2}