{"train_DA_loss": [0.04019264197845346, 0.039339520479850405, 0.03952485192533058, 0.03756667646346188, 0.040200970539145536, 0.041545292250199116, 0.04197931921337705, 0.0406590789433916, 0.04154524214266096, 0.04101389807255656, 0.041491358117004634, 0.04087686730749646, 0.0393939891479351, 0.04020366554490718, 0.03946075691301818, 0.04170812601717342, 0.039617698591958454, 0.040985393526894086, 0.041790551626867525, 0.04304323161541871, 0.04224574863842571, 0.04432053593969759, 0.04213858776175888, 0.041566597992448745, 0.04173224778263617, 0.042252880005230635, 0.042364645180661895, 0.04159262565933372, 0.041364071369715975, 0.04206820585555525, 0.04232056953108289, 0.04136313051598273, 0.041066256564594054, 0.04024936570028283, 0.04067303422136978, 0.037240339112783044, 0.03857916451214218, 0.040373080977029296, 0.04075383046604489, 0.03966091056669325], "train_regression_loss": [0.1293703285173617, 0.02139931647072953, 0.015183427392367199, 0.015148619210289645, 0.01699872694695045, 0.013749008925914274, 0.018338511220368486, 0.015384785365313292, 0.015149886713923385, 0.008843995340022053, 0.01198778161864176, 0.018248697165638154, 0.012965470171061904, 0.011508667664483217, 0.007949579370904448, 0.009031028321636006, 0.018476108857813603, 0.009462961854695784, 0.007616896581132871, 0.006812006403680148, 0.007954810340795156, 0.08402382598260258, 0.014530110216343697, 0.01132413129606565, 0.008826196528256103, 0.007627626257425879, 0.00742602018321059, 0.00601417781109198, 0.006647374939387988, 0.006240441944446735, 0.0059443916274163145, 0.00604102817803308, 0.006375939885351868, 0.006618905480069124, 0.04047841282895131, 0.013944441605005175, 0.012307242865774651, 0.011974236610391513, 0.012652476674875405, 0.012229416084388982], "train_mve_loss": [-0.1679020393214153, -0.2387595283211476, -0.26087979165329794, -0.25862140916764625, -0.2440975597451766, -0.2691312035923684, -0.22417949048642213, -0.25579369971205157, -0.24943098349588663, -0.24066425232008998, -0.26028578256476514, -0.2458669139613726, -0.32878488193264394, -0.29867772604091947, -0.23939828555588313, -0.1924087109428982, -0.3194554181159959, -0.19962968753558843, -0.17157265133951438, -0.17320202620635303, -0.18596370988125338, -0.21422803763324016, -0.3443512891502659, -0.338336455484195, -0.22973083819124773, -0.17922244674544885, -0.17513578526090007, -0.16481912503158588, -0.17145617533699903, -0.1675269516283677, -0.1722000370813462, -0.18202459776069171, -0.18864079804025197, -0.20380284568597945, -0.2612367883917128, -0.3360842477251014, -0.3508248110684878, -0.34979983515887636, -0.3425875195528515, -0.3211509279184847], "train_r2_score": [0.6073375211983033, 0.9349111019904891, 0.9537960505753561, 0.9540115169055802, 0.9483970877282953, 0.958330758554698, 0.9440967142219352, 0.9532558866575248, 0.9541275342167747, 0.9731804468573366, 0.9635890311784697, 0.9440892428123843, 0.9606751989417261, 0.9651034392957165, 0.9759271766720355, 0.972668358821246, 0.9441520162623215, 0.9713226038658824, 0.9769422546846124, 0.9793637578710744, 0.9759863631306938, 0.7452798516047013, 0.9559990999457371, 0.9656518785667811, 0.9732804959226132, 0.9768726928374913, 0.9773816411336878, 0.9817877473606341, 0.9798861271259293, 0.9811024995681258, 0.9819532028854745, 0.9816251464429296, 0.9806823886968631, 0.9798991451035276, 0.8778643900129377, 0.9577581791222732, 0.9627174896694622, 0.9636834751569451, 0.9617154352373048, 0.9629210769664591], "val_source_regression_loss": [0.015022983515187155, 0.01395655764101804, 0.009576000962877952, 0.027915729917114294, 0.026071492334992827, 0.011000583867860746, 0.01081546955400064, 0.02576491491326803, 0.013624308047273869, 0.007577249137802592, 0.006098493871785984, 0.012897774188107327, 0.016062958236736587, 0.03243503766723826, 0.005775692097583338, 0.10170332125470607, 0.01124400149182051, 0.008436108332221644, 0.006420392012577268, 0.0053342291053761785, 0.00779146909171456, 0.018970387598759013, 0.012568641112103492, 0.009568259125881934, 0.006436694472368005, 0.005012093397753337, 0.007164277053803582, 0.006662354427330856, 0.004447416346402297, 0.004316866324177083, 0.005623958612898294, 0.004352075383774465, 0.005281766776372737, 0.007271237518119661, 0.016388401507010944, 0.011921598811787141, 0.012233344767289826, 0.013225603636495675, 0.011045753260296358, 0.014376732968737054], "val_target_regression_loss": [0.016178354267266732, 0.014067367756668525, 0.010885275646902715, 0.027348913158042523, 0.029434199763249746, 0.011791969319404681, 0.011834301461194512, 0.025933306381295, 0.015429573876288119, 0.008322206484979089, 0.006680265935491534, 0.013480362718146814, 0.01607533510114196, 0.03214380071981798, 0.007222822879122783, 0.10895931466093546, 0.01299925127267083, 0.009795879332136504, 0.007480066599725168, 0.006378627405796624, 0.00899250880237433, 0.01994892423147265, 0.013569368892408248, 0.010602134975451457, 0.008291629591037202, 0.006955569601157987, 0.00938286856288397, 0.008929128080747927, 0.006020676645249883, 0.00598775004213558, 0.007523173212863599, 0.005246318069204122, 0.0070220798495685376, 0.010286549742840514, 0.017281640651105327, 0.013893137108298797, 0.013292915323348363, 0.014419032720542407, 0.012389547769216042, 0.015307435589029065], "val_source_r2_score": [0.9538513125845782, 0.9570913222531743, 0.9706812881442967, 0.9148527985002332, 0.9201224882096608, 0.9663917672883472, 0.9667702726440839, 0.9209443824735452, 0.9583118079787418, 0.976829212737536, 0.9813814376714615, 0.9599680934253622, 0.9508800881019446, 0.8974499544566823, 0.9823608946464908, 0.6906155714875163, 0.965554576646788, 0.9740846699873956, 0.9804131716588143, 0.9837124834955994, 0.9761849020066404, 0.9416895934444495, 0.961634137531544, 0.9707166791331906, 0.9797514723047378, 0.9846811638741008, 0.9779229005143096, 0.979626939782127, 0.9863052716017245, 0.9867904159864875, 0.9827348863504766, 0.9866265912293757, 0.9838430422523143, 0.9777276634550862, 0.9484671134852862, 0.9635527897063366, 0.9622334573094041, 0.9594558830864804, 0.9661167575466308, 0.9558457659427471], "val_target_r2_score": [0.9519473117546401, 0.9579598197883785, 0.9675301341180972, 0.9187566080844626, 0.9125296165615341, 0.9649139173172702, 0.9648074247327667, 0.9226270642123664, 0.9537235264294253, 0.9749911946527575, 0.9802831166883321, 0.9549226615250384, 0.9522190047847482, 0.9039750500038386, 0.978608574921225, 0.6767983440187096, 0.9610348359899586, 0.970912866709153, 0.9778012019259769, 0.9810632146694027, 0.973342336827503, 0.9403333837105164, 0.9592300402483116, 0.9684013125132724, 0.9750591287888449, 0.9792984573611527, 0.9721324324817839, 0.973428213157758, 0.9820027218134609, 0.9821828769949438, 0.9775765643517821, 0.984359147720714, 0.9790343310597017, 0.9692351365769583, 0.9485764224436242, 0.9587396916945253, 0.960112803045388, 0.957355124511848, 0.9627056075612139, 0.9542378282923235], "val_source_mve_loss": [-0.13831461447326443, -0.2410129478460626, -0.28044999928414066, -0.2823671098751358, -0.21527757995490787, -0.23456306755542755, -0.3207456103608578, -0.1824396961851965, -0.23453041552742826, -0.2890047151831132, -0.2508137233649628, -0.30139596628237375, -0.3276509125775929, -0.1792915193717691, -0.18598605692386627, -0.24720928770831868, -0.24886506230016298, -0.1811659656747987, -0.1662487202807318, -0.17110810023319872, -0.17454750439788722, -0.3277474664434602, -0.3486741600157339, -0.31594653295565256, -0.17849706509445287, -0.20171861143051822, -0.15700929847699177, -0.12781333932770958, -0.20158980843387073, -0.18243198813516884, -0.1674871661617786, -0.13251977857155137, -0.18429553867140902, -0.1689007052137882, -0.3230299745933919, -0.3492578154877771, -0.3508556734157514, -0.3458493495289284, -0.3390391782114777, -0.2894273268271096],