{"train_DA_loss": [0.45874919005460235, 0.4364907701773879, 0.4308735371943584, 0.42089337527316056, 0.4092676565459703, 0.39510616957051664, 0.3752306552103276], "train_regression_loss": [0.4752746606671287, 0.19809190518268718, 0.1740984912396458, 0.1620460424156795, 0.1571240727491745, 0.15106467721163136, 0.1390780540595216], "train_mve_loss": [12354.32123806604, 198.6772407637941, 47.99015118769943, 19.234193179839405, 9.680196744976378, 5.653772558689405, 4.887202881115711], "train_r2_score": [-0.487511734672519, 0.38061833060358835, 0.45386808122879835, 0.491396282186359, 0.5064263129051272, 0.5251294706853796, 0.5638182971498592], "val_source_regression_loss": [0.22749003805931967, 0.1892615123444302, 0.175682004327607, 0.16400568348586939, 0.1528583686727627, 0.15279320300005045, 0.14049588077387232], "val_target_regression_loss": [0.25298941519799506, 0.2152318846268259, 0.19527651820402997, 0.18201110687605135, 0.1695125721940759, 0.16236629590961585, 0.14870679952726243], "val_source_r2_score": [0.2903643346272192, 0.4002729557620098, 0.4469563713411752, 0.49115142423017466, 0.5186158747546332, 0.5258068821179983, 0.5574590808553611], "val_target_r2_score": [0.19929255727343065, 0.3237380588174883, 0.3885908067008257, 0.41913052146300045, 0.46116459776895047, 0.48830595885107864, 0.5330647701381879], "val_source_mve_loss": [463.2733451527881, 127.57238176281736, 43.978194790819636, 17.912143803195683, 13.879462184164982, 9.746558813140934, 10.758905801661076], "val_target_mve_loss": [1225.1631899202705, 346.9056077786027, 148.44186870910667, 68.36915560262456, 29.439938556859683, 22.434017149636606, 13.226778595334595], "da_weight": [1.4, 1.3946666666666665, 1.3893333333333333, 1.384, 1.3786666666666665, 1.3733333333333333, 1.3679999999999999], "beta": [1.0, 0.984, 0.968, 0.952, 0.9359999999999999, 0.92, 0.904], "epoch_no": 7}