{"train_DA_loss": [0.5325134370945925, 0.5597182719047152], "train_regression_loss": [0.29474447617542265, 0.05626121978743693], "train_mve_loss": [9272.246818277474, 1131.9227775490044], "train_r2_score": [0.07213962844163657, 0.8223682742411645], "val_source_regression_loss": [0.07055894813387636, 0.053496532355714], "val_target_regression_loss": [0.14621283066500523, 0.16786016955686983], "val_source_r2_score": [0.7792820511685835, 0.8291242215919448], "val_target_r2_score": [0.5307005273461155, 0.46217800723495706], "val_source_mve_loss": [0.006230924623294668, -0.04345039039802779], "val_target_mve_loss": [0.04386427865962789, 0.0295133663350301], "da_weight": [1.4, 1.3946666666666665], "beta": [1.0, 0.984], "epoch_no": 2}