{"train_DA_loss": [0.5325134370945925], "train_regression_loss": [0.29474447617542265], "train_mve_loss": [9272.246818277474], "train_r2_score": [0.07213962844163657], "val_source_regression_loss": [0.07055894813387636], "val_target_regression_loss": [0.14621283066500523], "val_source_r2_score": [0.7792820511685835], "val_target_r2_score": [0.5307005273461155], "val_source_mve_loss": [0.006230924623294668], "val_target_mve_loss": [0.04386427865962789], "da_weight": [1.4], "beta": [1.0], "epoch_no": 1}