{"train_DA_loss": [0.37684343407914667, 0.22169821137320625], "train_regression_loss": [0.9862300056548724, 0.10757926936981556], "train_mve_loss": [0.44088434469775456, -0.08637043244377378], "train_r2_score": [-2.1083569660287846, 0.6614682307923594], "val_source_regression_loss": [0.17418675713098733, 0.07790254506098616], "val_target_regression_loss": [0.20209335848973814, 0.10370892725267987], "val_source_r2_score": [0.4542088602463739, 0.7519218132816333], "val_target_r2_score": [0.35840730106567437, 0.6717383418921238], "val_source_mve_loss": [-0.07328954261911523, -0.08176712767713389], "val_target_mve_loss": [-0.05867798953868781, -0.06952226127551239], "da_weight": [1.4, 1.3946666666666665], "beta": [1.0, 0.984], "epoch_no": 2}