{"train_DA_loss": [0.5317084133298131], "train_regression_loss": [0.296224203905673], "train_mve_loss": [9144.515753988375], "train_r2_score": [0.06748373662519845], "val_source_regression_loss": [0.0723777710086411], "val_target_regression_loss": [0.1479223661931457], "val_source_r2_score": [0.7737382418681181], "val_target_r2_score": [0.5251887928285973], "val_source_mve_loss": [1675.1740372773188], "val_target_mve_loss": [4580.3092795208], "da_weight": [1.4], "beta": [1.0], "epoch_no": 1}