{"train_DA_loss": [0.5335161585966891, 0.5624910052559275, 0.5764669566474842, 0.5814027251229643, 0.5794964212604153, 0.5826067879550854, 0.580381608205478, 0.5665956151550823, 0.5654802617959174], "train_regression_loss": [0.2940813061854439, 0.054874474680735655, 0.04197936145149485, 0.03696266651048003, 0.03459724938238152, 0.03205866142051802, 0.03142392313596495, 0.035584292387320804, 0.03700394140917406], "train_mve_loss": [934789.9708316671, 130766.16958445213, 59821.44337834388, 32546.046911598776, 22818.76619816698, 20703.16984036461, 13870.207650266724, 113.77838413201981, 192.47782857791276], "train_r2_score": [0.07474894098901244, 0.8266610135886363, 0.8680703546959883, 0.8840130287769525, 0.8916392975393854, 0.899810862140067, 0.9017042005222032, 0.8876713809808853, 0.8835437028624296], "val_source_regression_loss": [0.0721826432806671, 0.051669905757068826, 0.04245702415158984, 0.042093862376063114, 0.03658727708919223, 0.03371189154423536, 0.04022591281682253, 0.040580056993302645, 0.041024777795051696], "val_target_regression_loss": [0.1486285572788518, 0.16348825874412135, 0.16277461304406451, 0.15835349261760712, 0.17769244365441572, 0.20969676444674754, 0.2317228774735882, 0.21166589998515548, 0.2365386787873165], "val_source_r2_score": [0.7740908005139897, 0.8347782083151899, 0.866649330410459, 0.8685986405251928, 0.8849305254875689, 0.8957684796689747, 0.8723606643922003, 0.8723235928766254, 0.8717484582848027], "val_target_r2_score": [0.522977311012752, 0.47602735271697544, 0.4833105550224651, 0.48534187819281943, 0.4139460230775036, 0.32723709347923813, 0.25623058307964586, 0.31466247658839236, 0.2455753079001465], "val_source_mve_loss": [0.0109662959785171, -0.017870179420503177, -0.04896467937465022, -0.05657043303274045, -0.06477080416052965, -0.057358882668766244, 0.007751942830231444, 0.00020094411625603962, -0.012535324615313653], "val_target_mve_loss": [0.047001413983192034, 0.04626096757039855, 0.03637891960075232, 0.03585751111334439, 0.053107258237922075, 0.10824600675967848, 0.08790882380833481, 0.07291194444943433, 0.08390294444290505], "da_weight": [1.4, 1.3946666666666665, 1.3893333333333333, 1.384, 1.3786666666666665, 1.3733333333333333, 1.3679999999999999, 1.3626666666666667, 1.3573333333333333], "beta": [1.0, 0.984, 0.968, 0.952, 0.9359999999999999, 0.92, 0.904, 0.888, 0.872], "epoch_no": 9}