{"train_DA_loss": [0.3768084167453445, 0.22330302437954672, 0.18744115192286492], "train_regression_loss": [0.9860752216000552, 0.11105635896209334, 0.07021122573410081], "train_mve_loss": [0.4408974596971758, -0.081589515562726, -0.09915704401724987], "train_r2_score": [-2.1078708754465323, 0.6505838195224956, 0.7784826443375272], "val_source_regression_loss": [0.17259839589998222, 0.0841420210636915, 0.06287771369668708], "val_target_regression_loss": [0.20092833730255721, 0.11235621146810283, 0.08451210569803881], "val_source_r2_score": [0.4592034730102153, 0.731597142851831, 0.8017518435520543], "val_target_r2_score": [0.36213413443710113, 0.6442869452763148, 0.7354331124389201], "val_source_mve_loss": [-0.06761205097909566, -0.08636933047870163, -0.09443575706166826], "val_target_mve_loss": [-0.04939702273032088, -0.07482077924024527, -0.09051994044499792], "da_weight": [1.4, 1.3946666666666665, 1.3893333333333333], "beta": [1.0, 0.984, 0.968], "epoch_no": 3}