{"train_DA_loss": [0.37682340458934444, 0.22353155731174149, 0.18944189502726524, 0.17742133754181252, 0.1708774850780393, 0.166285106670486, 0.15944982276483688, 0.15469532752140566, 0.1490873125342608, 0.1473890728090755, 0.14816193136180558, 0.14586196044354377, 0.14300458140712116, 0.14128452553745816, 0.1386662492872483, 0.1368654438956782, 0.1338284651202301, 0.12910702762617926, 0.12402404515137402, 0.12254927092839639, 0.11979949443006864, 0.11752031761914546, 0.11421920132348262, 0.11394930208677348, 0.11148504925452486, 0.1112165427213395, 0.10964508697567626, 0.11116685445200808, 0.1100250313252592, 0.10933118324788113, 0.10671856292817994, 0.10728079853562376, 0.10856447010633061, 0.10567386739868569, 0.10540483762566306, 0.10295733325251495, 0.10354455333659374, 0.10296744005362991, 0.10279353161493973, 0.1049764266431713, 0.10276560093424329, 0.10215954801622758, 0.10345147534101602, 0.10413701753293793, 0.10216596468234301, 0.10397165023485093, 0.10263474628846868, 0.10275382642554191, 0.1025297051428441, 0.10128102802979663, 0.10209334996176485, 0.10392520658440302, 0.10357376345700603, 0.10366050479167449, 0.1046481842968538, 0.10267138988515141, 0.10077889675318759, 0.10239079554771266, 0.10216157533691504, 0.10514438247999391, 0.10262861859795708, 0.10479439090821599, 0.10508011572975563, 0.10368814487589124, 0.1041978487516779, 0.10430587594221997, 0.10388282452194085, 0.1039883700221559, 0.10304205127441796, 0.103112556479558, 0.10290122743852613, 0.10415436073769926, 0.10289331462908488, 0.10516035161108814, 0.10513882894729565], "train_regression_loss": [0.9860508928051597, 0.10969360386424952, 0.0702132066010312, 0.058758826114210065, 0.05305118452233196, 0.049697068310470424, 0.047344738990408954, 0.04540555855647492, 0.04687898716007375, 0.04392485669090445, 0.042377054183088396, 0.041880093920138244, 0.04024076469538825, 0.03903937374430639, 0.03724440490193597, 0.034519313173998534, 0.03270324635944266, 0.03165360579141152, 0.030478095669823766, 0.02901921483093849, 0.027936874458930665, 0.0273021303485037, 0.025851775665632987, 0.025033224949534895, 0.02470394799450048, 0.023418395969015588, 0.022741456442875226, 0.022613953027305563, 0.021728987869818507, 0.02114146093580824, 0.020674775460551083, 0.020905252914259403, 0.020912823421366418, 0.01989783705731469, 0.020049212579198276, 0.019777486357034288, 0.019201351216461313, 0.018687032919523512, 0.023289523266214994, 0.019392242853936672, 0.019891667937420622, 0.019242459339884808, 0.01915372393291505, 0.01893061113550619, 0.01934321225370524, 0.01969817889917308, 0.01902285569825872, 0.018409779213600447, 0.018935536171038936, 0.017387184688576262, 0.017507568163919848, 0.01847767219001894, 0.019141154492723415, 0.016569204289224374, 0.016206615691292874, 0.016844946072331307, 0.018810095226773533, 0.017830482979902702, 0.016320463354227693, 0.015859448000655887, 0.016085628093215187, 0.01546441266011835, 0.015386345133975394, 0.01577534022999815, 0.016444742471453014, 0.015257625021227727, 0.016850845277449032, 0.01737712738929926, 0.017857686182317176, 0.015583039421019514, 0.01574481601343308, 0.01589529272645603, 0.015966034204898304, 0.014119755068514666, 0.014948008513891936], "train_mve_loss": [0.4407416281070717, -0.08887345415294864, -0.08952346850115077, -0.1022224268940715, -0.10176699873489044, -0.09857239978221097, -0.10601856091129551, -0.07570792999087388, -0.09096567014528531, -0.10045585514538304, -0.11756405916313557, -0.10792656065776972, -0.10011855852249602, -0.09897579991180361, -0.10537762601112426, -0.08725062398162502, -0.07078776135146822, -0.09452278981490957, -0.09406349684539127, -0.08974746865785631, -0.07681487859703491, -0.0853767196730399, -0.0709806983495366, -0.0731199083260688, -0.0901764492641358, -0.10488524696988887, -0.08035584164219797, -0.08150539946209442, -0.094162814343183, -0.07599094670271872, -0.07531092941958518, -0.09691192030223934, -0.0752035665802123, -0.11376489357898519, -0.0931280486309523, -0.10713518017109558, -0.07548778390782585, -0.06267148763123538, 0.5661983907112504, 0.0958376950558813, -0.02100574703490399, 0.17183637989972678, -0.011219751764041197, -0.04613572976703481, -0.029191801961897863, 0.02901715661528464, -0.07967458354305797, -0.01267370795473538, 0.05345145845189827, 0.14240024238995105, 0.02484208186730824, 0.04820677229897945, 0.17069802789436397, 0.5367033879495681, 0.2613516212185637, 0.22566406557445415, 0.06301467251258186, 0.1775228029535828, 0.5234143271756238, 0.43398430173913566, 0.040541270111008144, 0.36083800367282287, 0.25035870616993366, 0.19991384177184382, 0.10731939354083983, 0.027311877565036172, 0.04367750960570748, -0.050153934050111315, -0.08893193625308696, 0.02713420408585499, -0.057488845745561276, -0.03526810796035818, 0.12035932502550988, 0.20700837910205971, 0.0349744442378731], "train_r2_score": [-2.107802740171612, 0.6547195359778342, 0.7785845172998862, 0.8151615261511682, 0.8327634280892987, 0.8438260887830148, 0.8512431903931522, 0.8571024626797517, 0.8525524198197735, 0.8620952174581803, 0.8661770100242082, 0.8680781365052014, 0.8736319412871112, 0.8773332342158601, 0.8827534898194423, 0.8912283793531897, 0.8976335642706611, 0.9007239699306337, 0.9042921091309055, 0.9089692126583868, 0.9123459774690762, 0.9142966082622845, 0.9188517540475691, 0.9215817120244773, 0.922742999218529, 0.9265191609956671, 0.9285847240288806, 0.9285687393502902, 0.9318553939756631, 0.9338034859120666, 0.9352396307171161, 0.9346243437289851, 0.9344895436334631, 0.9376600095836629, 0.9370566160811765, 0.9378146528981459, 0.9399697123927453, 0.9409955986089197, 0.9265425526878189, 0.9391433084288039, 0.9374063820427667, 0.9398158564300139, 0.9399767572488762, 0.9405846270564873, 0.9394390030338657, 0.9379274886954189, 0.9399803443095257, 0.9419411635520452, 0.9405793658100837, 0.9455053973712187, 0.9452500040641096, 0.9417685155933382, 0.9398344098848521, 0.9480515029084612, 0.9491259488927938, 0.9472982597012926, 0.940857847797781, 0.9441043700857235, 0.948909491818303, 0.9501403069151433, 0.9496462141975857, 0.9514232522776168, 0.9518584657511744, 0.9503541208031459, 0.9482326934934522, 0.952343535653245, 0.9468745143715921, 0.9451147269769556, 0.9439709344056866, 0.95104197344724, 0.9505041419827859, 0.9498433937427706, 0.9499313914508364, 0.9557858090205543, 0.9532699134200465],