{"train_DA_loss": [0.2280819441925673, 0.14967034854526057, 0.1395380616773744, 0.13389238195538086, 0.13384477108022302, 0.13526098749564597, 0.13438409106496046, 0.13985878054794926, 0.13968550161862067, 0.13559869671380062, 0.13939755046280472, 0.1391049325261844, 0.13897924080926932, 0.14051774513296497, 0.14609471805924906, 0.150164222967908, 0.15306241443922142, 0.15501271768505437, 0.1551019308553971, 0.1488068523583508, 0.14697105239334446, 0.14461042843009916], "train_regression_loss": [0.20337415664666206, 0.03413944659666099, 0.027672747448869935, 0.02609687938458768, 0.024520795256022018, 0.02241135835332602, 0.02199070468473451, 0.0214667871285407, 0.02092269523081181, 0.02057958971385519, 0.02075057267424203, 0.02085662311601914, 0.02131033378910321, 0.021517407577280535, 0.022753364619351173, 0.02320628704705788, 0.023651930509931945, 0.027043529935572738, 0.030506046356929557, 0.033181429693349376, 0.038728162396862637, 0.04113029588058155], "train_mve_loss": [175.47013197632904, 2.1182548016057754, 1.5795211247398333, 0.8369270331674074, 0.6210404180426158, 0.18072419303385934, -0.1875539734700807, -0.1980159314625115, -0.32008550813254755, -0.18137543049165927, -0.19490077637367537, -0.2946995879903136, -0.3141713842027693, -0.1922623653925097, -0.21016549718118455, 0.2838174420557031, -0.007902583424035985, -0.1825381942106993, -0.23960138730010122, -0.1166487280347502, 0.13896546180835045, 0.1411509485387497], "train_r2_score": [0.35960346166869134, 0.89265226902732, 0.9129456047395818, 0.918113901994563, 0.9226624853335862, 0.9296183851770677, 0.9309023102627706, 0.9324093095525164, 0.9342942941835065, 0.9351895076565193, 0.9345107632789956, 0.9340594120143527, 0.9329911712641301, 0.9321266298889863, 0.9279308578943384, 0.9265820894405571, 0.9254466422643487, 0.9147792289346467, 0.9035391507624143, 0.8951014032958287, 0.8776561719454526, 0.8707892166822752], "val_source_regression_loss": [0.043048112006608845, 0.031263058649221805, 0.03300070253076257, 0.02566542018465935, 0.02692894157686621, 0.023897981721979038, 0.02340564760527793, 0.030399237356035953, 0.020940802831226474, 0.022511398734133336, 0.03117182963545535, 0.021337977124105213, 0.021422889997150488, 0.02234150983013545, 0.02578235272863868, 0.025131641715100617, 0.023234961625591966, 0.026837903561343433, 0.029847801680777483, 0.03473030691551175, 0.039962702116389186, 0.042437008172748196], "val_target_regression_loss": [0.057722920041744875, 0.038799951552965076, 0.03374510857567286, 0.03155611428153363, 0.029475312662210054, 0.027578843443114665, 0.027661186512441014, 0.03558313036278175, 0.0252437708768875, 0.02564749215391411, 0.038734518050862726, 0.026114425951152282, 0.025973242897374235, 0.027800445498269835, 0.03365876755208536, 0.032036437089465984, 0.03379691314474223, 0.03754469375037084, 0.03905722857185989, 0.043696403711037654, 0.04657611638829587, 0.049634971139822036], "val_source_r2_score": [0.8659861926433523, 0.900464781809888, 0.8955963407726779, 0.9201463512925765, 0.9149501085188054, 0.9257769433632235, 0.9258961406931525, 0.9034614654924875, 0.934489810740222, 0.9299643048169438, 0.902613167168486, 0.9326359516757154, 0.926633969097218, 0.9301073549548694, 0.9186850079514094, 0.9193224880740758, 0.927546361222056, 0.9162422254154018, 0.9058658348331585, 0.8903130765298852, 0.8735712351464322, 0.867403795918274], "val_target_r2_score": [0.8166936288838117, 0.8770428333362619, 0.8939004562664425, 0.8980648276056785, 0.9054923355034818, 0.9130361697769195, 0.9119736295549562, 0.8862488398236662, 0.9200688264378142, 0.9185968205797803, 0.875975168981646, 0.9173895794261051, 0.9179072759257307, 0.9113355702618641, 0.8933262442257641, 0.8981923027466294, 0.8935002869186845, 0.8810963726602472, 0.8769373349184311, 0.8611055614770413, 0.8533668671566498, 0.8443554549760895], "val_source_mve_loss": [3.631646792837389, 1.655944370634996, 1.8396370288008337, 0.6517036616992039, 1.1365516643710196, -0.24006205066374153, 0.020916455917677303, -0.31113825444203275, -0.2696303415829968, -0.19730148279363183, -0.20582530168211385, -0.3192534013918251, -0.28315053671408613, -0.2610247446473237, 0.16173631292144963, -0.20359231114007864, -0.24303226970183622, -0.3260252010670437, -0.1327671000532284, -0.2271831204557115, 0.1541133832400012, 0.12267054508256305], "val_target_mve_loss": [5.364487556894874, 2.5501550075829407, 1.588821260555155, 0.7483479923977974, 1.1099181583352908, -0.2864724408099606, -0.06537743387328591, -0.3057415385724633, -0.3192028091971282, -0.2590567465325829, -0.2203580591898815, -0.3143309789478399, -0.32453533684372143, -0.32543325974683096, 0.3265489672019983, 0.027531018112875096, 0.2412598278302296, -0.31364456046918393, 0.439545661068646, 0.44891100637852005, 0.15704923887161693, 0.12529425655200982], "epoch_no": 22}