{"train_DA_loss": [0.1746043798665242, 0.08830020120418486, 0.1592608494530866, 0.16098689008674413, 0.19504151866521, 0.16105114849764424, 0.12870070157092495, 0.11361720941456842, 0.11242468062604367, 0.11637619092815318, 0.11480240691351062, 0.11768613668529818, 0.10588479687679403, 0.10374541719609248, 0.11301630431653377, 0.14661926138717035, 0.1364658039465029, 0.1431537408797135, 0.155819648280876, 0.16181453489025943, 0.1672465336769547, 0.17269857688185503, 0.18086761339708918, 0.18513707064732338, 0.1971612391240854, 0.2022903979205998, 0.20607973054950374, 0.21214894081382474, 0.22619684383790714, 0.22122305855018784, 0.2119291912648534, 0.21641299629778052, 0.23142869983011452, 0.2545509132159911, 0.3993135850052511, 0.4811666770761584, 0.39284862722295727, 0.41064971859755856, 0.4317902007857014, 0.416999186360204], "train_regression_loss": [0.13030869364091477, 0.02332549939405384, 0.017240292133875804, 0.02506830640668407, 0.023832929257637185, 0.022562462163976713, 0.02263974299964238, 0.020298507956743678, 0.016610199274832357, 0.010291940118892754, 0.00924902040702061, 0.01024867624207868, 0.007483697126038931, 0.006624794959293259, 0.014157042406598137, 0.015490315668965934, 0.013516283664729794, 0.010727699951590524, 0.007933051908521538, 0.005674359737256954, 0.004348263738700742, 0.003564132257897604, 0.003007243568940902, 0.002675810556601685, 0.0031600218196867727, 0.0026808878623112574, 0.001869224110755293, 0.0017534109751670068, 0.0015979212285462134, 0.0035755459435873236, 0.001970189299614899, 0.0014958250352523717, 0.0014908563580203944, 0.0010711233614913275, 0.02416077427622663, 0.0026448276851639505, 0.001445497212917893, 0.002994395139962571, 0.002162975968258418, 0.0014484309640515533], "train_mve_loss": [-0.14374282487056864, -0.22381210318294914, -0.2563216035446694, -0.17971563404783525, -0.25369927357248895, -0.27453213368952817, -0.18130119489863433, -0.29358317083262003, -0.2744674788042222, -0.23874917270877896, -0.2516758508666996, -0.2818106048667235, -0.21101343550019552, -0.24194290559786547, -0.21045301192639296, -0.30892076756008363, -0.33872413858635114, -0.3502802950154711, -0.35653657255050686, -0.3594755780435349, -0.359742111981024, -0.35762630743561974, -0.35190654018897244, -0.33403720302163353, -0.23350438254951777, -0.15833157828074268, -0.12845450771846545, -0.14637020528588915, -0.13328291813568832, -0.3087075175189667, -0.36409704373567153, -0.3447290013324626, -0.13656019268240746, -0.09617654435758835, -0.20205331581684724, -0.29030280493172583, -0.10515838644894647, -0.18273593301474503, -0.3641696662201088, -0.3576455618607279], "train_r2_score": [0.6011123382045404, 0.9293268664706252, 0.9475967174464648, 0.924029304925748, 0.9278134666904364, 0.931644242971036, 0.9313601616268102, 0.9383690061576794, 0.94985067004319, 0.9688227955920667, 0.9719188826496912, 0.9689549381997138, 0.977383674537406, 0.979896825054751, 0.9568667941538447, 0.9529491345880211, 0.9590595527280433, 0.9675139430410751, 0.9759889335049453, 0.9828430780475637, 0.986826991919847, 0.9891985388464352, 0.9909008052324315, 0.9918818988602238, 0.9904164763311007, 0.9918752750828673, 0.994331612345584, 0.9946758952223872, 0.9951448990132699, 0.9891159196628587, 0.9940224201046632, 0.995450475300705, 0.9954766866000158, 0.9967480513673069, 0.9272150002948728, 0.9919724445675655, 0.9956051154973321, 0.9909235365551833, 0.9934335383590611, 0.9956044413191828], "val_source_regression_loss": [0.018972724570032164, 0.016461788193334506, 0.013016694472937644, 0.030112411803271198, 0.01850984067526422, 0.014291088910231108, 0.02740773447801041, 0.013838866336530522, 0.011682828027707867, 0.00988871713840886, 0.007849969635894405, 0.007646782842429378, 0.00965443614846732, 0.005842932942028665, 0.03724490365461458, 0.013948858939582788, 0.012303282035208201, 0.009252106688350817, 0.006721156944013849, 0.0049969004260824075, 0.004074714759576924, 0.0032321093220829588, 0.0026659408961481686, 0.0026315869409826737, 0.003019918053988603, 0.002807776733961758, 0.001803018991198815, 0.0013864148022088257, 0.0013349079143821815, 0.0024616517556854817, 0.0016477052837056167, 0.0014465552580814006, 0.0011475466190295034, 0.0009502938541854862, 0.0031719075757538594, 0.0019082068082511047, 0.001102408941664226, 0.003011302686520392, 0.0016399711824340534, 0.0012343714243579138], "val_target_regression_loss": [0.02286977647461846, 0.0169916907325387, 0.05531444129404388, 0.09872782838684094, 0.03941743523825573, 0.025860356473470035, 0.04514241015797929, 0.019732119657004936, 0.01829234557815745, 0.017893110484450678, 0.01805366871619149, 0.014675634677368628, 0.01826001262834555, 0.011346549591450374, 0.05384891239714019, 0.023966812729081022, 0.01824669725014062, 0.014300100705763208, 0.012779530715433102, 0.016197720955161355, 0.01585219446805459, 0.013922203220191259, 0.012705125120951783, 0.011118216375242683, 0.012414938699501225, 0.011194587991679017, 0.015565059525019761, 0.010969381355032136, 0.015738484225695647, 0.02095349615180417, 0.021812809477972834, 0.02685457352501682, 0.02184122721841441, 0.037214907463875756, 0.22723289183046244, 0.11703907575788378, 0.09065181370588797, 0.10321080986457536, 0.08804923729806007, 0.07018126302127596], "val_source_r2_score": [0.9416520808076764, 0.9493712989895775, 0.9594737226262819, 0.907076535207113, 0.943297904515582, 0.9564168939290564, 0.9161436402981724, 0.9582030908450547, 0.9644383204421958, 0.9696057808732105, 0.9758372239137775, 0.9765744970099801, 0.970379408552799, 0.9820936188385965, 0.8853231141699365, 0.9567873379561346, 0.9623361641140131, 0.9717621474451207, 0.9795489600142074, 0.9846798305195488, 0.9875363246403137, 0.9900983823211524, 0.9917168738300439, 0.9919252031748956, 0.9908006404317042, 0.9913822473902787, 0.9944394694706323, 0.9957615825226452, 0.9958653663447324, 0.992413710287773, 0.9949354549748011, 0.9955906119745374, 0.9964708229129862, 0.997093374782196, 0.990163458568033, 0.9941193188096424, 0.9965752036428922, 0.9907856643746294, 0.9949757631983089, 0.9962052212757719], "val_target_r2_score": [0.9320031291266156, 0.9497501817678055, 0.8360291381890497, 0.7031772702103536, 0.8822687972723431, 0.9224886847531821, 0.8654983955667035, 0.9412558915947161, 0.9457078148734442, 0.9464962424007816, 0.946323814445046, 0.9562529862953006, 0.9452259011723856, 0.9659347271804016, 0.8389662582311359, 0.9285498687491832, 0.9456982536381783, 0.9571612484508232, 0.9619854791003832, 0.9516479033214936, 0.9524152278938044, 0.9587495131347669, 0.9620297833746053, 0.9667220873367908, 0.9631701352056264, 0.966479137964154, 0.9537380824584657, 0.9675320274780179, 0.9529433870452108, 0.936772344802123, 0.9352644398981029, 0.9206994244033382, 0.9349727841034551, 0.8895734775715654, 0.3246087226797998, 0.6491000039209398, 0.7304876011660628, 0.694764256080667, 0.7382315592499372, 0.793129580552887], "val_source_mve_loss": [-0.2395909679464147, 0.056379721464612814, -0.15734413105852996, -0.28186604795576653, -0.34052476513234875, -0.2800645375553566, -0.21682348055175588, -0.20292311265498778, -0.19314880584236943, -0.1272830209117147, -0.21073295543842677, -0.20163406469399417, -0.32690510229219366, -0.2424440823401077, -0.2638898201381104, -0.3306485056122647, -0.34562941631184346, -0.3541278850428666, -0.3583762509913384, -0.35985300246673296, -0.35877090579346765, -0.35565266956256913, -0.34685706526418275, -0.3108814784997626, -0.26868063739583464, -0.11537673456382148, -0.12772277120170714, -0.12372180093315584, -0.10713016581308993, -0.36453493863721437, -0.3614898452275916, -0.2975205262250538, -0.10010971468460711, -0.09403859616457662, -0.35688354697408553, -0.11622505757627608, -0.09103329555143284, -0.36309519372408905, -0.3636626703075216, -0.3457206498972977],