{"train_DA_loss": [0.06931513827804892, 0.08861873465397785, 0.22402319400630877, 0.25127046453124646, 0.2318300693355487, 0.16739002691489904, 0.2016522716424365, 0.21249908933473896, 0.15561399006810878, 0.12083331051485194, 0.11900857974940288, 0.13013399528574465, 0.14091553292501124, 0.132189537083536, 0.1292757241692142, 0.2256748641430787, 0.27289985681473666, 0.22731655536447626, 0.2361927755735474, 0.30198414277768876, 0.2976587131973594, 0.24443975878263086, 0.2537331869331967, 0.25506834179108495, 0.2906487510561725, 0.2442618420507616, 0.3442377004588544, 0.4930602282667073, 0.33703354562222415, 0.34510525396362735, 0.3579096985364527, 0.3792966827613998, 0.39063693602080757, 0.4012277562178031, 0.3928055248923014, 0.4741266855809981, 0.4500487344901348, 0.41211121043077986, 0.4259297460916927, 0.350431383527829], "train_regression_loss": [0.11984800390041071, 0.026439917975290928, 0.03098010057600477, 0.061315918007569296, 0.026930559198397604, 0.01670629004871224, 0.01673900790025618, 0.011806139361515124, 0.013171363188638275, 0.010500314533948844, 0.00884818308177988, 0.008141014026903584, 0.006604219588044166, 0.00830648236923342, 0.007491952161197389, 0.007110362243370393, 0.006524725586867174, 0.0053612375623415445, 0.00386920169896533, 0.0051334337156838045, 0.004102894426383064, 0.00328485844478052, 0.0030131626644783007, 0.0028759938265900155, 0.00402401237756225, 0.003708824563654007, 0.0052011228606855696, 0.004072433769816986, 0.004357595268255559, 0.002210162139678173, 0.0018209336826516488, 0.0020293419305115966, 0.0013379645028400151, 0.0013751288599477675, 0.00451967826143326, 0.003778705120144558, 0.009523519955641867, 0.003058029468540763, 0.0016523157024008633, 0.004476918799651981], "train_mve_loss": [-0.18674968520496074, -0.22291415309536883, -0.2364360930149527, -0.1765243264683054, -0.2823996065112965, -0.27453884030172987, -0.24921351806064845, -0.22670681783469765, -0.303757348583102, -0.2565091458682168, -0.2400049827175668, -0.19601701324638762, -0.20491668894560072, -0.334415054353979, -0.26853158971945157, -0.31703108524600593, -0.33639003330981276, -0.20328985497192012, -0.2517236928903316, -0.25773187568734723, -0.21009866722350365, -0.21776191548357499, -0.23797546370700684, -0.3462522780655507, -0.26746247885867924, -0.2512187110685779, -0.22242528043169754, -0.3451354635208573, -0.3584031804824006, -0.3639540655412447, -0.3249147714846095, -0.13980458957063105, -0.1541287501289814, -0.11381469119401474, -0.23943922070742088, -0.25175028115892323, -0.3098410390031403, -0.2620191947579166, -0.19664642452458142, -0.34135679419831777], "train_r2_score": [0.6355256974334411, 0.9198217807676404, 0.9059302592989418, 0.8156488933236898, 0.9184273599356734, 0.949441035670435, 0.9491677511366122, 0.964149286264253, 0.9598843591272459, 0.9681395861106673, 0.9731088097578214, 0.9752027034184451, 0.9799667967907997, 0.9747685340071047, 0.9773010955876444, 0.9784099438370163, 0.9802162304471648, 0.983747755061214, 0.9881911338462097, 0.9844008552995819, 0.9875245681488807, 0.9900563059691128, 0.9908635568629933, 0.9912600010287824, 0.9877546157519554, 0.9887335517690371, 0.9842748251290097, 0.9877196852384827, 0.9868181334321593, 0.9933010297774445, 0.9944712485923276, 0.9938570189879812, 0.9959443269313752, 0.9958276963119754, 0.9863150890526203, 0.9885763053817989, 0.9711146491940833, 0.9907096069791215, 0.9949911504562021, 0.9865152460984862], "val_source_regression_loss": [0.0178539437607308, 0.03843826534155803, 0.025954048137498808, 0.0320249066181198, 0.03092448677443251, 0.011624712520573713, 0.013022541893716854, 0.010717128668734921, 0.011753385827605482, 0.008361560569580975, 0.009482030774454904, 0.005540044094093993, 0.006727797332915324, 0.009813393153768928, 0.005041394005470638, 0.00631033047397114, 0.007490453375149754, 0.004115789282854788, 0.0241244885174534, 0.0030990142369336344, 0.0076619698430258265, 0.001959958437924521, 0.0030138474709318973, 0.0035671175257125987, 0.003889814025097633, 0.0022027881379840493, 0.004412355381830395, 0.023199395146928255, 0.002492072706146142, 0.002409467883290181, 0.0017762837851938757, 0.0014715951387004197, 0.002171226643037664, 0.0011084604274505113, 0.001538160752174975, 0.0027846832718417236, 0.007766704357971874, 0.0017914332661636268, 0.0011320042938194415, 0.002518874607815207], "val_target_regression_loss": [0.019382382271504853, 0.08843900150136103, 0.0813235532067999, 0.07153678270457667, 0.06476611245565023, 0.05096858742210684, 0.01982493099721172, 0.019546550014822542, 0.03615591505283042, 0.021129861108581477, 0.023081559711430645, 0.015062643663038182, 0.027504568153261383, 0.04122415359450292, 0.038014890673228455, 0.1540129339746848, 0.16334858557940285, 0.08255502444845211, 0.20685783250233794, 0.11541326860366743, 0.07137838037849605, 0.06864809862609152, 0.029805680795843843, 0.05146426762913978, 0.02775822987756397, 0.06370747202559363, 0.35605880731268774, 0.2728863841370691, 0.2140693672095673, 0.22522239236137534, 0.18174634902160378, 0.18652704886243313, 0.18762422678402707, 0.22600894817445852, 0.16073290451983863, 0.12611018088233622, 0.21295658522580244, 0.20394504574846617, 0.16986320285668857, 0.2180273037733911], "val_source_r2_score": [0.945112122857295, 0.8816873926684041, 0.9205989127289734, 0.9024520938482026, 0.9056946454112342, 0.9644813460928515, 0.9599526738275499, 0.9671428797840786, 0.964127842234371, 0.9744705782507435, 0.9709719154387483, 0.9829263652368996, 0.9793181949455702, 0.968934387978398, 0.9845820303823869, 0.9806977594298155, 0.9770550982854659, 0.9873720683122357, 0.9258917231561751, 0.9905008290642497, 0.9764584187084954, 0.9939791102214394, 0.9908179379202173, 0.9890589669735763, 0.987938430015213, 0.9932703034128277, 0.9864119463858471, 0.9289049592822445, 0.9923416585549649, 0.9926307076170959, 0.9945239548748463, 0.9954793969148179, 0.9933377487697655, 0.9965932537560923, 0.9951875633964434, 0.9914891437885707, 0.976027706731994, 0.994500308187505, 0.996518473778206, 0.992262543223714], "val_target_r2_score": [0.9424383615055912, 0.7376983393065291, 0.7579182078871705, 0.7878556449940426, 0.8076734821180259, 0.8481361593912192, 0.9406233944331838, 0.9419708810051809, 0.8918367383238208, 0.9365762193489376, 0.9316115083582142, 0.9539148954885733, 0.9188316716053025, 0.8773505922150384, 0.8864241318131469, 0.5384062105190155, 0.511881017712618, 0.7542072568130882, 0.3879699711024377, 0.6610636799315395, 0.78778214177167, 0.7952598529825103, 0.9101711561409537, 0.8468316556177229, 0.9163503024320195, 0.8092013249497135, -0.0602614425232194, 0.19036766834976968, 0.3634375370466716, 0.3305697701168307, 0.4594818517976887, 0.4447616697516062, 0.4399262996348963, 0.32623754189916326, 0.5216687491960429, 0.6240578800098602, 0.3664758846894504, 0.39537993859555215, 0.4939667938911968, 0.348215313727292], "val_source_mve_loss": [-0.32860828426819816, -0.22063316423681717, -0.28615884803518465, -0.1839475107343891, -0.32704333904423294, -0.13216810607457463, -0.1919983152913142, -0.28415353388725956, -0.33827314120304736, -0.191031663289553, -0.28249955894071843, -0.1747473998914791, -0.35689882047568694, -0.3371299980561944, -0.20394450652448437, -0.3565490736237055, -0.2639736797236189, -0.184076254880881, -0.30554297755036175, -0.14019044781032997, -0.35367263683789896, -0.10295295621020885, -0.3637289359599729, -0.3212483664856681, -0.18874222606043273, -0.14034764996812313, -0.36185938798928563, -0.33615568732913537, -0.36348279027999203, -0.36022260521031635, -0.2961324121378645, -0.10156980109742925, -0.020293105393648148, -0.31605768015113056, -0.09897688832841342, -0.36009811449654494, -0.34952213907543617, -0.3530164625071272, -0.09812289051994492, -0.35963881355297717],