{"train_DA_loss": [0.06931513827804892, 0.08861873465397785, 0.22402319400630877, 0.25127046453124646, 0.2318300693355487, 0.16739002691489904, 0.2016522716424365, 0.21249908933473896, 0.15561399006810878, 0.12083331051485194, 0.11900857974940288, 0.13013399528574465, 0.14091553292501124, 0.132189537083536, 0.1292757241692142, 0.2256748641430787, 0.27289985681473666, 0.22731655536447626, 0.2361927755735474, 0.30198414277768876, 0.2976587131973594, 0.24443975878263086, 0.2537331869331967, 0.25506834179108495, 0.2906487510561725, 0.2442618420507616, 0.3442377004588544, 0.4930602282667073, 0.33703354562222415, 0.34510525396362735, 0.3579096985364527, 0.3792966827613998, 0.39063693602080757, 0.4012277562178031, 0.3928055248923014, 0.4741266855809981, 0.4500487344901348, 0.41211121043077986, 0.4259297460916927, 0.350431383527829, 0.34778346886800454, 0.34912117547483285, 0.34672865429569644, 0.33667504384269226, 0.2571522338789167, 0.2509346116449977, 0.24732795360428322, 0.2566036198158805, 0.2719723845966555, 0.28714514876523445, 0.29240980471945766, 0.2774619375656902, 0.27229530627156523, 0.2838788006652208, 0.2842958980330166, 0.2686540829034784, 0.28879011001512817, 0.31413330178592064, 0.29764908928104034, 0.2818528035931439], "train_regression_loss": [0.11984800390041071, 0.026439917975290928, 0.03098010057600477, 0.061315918007569296, 0.026930559198397604, 0.01670629004871224, 0.01673900790025618, 0.011806139361515124, 0.013171363188638275, 0.010500314533948844, 0.00884818308177988, 0.008141014026903584, 0.006604219588044166, 0.00830648236923342, 0.007491952161197389, 0.007110362243370393, 0.006524725586867174, 0.0053612375623415445, 0.00386920169896533, 0.0051334337156838045, 0.004102894426383064, 0.00328485844478052, 0.0030131626644783007, 0.0028759938265900155, 0.00402401237756225, 0.003708824563654007, 0.0052011228606855696, 0.004072433769816986, 0.004357595268255559, 0.002210162139678173, 0.0018209336826516488, 0.0020293419305115966, 0.0013379645028400151, 0.0013751288599477675, 0.00451967826143326, 0.003778705120144558, 0.009523519955641867, 0.003058029468540763, 0.0016523157024008633, 0.004476918799651981, 0.0019447225569730363, 0.0015229482986492664, 0.0022457027763138496, 0.004670593629197866, 0.0032482551326941177, 0.0019618519162588927, 0.0015634470181905714, 0.0011824395246224876, 0.0009426962248206315, 0.0058526380608089, 0.0014384090294933774, 0.0014083270698409507, 0.0009234424209489506, 0.0017352499176536975, 0.001079943504608432, 0.003003858431868963, 0.002112720264790161, 0.0027606462475790947, 0.0066650207888699345, 0.0020630674113619944], "train_mve_loss": [-0.18674968520496074, -0.22291415309536883, -0.2364360930149527, -0.1765243264683054, -0.2823996065112965, -0.27453884030172987, -0.24921351806064845, -0.22670681783469765, -0.303757348583102, -0.2565091458682168, -0.2400049827175668, -0.19601701324638762, -0.20491668894560072, -0.334415054353979, -0.26853158971945157, -0.31703108524600593, -0.33639003330981276, -0.20328985497192012, -0.2517236928903316, -0.25773187568734723, -0.21009866722350365, -0.21776191548357499, -0.23797546370700684, -0.3462522780655507, -0.26746247885867924, -0.2512187110685779, -0.22242528043169754, -0.3451354635208573, -0.3584031804824006, -0.3639540655412447, -0.3249147714846095, -0.13980458957063105, -0.1541287501289814, -0.11381469119401474, -0.23943922070742088, -0.25175028115892323, -0.3098410390031403, -0.2620191947579166, -0.19664642452458142, -0.34135679419831777, -0.36091616782453423, -0.3628023698299415, -0.36284585615834547, -0.2948413726752811, -0.34833963882770574, -0.32561074412501056, -0.1890525462640487, -0.10725785027065704, -0.093698152880673, -0.2560845342357481, -0.3515503928473924, -0.23675960069777652, -0.13700848708177835, -0.2766595234246533, -0.35315850306254637, -0.3334849044217488, -0.3176459224666494, -0.3381887067320469, -0.23541182879072492, -0.16389895218272968], "train_r2_score": [0.6355256974334411, 0.9198217807676404, 0.9059302592989418, 0.8156488933236898, 0.9184273599356734, 0.949441035670435, 0.9491677511366122, 0.964149286264253, 0.9598843591272459, 0.9681395861106673, 0.9731088097578214, 0.9752027034184451, 0.9799667967907997, 0.9747685340071047, 0.9773010955876444, 0.9784099438370163, 0.9802162304471648, 0.983747755061214, 0.9881911338462097, 0.9844008552995819, 0.9875245681488807, 0.9900563059691128, 0.9908635568629933, 0.9912600010287824, 0.9877546157519554, 0.9887335517690371, 0.9842748251290097, 0.9877196852384827, 0.9868181334321593, 0.9933010297774445, 0.9944712485923276, 0.9938570189879812, 0.9959443269313752, 0.9958276963119754, 0.9863150890526203, 0.9885763053817989, 0.9711146491940833, 0.9907096069791215, 0.9949911504562021, 0.9865152460984862, 0.9940963681619149, 0.9953859395023833, 0.993191687165302, 0.9857897513815745, 0.9901312446554987, 0.994041037205864, 0.9952610896119259, 0.9964024275410279, 0.9971350329842391, 0.9823235868003636, 0.9956363985726427, 0.9957147373848704, 0.9971990486232982, 0.9947425541678147, 0.9967245467585842, 0.9907866075858724, 0.9935982255894162, 0.991634266390137, 0.9797274540505572, 0.9937308430015533], "val_source_regression_loss": [0.0178539437607308, 0.03843826534155803, 0.025954048137498808, 0.0320249066181198, 0.03092448677443251, 0.011624712520573713, 0.013022541893716854, 0.010717128668734921, 0.011753385827605482, 0.008361560569580975, 0.009482030774454904, 0.005540044094093993, 0.006727797332915324, 0.009813393153768928, 0.005041394005470638, 0.00631033047397114, 0.007490453375149754, 0.004115789282854788, 0.0241244885174534, 0.0030990142369336344, 0.0076619698430258265, 0.001959958437924521, 0.0030138474709318973, 0.0035671175257125987, 0.003889814025097633, 0.0022027881379840493, 0.004412355381830395, 0.023199395146928255, 0.002492072706146142, 0.002409467883290181, 0.0017762837851938757, 0.0014715951387004197, 0.002171226643037664, 0.0011084604274505113, 0.001538160752174975, 0.0027846832718417236, 0.007766704357971874, 0.0017914332661636268, 0.0011320042938194415, 0.002518874607815207, 0.0016600747336338781, 0.0015203166352231292, 0.003513555605365317, 0.00538348549198878, 0.002326765242091651, 0.0017043368999928802, 0.0014129139776223728, 0.0020992881485815103, 0.0009560212706616503, 0.002264911468034681, 0.0012492951406519624, 0.0012222327501218342, 0.0008400276257609359, 0.0013877721577057545, 0.0010248154196947153, 0.0019644638818181767, 0.0026352959139791282, 0.0017014630757790955, 0.0024544665740237016, 0.0014697561730170929], "val_target_regression_loss": [0.019382382271504853, 0.08843900150136103, 0.0813235532067999, 0.07153678270457667, 0.06476611245565023, 0.05096858742210684, 0.01982493099721172, 0.019546550014822542, 0.03615591505283042, 0.021129861108581477, 0.023081559711430645, 0.015062643663038182, 0.027504568153261383, 0.04122415359450292, 0.038014890673228455, 0.1540129339746848, 0.16334858557940285, 0.08255502444845211, 0.20685783250233794, 0.11541326860366743, 0.07137838037849605, 0.06864809862609152, 0.029805680795843843, 0.05146426762913978, 0.02775822987756397, 0.06370747202559363, 0.35605880731268774, 0.2728863841370691, 0.2140693672095673, 0.22522239236137534, 0.18174634902160378, 0.18652704886243313, 0.18762422678402707, 0.22600894817445852, 0.16073290451983863, 0.12611018088233622, 0.21295658522580244, 0.20394504574846617, 0.16986320285668857, 0.2180273037733911, 0.21690140787181975, 0.22191550313860556, 0.23834697694718082, 0.1815076417560819, 0.1401961244454112, 0.12953085805984993, 0.1104976676310165, 0.10920582240140891, 0.09481226817905149, 0.08719216291851635, 0.09604549664956859, 0.08846902833143368, 0.10737871048571188, 0.11931867550917064, 0.11497060544317282, 0.1843158541412293, 0.25022604231592976, 0.2513284085766424, 0.13088933104955697, 0.13747729163003874],