{"train_DA_loss": [0.14272986125657283, 0.12378905417305677, 0.11683272814524566, 0.109345543469001, 0.10528767954428736, 0.10257059976908037, 0.10303742133789241, 0.09893423287194543, 0.09572636666052194, 0.09679773571803975, 0.09392108684797283, 0.09194745912371541, 0.09351637221573149, 0.09215048944042958, 0.09175447963001088, 0.09101561430017625, 0.08988086505362278, 0.08576520127661431, 0.09089208930948753, 0.08801090148647045, 0.08757156108112724, 0.08845529825830155, 0.0885821879863521, 0.08638785102522134, 0.08652664045079643, 0.08663160090676936, 0.08678840010186872, 0.08710717448327943, 0.08591833848921647, 0.0837786079501866, 0.08620379287987893, 0.08624132331018038, 0.08556279456293997, 0.08402602390898647, 0.0852047857510052, 0.08572622148875127, 0.08396293091122912, 0.08168900454965108, 0.08178179854121898, 0.08151751171313976, 0.08094488946513241, 0.07739089176031527, 0.07511288680858107, 0.06716983596976485, 0.0593439789039425, 0.05612152742334323, 0.05259080724773666, 0.04976161048871889, 0.047423593539887635, 0.04471295612644561], "train_regression_loss": [0.04692833568437716, 0.03498517821748933, 0.02846064888046445, 0.024134335432446797, 0.021310739255368954, 0.019156099992618646, 0.017212141025556044, 0.016387079037484157, 0.015281488021181885, 0.014574282087123453, 0.014045770160455454, 0.013330454999620139, 0.012857240882031348, 0.012565223400317595, 0.012364026501057992, 0.0119678912402541, 0.01190604424547622, 0.011543161365147374, 0.011245938328050513, 0.011076140890010314, 0.010917297247763198, 0.01068940247392871, 0.010381341458534928, 0.010263429372571409, 0.01015301295803005, 0.00998301160376233, 0.010172546061413053, 0.009919689389344108, 0.009758003840096962, 0.009540861793002028, 0.009479497029008497, 0.009385129824617854, 0.009452713950336238, 0.009446509694723137, 0.00940326907139074, 0.009624528509208854, 0.009531182621757226, 0.00954300498056108, 0.009467103800113216, 0.00968226757802076, 0.009574397007374594, 0.009798959410073443, 0.010338969827055849, 0.010947037759786931, 0.011273990876009003, 0.011564169044162008, 0.01163372027830747, 0.011712911188469644, 0.011870819813073008, 0.011760658347447977], "train_r2_score": [0.9052800901175018, 0.9292384227645417, 0.9425619415359605, 0.9510327296583225, 0.9569851408653587, 0.9612627365780972, 0.9650838354818949, 0.9667636222549659, 0.9689611513934169, 0.9704575469248409, 0.9716502742573572, 0.9729794428111461, 0.9739886753825991, 0.9745735788966113, 0.9750004661053148, 0.9756974143368167, 0.975788934585719, 0.9765217607755748, 0.9773099705943308, 0.977565469259837, 0.9778933720280857, 0.9783193297620794, 0.9790471528440425, 0.9792508319507948, 0.9794103811568999, 0.9797850283017181, 0.9793151799154713, 0.9799703943015031, 0.9802624297243199, 0.9806517978636305, 0.9807322447499452, 0.9809710478403213, 0.9808468729171823, 0.9808693587582388, 0.9809111390095013, 0.9805004399339583, 0.9806915033232368, 0.9807798270109304, 0.9807062219469835, 0.9802889581720002, 0.9805445552770694, 0.980137192178218, 0.9790006275328434, 0.9777550862061312, 0.9770916341821123, 0.9765153552114978, 0.9762727424014347, 0.9762851524427334, 0.9758902731490611, 0.9762281618782711], "val_source_regression_loss": [0.03712606276415146, 0.02892304299055201, 0.024360386868286284, 0.022078832065698446, 0.01994991427062044, 0.016903694274176838, 0.0154335813383293, 0.015195734425192805, 0.014922674445755733, 0.013177732168845121, 0.01274803629928049, 0.014171382774165861, 0.012109555022280876, 0.01270577235141425, 0.012108261305482903, 0.013344074958330317, 0.012728230244699558, 0.010869104530852122, 0.010573367806222693, 0.011464043161505537, 0.011346571719878988, 0.01151464362539778, 0.011069271855863037, 0.011535546146214578, 0.010134374197857206, 0.009550040645619772, 0.009478699356602257, 0.009441045403575443, 0.009184303331621893, 0.009122982692376823, 0.009190790693329018, 0.009247540131472288, 0.010319087749264043, 0.010864398203446132, 0.009174997397775577, 0.008844927467915948, 0.010242369835662424, 0.009348168423411194, 0.009596147694607165, 0.008955225097845979, 0.009441626317514355, 0.01015405648144757, 0.010546567345595663, 0.010714829321001556, 0.010798510398336087, 0.011222414209679434, 0.01134774880187147, 0.010902221365030974, 0.012354886524118246, 0.010782152174076267], "val_target_regression_loss": [0.18804930833874234, 0.16305188260450484, 0.1509633416155721, 0.13610129587494643, 0.12928297240168427, 0.12247206944568902, 0.11887512458073106, 0.1111149580757709, 0.11077111650993869, 0.11065191229817214, 0.10934578591756, 0.11195214678812179, 0.10770732119299803, 0.10755434160114853, 0.1074588171734362, 0.11119948666851232, 0.10629572662388444, 0.110449122442941, 0.11168403961476248, 0.11353084720244074, 0.11500812030047368, 0.12025804573278519, 0.11729423640070448, 0.12006666645360221, 0.11592467973946007, 0.11513609318121983, 0.11496125906705856, 0.11777687870013485, 0.11758085195520881, 0.1210863526530896, 0.11555461217738261, 0.1164386905492491, 0.12085273036151935, 0.11606319596290968, 0.11401907874235681, 0.11653600267733738, 0.11613430643964345, 0.11572702449693043, 0.11799315996705347, 0.11161965414122411, 0.10893735026193273, 0.1106209532612828, 0.11188114554306884, 0.11128458256127348, 0.11274317167936616, 0.11051585254775491, 0.11112885760843375, 0.11022467242114863, 0.10386510285886989, 0.09983236368769294], "val_source_r2_score": [0.9222122763971021, 0.9401418335677142, 0.9497722495565516, 0.9543924944701301, 0.9587548489589238, 0.9652922086287246, 0.9681843274081968, 0.9684015194927945, 0.9688007355836247, 0.9731166618802789, 0.9737704569968808, 0.9705465280680279, 0.9748408751007938, 0.9739769096088869, 0.9750130353737996, 0.9724925384263932, 0.9739616195796118, 0.9773562012647891, 0.9781482607113563, 0.9764388875821214, 0.9765966751319305, 0.9763134289279433, 0.9772271567082413, 0.9760483158965301, 0.9793158049759374, 0.9802116943601439, 0.9801746695293153, 0.9804155991475453, 0.9808254388014674, 0.9811446376316902, 0.9810192477036828, 0.9809607546169637, 0.9785643726116001, 0.9772824290145159, 0.9810582174465086, 0.9813957190414732, 0.9787085720314812, 0.9806616640376807, 0.9799593281438513, 0.9811384962991125, 0.980077581853775, 0.9790981826347155, 0.9782262139752095, 0.9774240792447829, 0.977484910774422, 0.9767574425175464, 0.9765408391942496, 0.9774019601729069, 0.974239666780491, 0.9777766417639593], "val_target_r2_score": [0.6288491478483982, 0.6742577081693152, 0.7018968237608062, 0.7322621883302619, 0.7457813552564149, 0.7589799484249685, 0.7646448114802642, 0.7810945457119075, 0.7801502667850134, 0.7808485857379862, 0.7829441544913546, 0.7792596985026319, 0.7879496793992226, 0.788948950308705, 0.7875561573623417, 0.7807200319355755, 0.7888231449652463, 0.7783992261091699, 0.7814774275364964, 0.7784819639406476, 0.77100830023372, 0.7607102414153044, 0.7689273901967504, 0.7601673289427656, 0.7711414786769862, 0.7725051007873486, 0.7733236887350228, 0.7656508601746235, 0.7676061124904786, 0.7599769567288018, 0.7734236288693391, 0.7690642959839218, 0.7592097329904338, 0.7702295430203797, 0.7784222396007199, 0.7665602111244499, 0.7701770097888111, 0.7723052636795545, 0.7667275031891344, 0.7812699948610311, 0.7843218542282289, 0.7785400183653653, 0.7809467384411282, 0.7819744759826094, 0.7779663597647505, 0.7792941962906409, 0.7810465738867226, 0.7812577793101038, 0.79511923421923, 0.8060013939691753], "epoch_no": 50}