{"train_DA_loss": [0.37680824878719216, 0.22383284872530584, 0.18670142710317858, 0.1698120926154379, 0.15840967000892872, 0.15291697709690064, 0.14879809108169467, 0.14281822589159665, 0.1358467372342045, 0.13244983416316278, 0.13177528435286046, 0.1272750902696218, 0.12350811690119329, 0.12331681322626484, 0.12135277309844873, 0.11937160449446446, 0.1183172321488478, 0.11688555430763928, 0.11476731849953505, 0.11540348944977825, 0.11544185011925165, 0.1148205551998162, 0.11420525203865886, 0.11629618538485693, 0.11652850009623568, 0.11652234690417101, 0.11610406191791434, 0.1163066877375682, 0.11618518815724897, 0.11600377122910738, 0.1139284690784144, 0.11522946952820041, 0.11641230581284005, 0.11543802897934503, 0.11593554891523321, 0.11504193210814291, 0.11633006225883198, 0.11825476369566848, 0.11656322673480733, 0.11756764790230521, 0.11577450773479515, 0.11805833379654605, 0.12026859661887725, 0.12378737445532513], "train_regression_loss": [0.9860725182311191, 0.10997388812064635, 0.07043550276560147, 0.05521077089440724, 0.04849861567359847, 0.04529416914075831, 0.04353608977189202, 0.042182597367457324, 0.0400576670568988, 0.03843439491618922, 0.037879173203764764, 0.035508390997027406, 0.034199368739006884, 0.03225266816727885, 0.031426431859760004, 0.031655042496947415, 0.03523718257106064, 0.03181228705322612, 0.03205694298479549, 0.035569191677070185, 0.03352842470324535, 0.031459840546639625, 0.030407269702376408, 0.03469295790878685, 0.03324527300509473, 0.03352270256029868, 0.030756292183640017, 0.030493365577720036, 0.03026298924402029, 0.029817332303359204, 0.03074077383565701, 0.030893569229037878, 0.030737787404249147, 0.03053441104841788, 0.032417823059971304, 0.033107523682954595, 0.029978288098372913, 0.02811923553704044, 0.027955215368113417, 0.028078790514438772, 0.034455556265832736, 0.04610409831944887, 0.04108929496013323, 0.031136440308985915], "train_mve_loss": [0.4409055550305183, -0.08277496284212733, -0.09305911539956736, -0.0891815819275281, -0.10458811182806257, -0.11469192480263207, -0.09882943689486036, -0.10347909905004504, -0.10582096792989065, -0.12184196901362955, -0.11036862277338993, -0.13037787573505705, -0.10201447377052887, -0.11803655643731192, -0.09186739046330916, -0.10010570672492222, -0.09638647962501187, -0.07247487291816275, -0.11676109871287342, -0.08732481261841285, -0.08836977670762614, -0.057485047440083745, -0.10449761322357265, -0.016348939839115458, -0.061125694156898495, -0.12994490581576523, -0.030976598547734116, -0.10862633665441322, 0.016085962119633146, 0.08419270508529336, -0.012479231200798992, 0.15125132752224885, 0.10565587633222995, -0.061931498604103026, 0.13812148876375838, 0.5406936984781646, 0.9384223846565435, 0.8682528101520739, 0.4710008515244251, -0.022361523713541966, 1.379238522882272, 0.9290965927792015, 0.9957892371318601, 0.33726383173468794], "train_r2_score": [-2.10786303880484, 0.6539966278271704, 0.7777523718716869, 0.8267205720625673, 0.8473290395459045, 0.8578751889798499, 0.8632870263878536, 0.8675173702276464, 0.8744117872051895, 0.8793368495548027, 0.8806567735546935, 0.8882614500443919, 0.8928396296974679, 0.8986855407305199, 0.9012574916348939, 0.900505122492935, 0.889460333697104, 0.9000220213450292, 0.899265532628163, 0.8881189072168226, 0.8944594002237481, 0.9011797837127663, 0.904376604673024, 0.8908150752462531, 0.8959589226380915, 0.8944286702580627, 0.9034125977573499, 0.9034247650019197, 0.9049086138173354, 0.9061088069513764, 0.9034952466526948, 0.903269077806635, 0.9036612991556277, 0.903975981113673, 0.897855196922646, 0.8959900961399375, 0.9058301354804777, 0.9112800523570472, 0.9122437448319756, 0.9116694185010139, 0.891616942355311, 0.8552570954004611, 0.871113945566552, 0.9019673975228665], "val_source_regression_loss": [0.1725409889866592, 0.0836979485810942, 0.0644252504916138, 0.05421421993642476, 0.050731629572191815, 0.049496000336044156, 0.04742449518459238, 0.044551427137984594, 0.042858780960843064, 0.042180934766675254, 0.041652930680970854, 0.038738051298887105, 0.03785966572820381, 0.034368227265632836, 0.0328933974894084, 0.03295964518099264, 0.035552441468758945, 0.034261771370983046, 0.035904438857724714, 0.03557422130730501, 0.034792702158640144, 0.033713930565270646, 0.03394095313136175, 0.035367665770849224, 0.03615814577313555, 0.035433969929055044, 0.033503330745704614, 0.033074264005301106, 0.03482070405653138, 0.03184674641675061, 0.03598941357177534, 0.03101806741824765, 0.03297714702785015, 0.04021470571399494, 0.030551370405325084, 0.03352300754516937, 0.031559040663158816, 0.03042716846747953, 0.02983700807627504, 0.028447877734330048, 0.030454320678855205, 0.05058915408885783, 0.034005864297935534, 0.03037299604339015], "val_target_regression_loss": [0.20086459938887577, 0.10860801803743005, 0.08442087120311276, 0.06880692129207265, 0.061630443942727174, 0.05830937239584649, 0.05501521154526313, 0.05275402270304929, 0.04945358203332515, 0.04822839600787421, 0.04486544137215538, 0.04312166055533916, 0.04118578306215394, 0.038360055215704215, 0.03774952058010041, 0.04099155360963314, 0.04067877417869249, 0.037828312320694044, 0.04117146241152363, 0.04047744325510445, 0.04121589400823329, 0.03755302324440259, 0.036138434176612055, 0.041101486155181936, 0.04051561064567346, 0.03975807508797782, 0.037581013361359855, 0.03802477906511468, 0.03590337742879322, 0.03648090129421585, 0.04173673819275988, 0.03578195128898332, 0.03822331174401341, 0.04368486897248751, 0.03533546214294472, 0.03570097830194007, 0.03444011195616168, 0.03260976585684119, 0.0328008201815615, 0.03200175734177516, 0.03230646049164852, 0.05092190618917441, 0.03366919489470637, 0.03144275455195813], "val_source_r2_score": [0.4593728893182058, 0.7324082383966738, 0.797080693949634, 0.8318014838400165, 0.8407267005746533, 0.8465890209253184, 0.8494417160844605, 0.8603796185397232, 0.8663012178267171, 0.868458319409434, 0.8714740524028974, 0.8787008100028675, 0.8744891586578999, 0.8919759812999508, 0.8972862090119537, 0.8952633251245921, 0.8895602559329603, 0.8941270347097923, 0.8869101353173331, 0.8873774128345361, 0.890312162691437, 0.8942912563673715, 0.8945388794598647, 0.8898255647752813, 0.8853224210267774, 0.8893638531255041, 0.8913796999819176, 0.8956900007338591, 0.8880388460903599, 0.9017916265897965, 0.8879514814662222, 0.9025039625893442, 0.8975656397778706, 0.8744182446436375, 0.9046389715202404, 0.8950377703738052, 0.9012460486130823, 0.9050367954076919, 0.9073292523642154, 0.9119157503368247, 0.9045424740760938, 0.8426981616767272, 0.8931954492507833, 0.9044282546814268], "val_target_r2_score": [0.3623467052372782, 0.6562178120587844, 0.7359130557910245, 0.7811441147726624, 0.803993086811696, 0.8169052640294078, 0.8268016373820054, 0.832580222726221, 0.8452496997005564, 0.8472982649001255, 0.858645674392595, 0.8648484573955403, 0.8702838999006943, 0.8789673221305605, 0.8803807585122502, 0.859961826014265, 0.870961760982222, 0.8809845229072016, 0.8694087476754203, 0.8724662644497211, 0.8699997110439588, 0.8813200141666508, 0.8842707718258292, 0.8689033497693935, 0.8725361010164991, 0.8733776168180197, 0.8799410634569672, 0.8786917141081464, 0.8853999812152318, 0.884297373104812, 0.8666710913277049, 0.8862046506778666, 0.8796409338745401, 0.8602014350922565, 0.8885184748349425, 0.8861719475629602, 0.8911427589670955, 0.8968203435735708, 0.8964877958011894, 0.8974935398492804, 0.8967788497971887, 0.8356417394334704, 0.8914295787383231, 0.89997073160841],