{"train_DA_loss": [0.3768220126247493, 0.22117339942256972, 0.1844041891995361, 0.16938062010833507, 0.16297570357211547, 0.16003082814529349, 0.1547194015323244, 0.15110201603125176, 0.14622454142276287, 0.14073161031008857, 0.14060013472243899, 0.1358008620889357, 0.1315247245282752, 0.1301351064846764, 0.12829489789399195, 0.1259122123597854, 0.12425107636252312, 0.12199313135671223, 0.11799727784132609, 0.11591241766836569, 0.11503870849254144, 0.11322895886284559, 0.11164116907108855, 0.11160105472290974, 0.1097649019790415, 0.10815528320179234, 0.10578853927784254, 0.10732073093027258, 0.10612069043097593, 0.10543651087805493, 0.10189062856491893, 0.10317559435051037, 0.10408271588998042, 0.10174246088106192, 0.10124285454764771, 0.09976527526280017, 0.10129913960462623, 0.10147226823177155, 0.10031460058386736, 0.10137455071402642, 0.09948469642924325, 0.09917009790416065, 0.0998519101134166, 0.10013146959313309, 0.099262867705178, 0.10007329734631387, 0.09940908150492028], "train_regression_loss": [0.9860499938660501, 0.10600176834291906, 0.06845624263396646, 0.05472096949100658, 0.0509908371562414, 0.048151215945304096, 0.04567380745127334, 0.04359851100940046, 0.04160847669463925, 0.0390699788676047, 0.038341283028642266, 0.036525176123799366, 0.034995013583192715, 0.034663905541138414, 0.033587497832692846, 0.032328529492824234, 0.031024014060530247, 0.02958408137485453, 0.028238836831670302, 0.027906300034374, 0.02711683179471485, 0.02542765001328815, 0.02375469131095563, 0.023252134521660382, 0.022768762576014102, 0.022802342632632207, 0.021598067103120646, 0.021279291171492017, 0.02036899550463766, 0.020474759632401453, 0.019922823551531466, 0.01923463645925783, 0.01893191795133844, 0.01960208814572441, 0.018580764635947874, 0.018991421943043495, 0.0190469948272689, 0.0183535982468174, 0.01772027049925335, 0.01724850905546663, 0.01754736490002825, 0.016677641838455277, 0.01680472083568532, 0.016767747451634687, 0.01713176530835234, 0.018616212876275236, 0.01745140984683371], "train_mve_loss": [0.4407293750888326, -0.08319992203839205, -0.08972898261345773, -0.10011089018033562, -0.09677906749409095, -0.11220173747491576, -0.09603588921366978, -0.10040730839489638, -0.09512186221356148, -0.1002612882761976, -0.11202096321723906, -0.09688463482930848, -0.09561105060069336, -0.10139781983707175, -0.10055827096928681, -0.1003738816783268, -0.09133926667596538, -0.10296798840044254, -0.08728836853247837, -0.1089798025331431, -0.07978208668970961, -0.079728765707715, -0.08128684841290498, -0.09689446990897495, -0.10071918508399727, -0.09386588010674775, -0.08127677704674112, -0.09848228718070705, -0.07880555573783618, -0.08651696028885086, -0.07724685763465189, -0.061426750398530426, -0.05304425808352502, -0.09214340322191267, -0.05731299772460211, -0.07474115919649527, -0.07178572538245803, -0.0015030917034772186, -0.04154397622968191, -0.05161421929172817, -0.12731383625806142, -0.019399139624501033, -0.0985055395786802, -0.07625281421929067, -0.017845441877562724, 0.07554020491999895, -0.015556238264133184], "train_r2_score": [-2.107808036230876, 0.6664280985656504, 0.7843090597322099, 0.8277127618567216, 0.8394982991851838, 0.8488594579879656, 0.8567354931551072, 0.8629023272035383, 0.8693448198244045, 0.87747168973085, 0.878971470347108, 0.885001051035751, 0.890223001688037, 0.8912031461664909, 0.8944321437877885, 0.8982995419288181, 0.9028011807748524, 0.9072142362176823, 0.9113357768744675, 0.9123558939144832, 0.914776242745809, 0.9201833570038577, 0.9254528101509826, 0.9269799078558288, 0.9289125830090744, 0.9285474874281902, 0.9320902582016922, 0.9326628176393188, 0.9360761356141168, 0.9357508193832024, 0.9375035432235661, 0.9399466381641073, 0.9406245001026821, 0.9384431121256929, 0.9415650575188037, 0.9402809206254535, 0.9404067743765202, 0.9419541137751323, 0.9443448183896384, 0.9457186781727961, 0.9446817174776153, 0.947971918736027, 0.9473673102245495, 0.9472741154924976, 0.9464032279151198, 0.9412664113981682, 0.94502946749865], "val_source_regression_loss": [0.17347592924525784, 0.07868388774478512, 0.061587778673430155, 0.05693309238050014, 0.05381334047456076, 0.05244798080366888, 0.04949866177122684, 0.04578765410526543, 0.04318894130907431, 0.04290250349481394, 0.042268154774881474, 0.03898763033757164, 0.03866000748150478, 0.03699547719732402, 0.03536931176189404, 0.03440428244626256, 0.03324689003075384, 0.03101699365670704, 0.03186616305688954, 0.030272030479209438, 0.0282722317145034, 0.028433179518409596, 0.025543770189308056, 0.02594047024324062, 0.026447595797099505, 0.02611970060332945, 0.027745884356747387, 0.02284972581442944, 0.0244344438805844, 0.021728433407605833, 0.022027918979952668, 0.021515803782352405, 0.021122997748268067, 0.02089479086315556, 0.02055028430927711, 0.02124399533435987, 0.020815192484504478, 0.021849514860185278, 0.01926414461533545, 0.019805697228901895, 0.018831972465820752, 0.01728071223582574, 0.018926630873280535, 0.01888989031931777, 0.017759048065562156, 0.02068006769593829, 0.019059363989883168], "val_target_regression_loss": [0.20152124136116853, 0.10387595788024034, 0.0777700560725039, 0.07238581907122758, 0.06505431073486426, 0.061714457632724644, 0.058519044274072736, 0.05409787366297215, 0.050118053889578316, 0.04893266484378629, 0.04546316293109754, 0.04339160338328902, 0.04296549167602685, 0.042438655771362556, 0.04060272111966731, 0.041473842991195664, 0.03783493633767602, 0.035152157733015194, 0.03740917903721143, 0.036281979452984725, 0.03351948298751169, 0.031955679967572356, 0.028864478680548394, 0.030500246253410343, 0.030737661359131717, 0.029994827481639234, 0.028321848980560425, 0.0273308723358212, 0.02638868593676075, 0.025384631464673076, 0.025550453977030554, 0.02522743625008756, 0.02399417848154238, 0.02383196158156653, 0.025149250628462263, 0.024283873549051534, 0.02383298360428233, 0.024392077420500053, 0.021724818588774297, 0.02565449895930423, 0.022478916803908764, 0.021797139423003622, 0.023778097211697678, 0.023047793822683346, 0.02150861024382008, 0.022140919545273873, 0.02133851516161375], "val_source_r2_score": [0.4564793434292149, 0.7488425081250099, 0.8053228866946348, 0.8230697773651624, 0.8307065416236872, 0.8372578479298369, 0.8427375101044237, 0.8561310581447347, 0.865033057234957, 0.8662237445343536, 0.8691731419131593, 0.8774495610166104, 0.8725879949114093, 0.8837150318591421, 0.8893601935554097, 0.8906498420455583, 0.896747909358109, 0.9041753178376915, 0.8994616624283841, 0.9042242966233482, 0.911226965629473, 0.9107522738087385, 0.919996053963414, 0.9190664448606918, 0.9160489154403172, 0.918442149806063, 0.9053537046374436, 0.9280539344673553, 0.9219170824498487, 0.9330935012978221, 0.9317695056703897, 0.9325415818940735, 0.9345036767981646, 0.9355616415023256, 0.9358926414799766, 0.9336564692862603, 0.9342322693673407, 0.9321797726772947, 0.9398476067908299, 0.9383351646733132, 0.9414088804711886, 0.9464026003397242, 0.9404156204095276, 0.9405796769434318, 0.9445555059378768, 0.9364442963593319, 0.9411273688505978],