{"train_DA_loss": [0.25042678176730165, 0.14713298438127123, 0.13444957173884023, 0.12945060081902543, 0.12813937406598758, 0.12471758841215147, 0.12462902861141635, 0.1288897653384444, 0.13031713666915348, 0.1291097342913504, 0.1317124664851582, 0.13114727812885585, 0.1318545597562842, 0.1333532514394528, 0.13297689618913958, 0.13306570742994384], "train_regression_loss": [0.2042502882776329, 0.04105184196155702, 0.03157679298364811, 0.026312185129596828, 0.02363141326376763, 0.0216010958948079, 0.020223287169155845, 0.019332297171433702, 0.018649585351817842, 0.018396521293621175, 0.018004916530013956, 0.018221553497210528, 0.01769513957554873, 0.018164303459370104, 0.0178675062467482, 0.017681985819402408], "train_r2_score": [0.35910786037883335, 0.870647894725133, 0.9007669578836625, 0.9171373966100437, 0.9254398283859986, 0.9319603519162613, 0.9361112383717888, 0.9387506274750826, 0.9411696540638521, 0.9415801722855055, 0.9429848037259942, 0.9423658269605747, 0.9441019967677906, 0.942391693150993, 0.9433468548622069, 0.9441870644844224], "val_source_regression_loss": [0.048445540865895094, 0.03549026582793445, 0.02765797737653658, 0.02433125315245929, 0.021712573787944903, 0.019711988337432883, 0.018758374432422172, 0.022198377215677197, 0.01908916898166678, 0.017906406722298474, 0.017924186186331095, 0.017994168668297256, 0.018926641275026617, 0.017577897606026027, 0.017996995754326416, 0.0167854743754598], "val_target_regression_loss": [0.08374834236255876, 0.054389523555803454, 0.041525258095401106, 0.036722244166881794, 0.03228793620090386, 0.0303622144659993, 0.027271605755208404, 0.02971475098021091, 0.027279587076965033, 0.02546345341096448, 0.026079911916593836, 0.02584187617039035, 0.024779123076160623, 0.02418114575349791, 0.024055856001225246, 0.024063146649414946], "val_source_r2_score": [0.8443961760461806, 0.8873728433135313, 0.9129077805495346, 0.9228156079897014, 0.9310024872691633, 0.9379534805879919, 0.9409196862553573, 0.9293538486446244, 0.9397123420084751, 0.9433497922300065, 0.9430592978902499, 0.942275847857673, 0.9392862984489045, 0.9433152477693034, 0.9423400957754458, 0.9463551656427169], "val_target_r2_score": [0.7348460792089038, 0.8265456784099555, 0.8667583877570121, 0.8823453159056095, 0.8966524912624331, 0.9029709870808879, 0.9132552391858804, 0.9045030030880218, 0.9129425188751273, 0.9185924530888511, 0.9169916299056269, 0.916926535232435, 0.9181057125393915, 0.9208687401097634, 0.9219960834696562, 0.923195073987006], "epoch_no": 16}