{"train_DA_loss": [0.4128406896261018, 0.3246482071454826, 0.29271764927960836, 0.27093486474244644, 0.2579708819361012, 0.24403314060877185, 0.23685810182386605, 0.23104308594624345, 0.22405277827322156, 0.2207936664304306, 0.21597340652613578, 0.21220966499346483], "train_regression_loss": [1.6599171386939735, 0.7572298898639147, 0.6048921322146978, 0.5036417865747725, 0.4391617144592501, 0.3946570434711424, 0.3614751193706471, 0.33646521029459275, 0.31340007748202825, 0.29483193589520845, 0.2754745834474699, 0.2601866759496045], "train_r2_score": [-0.3474307685184878, 0.4179089964289314, 0.5367566009576981, 0.6164895288351238, 0.6650461057059077, 0.7001323824538869, 0.7262393046012782, 0.7451765964508704, 0.7669179073339033, 0.7802306647985445, 0.7958306897750073, 0.8054428293278008], "val_source_regression_loss": [0.9571077859705421, 0.7242344670994266, 0.5991604707802937, 0.5040308307785137, 0.4610741339196825, 0.40251669667329, 0.3781640661560046, 0.3515497151358872, 0.33219324455709215, 0.30801101650591867, 0.2821062739202931, 0.284444910847837], "val_target_regression_loss": [3.0355686503610793, 2.450669459096945, 2.040427342721611, 1.9041547346266972, 1.8509240659179202, 1.6901164461093343, 1.655537542264173, 1.5386906818599457, 1.4867033328220343, 1.53444656976469, 1.449609056399886, 1.4031460850861421], "val_source_r2_score": [0.3190002400247431, 0.46195430451918157, 0.5731221336341322, 0.6414371962328203, 0.6825780068708376, 0.7110818963476477, 0.7347077894782424, 0.7555953479597592, 0.7613054199167044, 0.784705720276054, 0.8004636422294755, 0.7976002114344237], "val_target_r2_score": [-1.4623144818270033, -1.0095818966457222, -0.6449719819232905, -0.5618191383432917, -0.6227375748472357, -0.41701044630702233, -0.34367025109628524, -0.27985284060458215, -0.22081418801201705, -0.287364802878746, -0.24238268135880403, -0.17738685451209454], "epoch_no": 12}