{"train_DA_loss": [0.284103564441313, 0.22411683588620732, 0.20963261961610052, 0.20209229951366864, 0.19758716372728782, 0.1958708838718029, 0.19107068951158246, 0.19164389882652152, 0.18903633207082748, 0.1887895388075813, 0.1879521511508734, 0.18786062236187445, 0.18709158875606613, 0.1871378465506233, 0.18557121612853497, 0.1856411487354439, 0.1847929953575352, 0.18417514404333052, 0.18441989061710384, 0.1844582448984195, 0.18338723234164866, 0.1849302966181713, 0.1840082537212581, 0.18324242066421717, 0.18359277717483108, 0.18376434012784382, 0.18312665318876123, 0.18381892772599157, 0.18446029696811053, 0.18429066481875764, 0.18479063126243228, 0.1846916768189104, 0.18551153705967846, 0.1854497204097141, 0.18484645415867051, 0.18594710432142836, 0.18558811341877177, 0.18499004552089754, 0.184788802791884, 0.18698727177418564, 0.1849637731119745, 0.18475725627087153, 0.18605021076784273, 0.18604160620536403, 0.18650391775522196, 0.18602188050038637, 0.1857777009743659, 0.18641666110461982, 0.18657228602624246, 0.1878823060167773], "train_regression_loss": [0.6869783995220169, 0.34756723464461525, 0.27765936270301694, 0.23691695233231488, 0.20656590723522839, 0.18280356803694417, 0.16450642904018134, 0.1533775936532936, 0.14281893968309736, 0.1355236179554593, 0.127315623692528, 0.12265049695791558, 0.11869302408350887, 0.11385149862174578, 0.11072201571228081, 0.1064208825876497, 0.10405164577026035, 0.10137337149960249, 0.09909426503332922, 0.09709384178970915, 0.09483389996189685, 0.09337236292632994, 0.09184826352723774, 0.09040920199380278, 0.08987845134133068, 0.0893345710206811, 0.0878817971618727, 0.08756884378832262, 0.08715018364592324, 0.08642689052839819, 0.08650162793062559, 0.0862354529643571, 0.08563942830989195, 0.08615786781095282, 0.08608660929865276, 0.08593763805707913, 0.08609644922732598, 0.08618264984325855, 0.08716998508257938, 0.08773532714626635, 0.08804985335168226, 0.08755786563703957, 0.08779748424145323, 0.08994173443104929, 0.08968066891325022, 0.09065605806598824, 0.09242677222256306, 0.09364054231330671, 0.09404159649539147, 0.09519456908229391], "train_r2_score": [0.29801471843920885, 0.6440080438906658, 0.716523316631832, 0.7581234060864286, 0.7873495720722132, 0.8123031073033179, 0.8313571538337149, 0.842910200487165, 0.8531635898864967, 0.8605221968983512, 0.8693418329402058, 0.8742427665904634, 0.8772261683448573, 0.8833416421445979, 0.8863128246848749, 0.8907238479611975, 0.8934524423910937, 0.8959769896716739, 0.8975706141452083, 0.9001792376275634, 0.902443103615634, 0.9039861462512425, 0.9060959871970632, 0.9075562209950429, 0.9073005907045852, 0.9081042497231347, 0.9099842189090924, 0.9102997760948511, 0.9104675350914386, 0.9108591931996763, 0.911221947861491, 0.9116567431975336, 0.9120468139941766, 0.911367168408367, 0.9117480760242971, 0.9114922568936592, 0.9116807143160233, 0.9118668685210141, 0.9104227688531343, 0.9096835090777398, 0.9089759573097927, 0.9099277462895308, 0.9093705007186951, 0.9073819431959184, 0.9075812195304857, 0.9069602807811395, 0.9049060437380936, 0.9042094809692084, 0.903586440983057, 0.9021528061326], "val_source_regression_loss": [0.37953018790977017, 0.29872398348940404, 0.2594351410201401, 0.2174752636984655, 0.19584455118057834, 0.1774981534405119, 0.1638554927127756, 0.15293252869111718, 0.147804279378645, 0.13709973375413828, 0.13341728365345365, 0.12842845674722816, 0.1242695423970177, 0.11915333680571265, 0.11666324931629904, 0.11745787309897933, 0.10965341925146474, 0.11371601024156164, 0.10825649181463916, 0.1045726384659102, 0.1056728766412492, 0.10044750258041794, 0.10514970204442929, 0.10083358132155837, 0.09922333201690084, 0.09916667716138682, 0.0981343821236852, 0.09628590526189773, 0.09735974401330492, 0.0951683602894947, 0.09399500496353314, 0.09477407689307146, 0.09636728982826706, 0.09318655000845338, 0.09538893999567458, 0.09173221098389595, 0.09705903566187354, 0.09933122641341702, 0.0923362467793902, 0.09301387356107782, 0.09281738676652787, 0.09320730948524111, 0.09228534615675735, 0.0925555067599579, 0.09563126439928629, 0.09414978835518194, 0.09333723438251171, 0.10403498672660749, 0.09575886360019635, 0.1008278651839229], "val_target_regression_loss": [1.0330465090502599, 0.6455746228527871, 0.5396596879526309, 0.4663418035977965, 0.41599562469941037, 0.3965336630109009, 0.3920667474247088, 0.38791871203738415, 0.3670898412063623, 0.35131384233000934, 0.34260096984684085, 0.35342007609689313, 0.35039089306904253, 0.34149443268016644, 0.33152634958932353, 0.35240012222224737, 0.33352709006352027, 0.31899274942601563, 0.32126128929815473, 0.3178390686394303, 0.34407422625145334, 0.33196014564508086, 0.31597884151206657, 0.3183904873432627, 0.3265764998972036, 0.31855168184087534, 0.3372506730875392, 0.3130432323665376, 0.33392225120477614, 0.3305018558433861, 0.3112648363895477, 0.31570533591850547, 0.32275120572299715, 0.3114756487167565, 0.30901689988792325, 0.3225857706111708, 0.3390920450732966, 0.31366223939190246, 0.31820128540134734, 0.32833494877169844, 0.32998422941394673, 0.33207841155825146, 0.32880446466670676, 0.33542794914572105, 0.34619353388904767, 0.3494641237008344, 0.34212694388286324, 0.32286552325555473, 0.35980795556382766, 0.35293372421507624], "val_source_r2_score": [0.6038907946157115, 0.6923538335495265, 0.7318579207668565, 0.7767309544021125, 0.7968581041030813, 0.8137034901562609, 0.8279479181383217, 0.8396664991941969, 0.8463103405669227, 0.8570076812429087, 0.8609266439183892, 0.8680561517419613, 0.86928439027557, 0.8764229163151104, 0.8787973986930028, 0.8782194547102723, 0.8859924462320248, 0.8779589664380678, 0.8886313931872452, 0.8913215062568102, 0.8904165207440117, 0.8964053242843303, 0.8911187490610631, 0.894653753249872, 0.898253729227797, 0.8967085977043087, 0.8992152996261588, 0.9002967996881845, 0.898016100745204, 0.9010185970868084, 0.9022128499564371, 0.8999672220681214, 0.900789141616224, 0.9025714321517547, 0.9004021763872699, 0.9043671936075428, 0.8991610674880017, 0.8959700213746489, 0.9038624429674503, 0.9021919252123628, 0.90366241255995, 0.9026143916173532, 0.9050806735310247, 0.9029704261928195, 0.9014202634350869, 0.9017031698213672, 0.9029014404975217, 0.8917069614441017, 0.9000053599341102, 0.8951469147191212], "val_target_r2_score": [-0.04830700025779411, 0.3370362386306003, 0.45056660175430635, 0.5157068056570725, 0.5762295808170433, 0.5962062769017268, 0.5979146380835804, 0.5982325233508665, 0.6263847508419105, 0.6385300361544367, 0.6483083897852979, 0.6404796754343529, 0.6431604725839756, 0.6462869441253717, 0.6599606237298349, 0.6396030970221601, 0.6607357967031813, 0.6760388245933656, 0.6709125566402188, 0.6759857172079174, 0.6508420466097675, 0.663951493885533, 0.6718047760327812, 0.6788006002574586, 0.6620902852946561, 0.6754235184024295, 0.6539205361378865, 0.6785682182058403, 0.6602874563303232, 0.6650107432315311, 0.6797503426657375, 0.6779784047549088, 0.672869610737272, 0.6805552459265944, 0.6831303665220294, 0.6696196070151815, 0.6514722658329515, 0.6793345044965755, 0.6771588498995247, 0.6660801170140873, 0.6640281242650133, 0.6615604455663866, 0.6643789929014174, 0.6541193465134141, 0.6468365187700562, 0.64258385238401, 0.6485238640745381, 0.6710265523613707, 0.6282259855868044, 0.6418148416619802], "epoch_no": 50}